player,episode,country_or_team,level,competition_or_series,date,date_type,symptomatic_reported,sources,notes,collection
Aaradhya Yadav,1,India U19,international,Under-19 World Cup 2022,2022-01-19,test_date,unknown,https://www.espn.com/espn/print?id=33166642 https://www.espncricinfo.com/story/https%3A%2F%2Fwww.espncricinfo.com%2Fstory%2Fcovid-19-five-indian-players-including-yash-dhull-ruled-out-of-under-19-world-cup-game-against-uganda-1298239 https://www.espncricinfo.com/story/under-19-world-cup-bcci-sends-five-reserve-players-to-bolster-covid-hit-indian-squad-in-the-caribbean-1298284 https://www.thequint.com/sports/cricket/india-under-19-world-cup-squad-covid-positive-players-yash-dhull,"Positive rapid test; quote: Dhull, Aaradhya Yadav and Shaik Rasheed had all returned positive Rapid Antigen Tests (RATs) on Wednesday, while Manav Parakh and Vats had displayed symptoms of Covid-19 but returned negative RATs. | Positive RAT Wednesday; confirmed by fresh RT-PCR round; quote: They, along with Aaradhya Yadav , Manav Parakh and Siddarth Yadav have also been ruled out of India's last group-stage game, against Uganda, scheduled for Saturday. | Story says five players of the original squad tested positive this week; names listed as ruled out",2022H1
Aaron Jones,1,USA,international,Ireland tour of USA 2021-22,2021-12-21,announcement,unknown,https://www.espncricinfo.com/story/united-states-of-america-v-ireland-steven-taylor-aaron-jones-among-four-covid-19-positive-cases-in-usa-camp-1294023,"USA vice-captain.; quote: A string of Covid-19 positive tests in the USA squads for the two-match T20I and three-match ODI series against Ireland in Lauderhill has knocked out several core contributors - including Steven Taylor , their leading scorer in T20 cricket, and Aaron Jones , the vice-captain.",2021H2
Abdul Bangalzai,1,Pakistan U19,international,Under-19 World Cup 2022,2022-01-06,announcement,unknown,https://www.espncricinfo.com/story/_/id/33006681/pakistan-abdul-bangalzai-miss-u-19-world-cup-testing-positive-covid-19 https://www.espncricinfo.com/story/pakistan-s-abdul-bangalzai-to-miss-u-19-world-cup-after-testing-positive-for-covid-19-1295734,"Isolating in Dubai; replaced by Abbas Ali; read via Wayback; quote: Top-order batter Abdul Bangalzai has been ruled out of Pakistan's squad for the Under-19 World Cup after testing positive for Covid-19. | duplicate story 1295734 contains only CSS, no text",2022H1
Abid Ali,1,Pakistan,international,Pakistan tour of New Zealand 2020-21,2020-11-24,test_date,unknown,https://www.espncricinfo.com/story/_/id/30395214/pakistan-new-zealand-2020-21-new-zealand-director-public-health-takes-dim-view-pakistan-covid-breaches https://www.espncricinfo.com/story/_/id/30404454/new-zealand-vs-pakistan-one-more-member-pakistan-camp-tests-positive-covid-19 https://www.espncricinfo.com/story/new-zealand-vs-pakistan-one-more-member-of-pakistan-camp-tests-positive-for-covid-19-1240248 https://www.espncricinfo.com/story/pakistan-in-new-zealand-2020-21-new-zealand-director-of-public-health-takes-dim-view-of-pakistan-covid-breaches-1240058 https://www.nzherald.co.nz/nz/covid-19-coronavirus-the-pakistani-cricketers-who-tested-positive-hotel-rules-flouted/XDV3UDCF2ZAEVT62WFHZ3YJT5Y/,"Social-media identification only (see Sarfaraz); 2 of the 6 NZ positives were classed as historical infections; quote: Six players - Sarfaraz Ahmed, Rohail Nazir, Naseem Shah, Mohammad Abbas, Abid Ali and Danish Aziz - had returned positive results from the first tests conducted upon Pakistan's arrival in New Zealand on November 24. | Arrival tests in New Zealand; quote: Six players - Sarfaraz Ahmed, Rohail Nazir, Naseem Shah, Mohammad Abbas, Abid Ali and Danish Aziz - had returned positive results from the first tests conducted upon Pakistan's arrival in New Zealand on November 24. | Arrival tests in New Zealand; quote: Sarfaraz Ahmed, Rohail Nazir, Naseem Shah, Mohammad Abbas, Abid Ali and Danish Aziz returned positive Covid-19 tests after landing in New Zealand and the man behind New Zealand's successful quashing of the pandemic has warned further positive tests could emerge. | Tested on arrival in NZ; health official says at least four acute, two possibly historical (not specified which); quote: Sarfaraz Ahmed, Rohail Nazir, Naseem Shah, Mohammad Abbas, Abid Ali and Danish Aziz returned positive Covid-19 tests after landing in New Zealand and the man behind New Zealand's successful quashing of the pandemic has warned further positive tests could emerge. | Tested on arrival in NZ; health official says at least four acute, two possibly historical (not specified which)",2020
Abu Jayed,1,Bangladesh,,,2020-09-21,relative_to_published,unknown,https://www.espn.com/cricket/story/_/id/29951741/bangladesh-bowler-abu-jayed-tests-positive-covid-19 https://www.espncricinfo.com/story/_/id/29951741/bangladesh-bowler-abu-jayed-tests-positive-covid-19 https://www.espncricinfo.com/story/bangladesh-bowler-abu-jayed-tests-positive-for-covid-19-1233136,"quote: ""Pace bowler Abu Jayed Chowdhury Rahi has reported positive for COVID-19. | Round of tests conducted Monday; published Wed 2020-09-23. Full name Abu Jayed Chowdhury Rahi.; quote: Abu Jayed has become the latest Bangladesh cricketer to test positive for Covid-19, the update coming at the end of the latest round of tests conducted by the BCB on Monday. | Result from tests conducted Monday; published Wednesday 2020-09-23.; Only positive among the 27 players tested in the camp; tests were run on the Monday before (likely 21 Sep)",cricinfo_archive
Adam Zampa,1,Australia,international,Men's T20 World Cup 2022,2022-10-25,announcement_date,yes,https://gulfnews.com/sport/cricket/icc/t20-world-cup-australian-spinner-adam-zampa-catches-covid-19-1.91493432 https://www.skysports.com/cricket/news/12175/12731232/t20-world-cup-australias-matthew-wade-set-to-play-against-england-despite-testing-positive-for-covid-19,Minor symptoms; sat out the Sri Lanka match in Perth (confirmed by Sky); also confirmed on cricket.com.au,2022H2
Adnan Akmal,1,Pakistan (domestic),domestic,Quaid-e-Azam Trophy 2020-21,2020-12-02,report_date,unknown,https://www.espn.com/cricket/story/_/id/30442973/how-did-eight-members-pakistan-squad-test-positive-covid-19,"Tested positive 'a round later' than Bismillah Khan (round 3, early Nov); in quarantine in Lahore when reported; exact date not given",2020
Afy Fletcher,1,West Indies women,international,Women's World Cup 2022,2022-03-29,announcement,unknown,https://nationnews.com/2022/03/29/fletcher-miss-semi-final-testing-positive-covid-19/,Missed semi-final v Australia; replaced by Mandy Mangru,2022H1
Aiden Markram,1,South Africa,international,South Africa tour of India T20Is,2022-06-09,announcement,unknown,https://www.hindustantimes.com/cricket/aiden-markram-positive-for-covid-19-india-vs-south-africa-1st-t20i-101654780586223.html,Announced by Bavuma at the toss of the 1st T20I; read via Wayback,2022H1
Akeal Hosein,1,West Indies,international,West Indies tour of Pakistan 2021-22,2021-12-15,test_date,unknown,https://www.espncricinfo.com/story/in-case-you-missed-it-covid-challenges-and-captaincy-changes-1293613 https://www.espncricinfo.com/story/west-indies-in-pakistan-2021-22-tour-in-doubt-as-shai-hope-akeal-hosein-justin-greaves-test-covid-19-positive-1293474 https://www.windiescricket.com/news/further-five-members-west-indies-touring-party-have-tested-positive-covid-19/,"quote: The five include players Shai Hope , Akeal Hosein , and Justin Greaves , along with assistant coach Roddy Estwick and team physician Dr Akshai Mansingh.; quote: Earlier, the game was in doubt after five West Indies players returned positive Covid Tests, including Shai Hope, Akeal Hosein and Justin Greaves. | weekly round-up; text says five players but other stories say 3 players + 2 staff",2021H2
Alex Hales,1,Sydney Thunder (England),franchise,BBL 2021-22,2021-12-30,test_date,unknown,https://www.espncricinfo.com/story/_/id/32966074/bbl-2021-22-sydney-thunder-melbourne-stars-report-multiple-covid-cases https://www.espncricinfo.com/story/bbl-2021-22-sydney-thunder-and-melbourne-stars-report-multiple-covid-cases-1294895,"Whole squad PCR-tested Thu 30 Dec after a positive rapid test; named 31 Dec.; quote: Alex Hales, Alex Ross, Tanveer Sangha and Sam Whiteman are the four players who tested positive. | PCR tests taken Thursday (Dec 30) after a positive rapid antigen test; quote: Alex Hales, Alex Ross, Tanveer Sangha and Sam Whiteman are the four players who tested positive. | PCR tests taken Thursday (Dec 30) after a positive rapid antigen test",2021H2
Alex Ross,1,Sydney Thunder,franchise,BBL 2021-22,2021-12-30,test_date,unknown,https://www.espncricinfo.com/story/_/id/32966074/bbl-2021-22-sydney-thunder-melbourne-stars-report-multiple-covid-cases https://www.espncricinfo.com/story/bbl-2021-22-sydney-thunder-and-melbourne-stars-report-multiple-covid-cases-1294895,"quote: Alex Hales, Alex Ross, Tanveer Sangha and Sam Whiteman are the four players who tested positive. | PCR tests taken Thursday (Dec 30) after a positive rapid antigen test; quote: Alex Hales, Alex Ross, Tanveer Sangha and Sam Whiteman are the four players who tested positive. | PCR tests taken Thursday (Dec 30) after a positive rapid antigen test",2021H2
Alishan Sharafu,1,UAE,,,2021-01-08,test_date,unknown,https://www.espncricinfo.com/story/_/id/30680004/another-covid-19-case-uae-camp-pushes-ireland-odi-january-16 https://www.espncricinfo.com/story/another-covid-19-case-in-uae-camp-pushes-ireland-odi-to-january-16-1247252 https://www.espncricinfo.com/story/another-covid-case-in-uae-camp-postpones-ireland-odi-to-january-16-1247252 https://www.espncricinfo.com/story/ireland-in-the-uae-2020-21-uae-ireland-odi-called-off-after-covid-19-outbreak-worsens-1247552,"quote: On January 9, the result of the seventh tests carried out on all players and staff, threw up a positive result for Sharafu. | Subtitle says tested positive in seventh round of testing on Friday (Jan 8); result January 9; quote: On January 9, the result of the seventh tests carried out on all players and staff, threw up a positive result for Sharafu. | Subtitle says tested positive in seventh round of testing on Friday (Jan 8); result January 9; Positive in the seventh round of testing on Jan 9. He had played in the first ODI.",cricinfo_archive
Alok Kapali,1,Sylhet Division,,,2021-04-02,published,unknown,https://www.espncricinfo.com/story/_/id/31180904/bangladesh-domestic-ncl-2021-matches-postponed-amid-surge-covid-19-cases,"quote: In their previous round match against Dhaka Division, Sylhet Division struggled to put an XI in the field after six of their players - including captain Alok Kapali and Khaled Ahmed - tested positive. | During NCL second round, completed Thursday Apr 1",cricinfo_archive
Amelia Kerr,1,New Zealand women,,,2022-07-16,relative_to_published,unknown,https://www.espncricinfo.com/story/commonwealth-games-2022-cwg-amelia-kerr-in-isolation-after-testing-positive-for-covid-19-1325240,quote: The positive result came out after a round of Rapid Antigen Tests conducted on the team members on Saturday. | Named in preceding sentence; RAT Saturday before Monday publication,cricinfo_archive
Amit Mishra,1,Delhi Capitals,franchise,IPL 2021,2021-05-04,announcement,unknown,"https://africa.espn.com/cricket/story/_/id/31389118/ipl-2021-delhi-capitals-amit-mishra-first-player-dc-test-positive-covid-19 https://africa.espn.com/cricket/story/_/id/31466223/wriddhiman-saha-amit-mishra-prasidh-krishna-recover-covid-19 https://www.espncricinfo.com/story/_/id/31389118/ipl-2021-delhi-capitals-amit-mishra-first-player-dc-test-positive-covid-19 https://www.espncricinfo.com/story/_/id/31392458/ipl-2020-chennai-super-kings-michael-hussey-tests-positive-covid-19 https://www.espncricinfo.com/story/_/id/31397543/covid-19-hits-ipl-2021-bcci-president-sourav-ganguly-bubble-breach-travelling-issue https://www.espncricinfo.com/story/_/id/31408625/ipl-2021-kkr-prasidh-krishna-tests-positive-covid-19 https://www.espncricinfo.com/story/_/id/31466223/wriddhiman-saha,-amit-mishra,-prasidh-krishna-recover-covid-19 https://www.espncricinfo.com/story/covid-19-hits-ipl-2021-bcci-president-sourav-ganguly-on-bubble-breach-travelling-could-have-been-an-issue-1262382 https://www.espncricinfo.com/story/ipl-2020-chennai-super-kings-michael-hussey-tests-positive-for-covid-19-1262312 https://www.espncricinfo.com/story/ipl-2021-delhi-capitals-amit-mishra-first-player-from-dc-to-test-positive-for-covid-19-1262303 https://www.espncricinfo.com/story/ipl-2021-kkr-s-prasidh-krishna-tests-positive-for-covid-19-1262530 https://www.espncricinfo.com/story/wriddhiman-saha-amit-mishra-prasidh-krishna-recover-from-covid-19-1263410","Positive in two tests in a row on Monday and Tuesday (May 3-4).; quote: Mishra tested positive in two consecutive tests, conducted on Monday and Tuesday, and is the only player from the franchise who is currently positive. | Positive in tests on Monday (May 3) and Tuesday (May 4).; quote: Mishra tested positive in two consecutive tests, conducted on Monday and Tuesday, and is the only player from the franchise who is currently positive. | Positive in tests on Monday (May 3) and Tuesday (May 4).; quote: The Sunrisers Hyderabad wicketkeeper Wriddhiman Saha and the Delhi Capitals' legspinner Amit Mishra also tested positive for Covid-19 on Tuesday. | Tuesday relative to Wednesday May 5 publication.; quote: The Sunrisers Hyderabad wicketkeeper Wriddhiman Saha and the Delhi Capitals' legspinner Amit Mishra also tested positive for Covid-19 on Tuesday. | Tuesday relative to Wednesday May 5 publication.; quote: Both players had tested positive for the virus on May 4, the same day that IPL 2021 was suspended indefinitely . | Recovered, announced 2021-05-18.; quote: Both players had tested positive for the virus on May 4, the same day that IPL 2021 was suspended indefinitely . | Recovered, announced 2021-05-18.; quote: When the IPL was called off, five cases had been confirmed across three franchises (KKR 2 , CSK 2 , Sunrisers 1 ), with two more positive tests - to the Delhi Capitals spinner Amit Mishra and the Super Kings batting coach Michael Hussey - being confirmed since then. | Confirmed after IPL postponement on May 4; exact date not stated in this story.; quote: When the IPL was called off, five cases had been confirmed across three franchises (KKR 2 , CSK 2 , Sunrisers 1 ), with two more positive tests - to the Delhi Capitals spinner Amit Mishra and the Super Kings batting coach Michael Hussey - being confirmed since then. | Confirmed after IPL postponement on May 4; exact date not stated in this story.; quote: It later emerged that Wriddhiman Saha of the Sunrisers Hyderabad and Amit Mishra of the Delhi Capitals had also tested positive among players. | Earlier positive; date not stated here.; quote: It later emerged that Wriddhiman Saha of the Sunrisers Hyderabad and Amit Mishra of the Delhi Capitals had also tested positive among players. | Earlier positive; date not stated here.",2021H1
Anderson Phillip,1,West Indies,international,West Indies squad for Ireland/England series (Jan 2022),2021-12-31,announcement,unknown,https://www.espncricinfo.com/story/kieron-pollard-fit-to-lead-west-indies-for-visits-of-ireland-england-1294985 https://www.windiescricket.com/news/west-indies-name-squads-face-ireland-and-england-upcoming-white-ball-series/,As for Lewis.,2021H2
Andy Balbirnie,1,Ireland,international,Ireland tour of West Indies ODIs,2022-01-10,announcement,unknown,https://www.espncricinfo.com/story/paul-stirling-fears-players-will-pull-out-of-tours-as-financial-reasons-dictate-covid-rules-1296652 https://www.espncricinfo.com/story/wi-vs-ire-2021-22-west-indies-ireland-agree-to-postpone-second-odi-1296312,"Positive over the weekend of 8-9 Jan after playing the 1st ODI; 2nd ODI postponed; read via Wayback; quote: With Andy Balbirnie among the positive players - along with Lorcan Tucker , Simi Singh and Ben White - Stirling will stand in as captain for the rest of the series. | Test date not given",2022H1
Angelo Mathews,1,Sri Lanka,international,Australia tour of Sri Lanka (1st Test Galle),2022-06-30,test_date,yes,"https://www.cricket.com.au/news/angelo-mathews-positive-covid-19-test-sri-lanka-australia-galle-substitute-oshada-fernando/2022-07-01 https://www.espn.com/cricket/story/_/id/34176290/sl-vs-aus-1st-test-galle-2022-angelo-mathews-tests-positive-covid-19-withdrawn-galle-test https://www.espncricinfo.com/story/_/id/34176290/sl-vs-aus,-1st-test,-galle-2022-angelo-mathews-tests-positive-covid-19-withdrawn-galle-test https://www.espncricinfo.com/story/sl-vs-aus-1st-test-galle-2022-angelo-mathews-tests-positive-for-covid-19-and-withdrawn-from-galle-test-1322585","Rapid test ""yesterday"" per SLC statement dated 1 Jul, after feeling unwell; Oshada Fernando came in as a COVID substitute; Rapid antigen test (RAT) taken 'yesterday' because he felt unwell; announced 2022-07-01 before day 3, when he was replaced by Oshada Fernando as a Covid substitute. The test date is one day BEFORE the window but the announcement falls inside it. He batted in the 1st innings (39) before the positive test; not confirmed that he played while positive.; quote: Sri Lanka batter Angelo Mathews has been withdrawn from the first Test against Australia in Galle after testing positive for Covid-19. | SLC statement: RAT conducted 'yesterday' relative to publication; quote: Sri Lanka batter Angelo Mathews has been withdrawn from the first Test against Australia in Galle after testing positive for Covid-19. | SLC statement: RAT conducted 'yesterday' relative to publication",2022H1
Anrich Nortje,1,Delhi Capitals,franchise,IPL 2021,2021-04-14,announcement,unknown,https://gulfnews.com/sport/cricket/ipl/ipl-2021-watch--delhi-capitals-boost-with-arrival-of-star-pacer-anrich-nortje-1.78541096 https://www.indiatvnews.com/sports/cricket/ipl-2021-delhi-capitals-pacer-anrich-nortje-tests-covid-19-positive-dc-697694,LIKELY FALSE POSITIVE. Reported positive during quarantine Apr 14. On Apr 16 Delhi Capitals said 'After a false positive result ... tested negative thrice'. Consider dropping.,2021H1
Anustup Majumdar,1,Bengal,,,2022-01-03,published,unknown,https://www.espncricinfo.com/story/_/id/32983231/covid-19-six-bengal-players-team-assistant-coach-test-positive-ahead-ranji-trophy-2021-22 https://www.espncricinfo.com/story/https%3A%2F%2Fwww.espncricinfo.com%2Fstory%2Fcovid-19-six-bengal-players-and-teams-assistant-coach-test-positive-ahead-of-ranji-trophy-2021-22-1295177,"quote: A PTI report quoted sources as saying that the seven people in question are players Sudip Chatterjee , Anustup Majumdar , Kazi Junaid Saifi , Geet Puri , Pradipta Pramanik and Sujit Yadav , and assistant coach Saurasish Lahiri . | tested over the weekend (Jan 1-2, 2022); names via PTI; quote: A PTI report quoted sources as saying that the seven people in question are players Sudip Chatterjee , Anustup Majumdar , Kazi Junaid Saifi , Geet Puri , Pradipta Pramanik and Sujit Yadav , and assistant coach Saurasish Lahiri . | tested over the weekend (Jan 1-2, 2022); names via PTI",cricinfo_archive
Anwar Ali,1,Quetta Gladiators,franchise,PSL 2021 (before Abu Dhabi leg),2021-05-24,test_date,unknown,https://africa.espn.com/cricket/story/_/id/31507523/psl-2021-quetta-gladiators-anwar-ali-tests-positive-covid-19 https://gulfnews.com/sport/cricket/psl-6-pakistan-pacer-anwar-ali-tests-positive-for-covid-19-ahead-of-abu-dhabi-departure-1.1621942851285 https://www.espncricinfo.com/story/_/id/31507523/psl-2021-quetta-gladiators-anwar-ali-tests-positive-covid-19 https://www.espncricinfo.com/story/psl-2021-quetta-gladiators-anwar-ali-tests-positive-for-covid-19-1264030,"Tested at the Karachi hotel Monday May 24, result Tuesday May 25. The second URL was seen only in search results; I did not open it.; quote: Ali had tested negative before checking into the hotel in Karachi, but his second test, conducted at the hotel on Monday, returned a positive result on Tuesday. | Test conducted Monday May 24, result Tuesday May 25.; quote: PSL 2021 - Quetta Gladiators' Anwar Ali tests positive for Covid-19 | Only title/subtitle present in this copy; quote is the title.",2021H1
Arshad Iqbal,1,Peshawar Zalmi,franchise,PSL 2022,2022-01-24,announcement,unknown,https://www.thenews.com.pk/latest/928010-psl-7-karachi-kingss-president-wasim-akram-skipper-wahab-riaz-contract-covid-19,PCB confirmed on Monday,2022H1
Aryan Lakra,1,UAE,international,UAE v Ireland ODI series 2021 (Abu Dhabi),2021-01-08,test_date,unknown,https://www.espncricinfo.com/story/_/id/30671695/two-uae-players-test-positive-covid-19-ahead-ireland-odis https://www.espncricinfo.com/story/_/id/30680004/another-covid-19-case-uae-camp-pushes-ireland-odi-january-16 https://www.espncricinfo.com/story/another-covid-19-case-in-uae-camp-pushes-ireland-odi-to-january-16-1247252 https://www.espncricinfo.com/story/another-covid-case-in-uae-camp-postpones-ireland-odi-to-january-16-1247252 https://www.espncricinfo.com/story/two-uae-players-test-positive-for-covid-19-ahead-of-ireland-odis-1246936,"Uncapped left-arm spinner. Positive on Jan 8 according to the second article.; quote: UAE vice-captain Chirag Suri and uncapped left-arm spinner Aryan Lakra have tested positive for Covid-19, ahead of the team's ODI series against Ireland. | Later story gives test date January 8; quote: UAE vice-captain Chirag Suri and uncapped left-arm spinner Aryan Lakra have tested positive for Covid-19, ahead of the team's ODI series against Ireland. | Later story gives test date January 8; quote: This is in addition to two other players - Chirag Suri and Aryan Lakra - testing positive on January 7 and 8 respectively.; quote: This is in addition to two other players - Chirag Suri and Aryan Lakra - testing positive on January 7 and 8 respectively.",2021H1
Ashleigh Gardner,1,Australia women,international,Women's World Cup 2022,2022-03-02,announcement,unknown,https://www.espn.com/cricket/story/_/id/33407556/womens-world-cup-2022-australia-allrounder-ash-gardner-tests-positive-covid https://www.espncricinfo.com/story/https%3A%2F%2Fwww.espncricinfo.com%2Fstory%2Fwomens-world-cup-2022-australia-allrounder-ash-gardner-tests-positive-for-covid-1303330,Rapid test and PCR positive in Christchurch; 10-day isolation; quote: Cricket Australia confirmed on Thursday morning that Gardner had returned a Covid positive RAT while in Christchurch and her subsequent PCR test was also positive. | Confirmed Thursday morning NZ time (March 3); RAT date not given,2022H1
Ashton Agar,1,Australia,international,Australia tour of Pakistan ODIs,2022-03-29,announcement,unknown,https://www.espncricinfo.com/story/_/id/33620078/pakistan-vs-australia-2021-22-ashton-agar-ruled-odi-series-testing-positive-covid https://www.espncricinfo.com/story/https%3A%2F%2Fwww.espncricinfo.com%2Fstory%2Fpakistan-vs-australia-2021-22-ashton-agar-ruled-out-of-odi-series-after-testing-positive-for-covid-1307961 https://www.espncricinfo.com/story/pakistan-vs-australia-2021-22-ashton-agar-ruled-out-of-odi-series-after-testing-positive-for-covid-1307961,"Ruled out of the ODI series; team physio also positive; read via Wayback; quote: Cricket Australia (CA) confirmed on Tuesday morning in Pakistan that Agar had tested positive, just 24 hours after Josh Inglis also tested positive . | Confirmed Tuesday = publication day; quote: Pakistan vs Australia 2021-22 - Ashton Agar ruled out of ODI series after testing positive for Covid | Quote is headline; body missing (CSS junk)",2022H1
Asitha Fernando,1,Sri Lanka,international,Sri Lanka v Australia Test series 2022,2022-07-06,test_date,yes,"https://africa.espn.com/cricket/story/_/id/34204205/sl-vs-aus-2nd-test-2022-dhananjaya-de-silva-asitha-fernando-jeffrey-vandersay-join-sri-lanka-covid-19-list https://www.cricket.com.au/news/pathum-nissanka-positive-covid-result-outbreak-second-test-sri-lanka-australia-galle-oshada-fernando/2022-07-11 https://www.espncricinfo.com/story/_/id/34204205/sl-vs-aus,-2nd-test,-2022-dhananjaya-de-silva,-asitha-fernando-jeffrey-vandersay-join-sri-lanka-covid-19-list https://www.espncricinfo.com/story/sl-vs-aus-2nd-test-2022-dhananjaya-de-silva-asitha-fernando-and-jeffrey-vandersay-join-sri-lanka-covid-19-list-1323495","Positive result came back Wednesday; had reported feeling unwell; ruled out of 2nd Test; quote: Sri Lanka have been hit by three more Covid-19 cases on the eve of the second Test against Australia, with Dhananjaya de Silva , Asitha Fernando and Jeffrey Vandersay ruled out of the game in Galle. | Positive results came back on Wednesday; quote: Sri Lanka have been hit by three more Covid-19 cases on the eve of the second Test against Australia, with Dhananjaya de Silva , Asitha Fernando and Jeffrey Vandersay ruled out of the game in Galle. | Positive results came back on Wednesday",2022H2
Avishka Fernando,1,Sri Lanka,international,Zimbabwe tour of Sri Lanka ODIs,2022-01-08,test_date,unknown,https://www.espncricinfo.com/story/avishka-fernando-tests-covid-19-positive-before-sri-lanka-odi-series-against-zimbabwe-1296039 https://www.espncricinfo.com/story/zimbabwe-coach-lalchand-rajput-tests-positive-for-covid-19-ahead-of-sri-lanka-series-1296307 https://www.thepapare.com/avishka-fernando-tests-positive-for-covid-19-set-to-miss-zimbabwe-odis/ https://www.thepapare.com/janith-liyanage-to-miss-zimbabwe-odis-due-to-covid-19/,Positive before entering the bubble; read via Wayback; quote: Avishka Fernando is likely to be ruled out of the forthcoming ODIs against Zimbabwe after testing positive for Covid-19.; quote: Sri Lankan batter Avishka Fernando did not join the home side's team bubble after testing positive for Covid-19 earlier this week. | Text says 'earlier this week',2022H1
Axar Patel,1,Delhi Capitals,franchise,IPL 2021,2021-04-03,announcement,unknown,"https://gulfnews.com/sport/cricket/ipl/ipl-2021-delhi-capitals-axar-patel-tests-positive-for-covid-19-1.78303868 https://www.espncricinfo.com/story/_/id/31187115/ipl-2021-delhi-capitals-axar-patel-tests-positive-covid-19 https://www.espncricinfo.com/story/_/id/31193779/ipl-2021-devdutt-padikkal-quarantine-home-testing-positive-covid-19 https://www.espncricinfo.com/story/_/id/31209241/tracker-how-covid-19-affected-ipl-2021 https://www.espncricinfo.com/story/_/id/31307260/covid-19-ms-dhoni-parents-hospitalised-support-set-says-csk-coach-stephen-fleming https://www.espncricinfo.com/story/_/id/31310472/ipl-2021-being-quarantine-best-moment-my-life-test-debut,-says-axar-patel https://www.espncricinfo.com/story/covid-19-ms-dhoni-s-parents-hospitalised-support-has-been-set-up-says-csk-coach-stephen-fleming-1260399 https://www.espncricinfo.com/story/ipl-2021-being-out-of-quarantine-best-moment-of-my-life-after-test-debut-says-axar-patel-1260504 https://www.espncricinfo.com/story/ipl-2021-dc-rope-in-shams-mulani-as-short-term-covid-19-replacement-for-axar-patel-aniruddha-joshi-for-shreyas-iyer-1259132 https://www.espncricinfo.com/story/ipl-2021-delhi-capitals-axar-patel-tests-positive-for-covid-19-1257680 https://www.espncricinfo.com/story/ipl-2021-devdutt-padikkal-in-quarantine-at-home-after-testing-positive-for-covid-19-1257755 https://www.espncricinfo.com/story/tracker-how-covid-19-has-affected-ipl-2021-1257957","Positive on his second test after checking into the team hotel Mar 28.; quote: Axar Patel , the Delhi Capitals allrounder, has tested positive for Covid-19. | Checked into hotel Mar 28 with negative report; positive since; quote: Axar Patel , the Delhi Capitals allrounder, has tested positive for Covid-19. | Checked into hotel Mar 28 with negative report; positive since; quote: Patel, one of the heroes of India's recent 3-1 Test series win over England at home, tested positive on April 3.; quote: Patel, one of the heroes of India's recent 3-1 Test series win over England at home, tested positive on April 3.; quote: Patel had tested positive for Covid-19 on April 3 , six days before the start of IPL 2021.; quote: While he had entered the bubble with a negative test report, on April 3 the Capitals issued a media statement, saying Patel's second test at the team hotel had come out positive. | Recovered; rejoined Capitals; quote: While he had entered the bubble with a negative test report, on April 3 the Capitals issued a media statement, saying Patel's second test at the team hotel had come out positive. | Recovered; rejoined Capitals; quote: Apart from Padikkal, the Delhi Capitals' Axar Patel and the Kolkata Knight Riders' Nitish Rana too have tested positive for Covid-19. | Recap; date not given; quote: Apart from Padikkal, the Delhi Capitals' Axar Patel and the Kolkata Knight Riders' Nitish Rana too have tested positive for Covid-19. | Recap; date not given; quote: The Delhi Capitals' Axar Patel tested positive after checking into the team hotel in Mumbai, and is yet to take part in the IPL action, while many others - Kiran More , the Mumbai Indians wicketkeeping consultant and talent scout, the Royal Challengers Bangalore's Devdutt Padikkal and Daniel Sams , | Recap; quote truncated to 300 chars; quote: The Delhi Capitals' Axar Patel tested positive after checking into the team hotel in Mumbai, and is yet to take part in the IPL action, while many others - Kiran More , the Mumbai Indians wicketkeeping consultant and talent scout, the Royal Challengers Bangalore's Devdutt Padikkal and Daniel Sams , | Recap; quote truncated to 300 chars",2021H1
Axar Patel,2,India,international,West Indies tour of India T20Is,2022-02-03,announcement,unknown,https://www.crictracker.com/reports-axar-patel-becomes-fifth-indian-player-to-test-positive-for-covid-19-ahead-of-west-indies-odis/,"Crictracker article headlined ""Reports""; no official source opened",2022H1
Barry McCarthy,1,Ireland,international,Ireland tour of USA 2021-22,2021-12-17,announcement,unknown,https://www.espncricinfo.com/story/four-ireland-players-assistant-coach-test-covid-19-positive-ahead-of-usa-caribbean-tours-1293673 https://www.espncricinfo.com/story/https%3A%2F%2Fwww.espncricinfo.com%2Fstory%2Ffour-ireland-players-assistant-coach-test-covid-19-positive-ahead-of-usa-caribbean-tours-1293673 https://www.espncricinfo.com/story/united-states-of-america-v-ireland-steven-taylor-aaron-jones-among-four-covid-19-positive-cases-in-usa-camp-1294023,"Positive in pre-series testing in Ireland.; quote: According to a Cricket Ireland release, Barry McCarthy and George Dockrell tested positive during pre-series testing and were not part of the squad that arrived in Miami on Friday. | pre-series testing, exact date not given",2021H2
Ben Cutting,1,Peshawar Zalmi,franchise,PSL 2022,2022-02-23,announcement,unknown,https://www.thenews.com.pk/latest/936083-lq-vs-ms-big-blow-to-multan-sultans-as-tim-david-tests-covd-19-positive,"Attributed to ""sources""; reported as earlier than 23 Feb; read via Wayback",2022H1
Ben Foakes,1,England,international,New Zealand tour of England (3rd Test),2022-06-25,test_date,unknown,"https://africa.espn.com/cricket/story/_/id/34150669/eng-vs-nz-3rd-test-ben-foakes-withdrawn-headingley-test-positive-covid-19-test https://jerseyeveningpost.com/uksport/2022/06/26/ben-foakes-replaced-by-sam-billings-at-headingley-after-positive-covid-19-test/ https://www.espncricinfo.com/story/_/id/34149642/india-tour-england-2022-rohit-sharma-tests-positive-covid-19 https://www.espncricinfo.com/story/_/id/34150669/eng-vs-nz,-3rd-test-ben-foakes-withdrawn-headingley-test-positive-covid-19-test https://www.espncricinfo.com/story/eng-vs-nz-3rd-test-ben-foakes-withdrawn-from-headingley-test-after-positive-covid-19-test-1321578 https://www.espncricinfo.com/story/india-tour-of-england-2022-rohit-sharma-tests-positive-for-covid-19-1321565","Had reported back stiffness (not linked to COVID); Sam Billings came in as a COVID substitute (second source not opened); quote: Foakes subsequently tested positive after taking a lateral flow test in the evening. | Lateral flow test Saturday evening; quote: Foakes subsequently tested positive after taking a lateral flow test in the evening. | Lateral flow test Saturday evening; quote: England wicketkeeper Ben Foakes also tested positive on Sunday and his participation in the Test against India is in doubt, although England are hopeful he would be fit to play. | Text says Sunday; companion story says lateral flow Saturday evening; quote: England wicketkeeper Ben Foakes also tested positive on Sunday and his participation in the Test against India is in doubt, although England are hopeful he would be fit to play. | Text says Sunday; companion story says lateral flow Saturday evening",2022H1
Ben White,1,Ireland,international,Ireland tour of West Indies ODIs,2022-01-08,announcement,unknown,https://www.espncricinfo.com/story/paul-stirling-fears-players-will-pull-out-of-tours-as-financial-reasons-dictate-covid-rules-1296652 https://www.espncricinfo.com/story/wi-vs-ire-2021-22-west-indies-ireland-agree-to-postpone-second-odi-1296312 https://www.espncricinfo.com/story/wi-vs-ire-2022-paul-stirling-shane-getkate-to-join-with-ireland-squad-after-testing-negative-for-covid-19-1296177,"Positive routine rapid test; missed 1st ODI; read via Wayback; quote: Simi Singh and Ben White , who had missed the first ODI against West Indies on Saturday after testing positive via a routine antigen test, are still awaiting the results of their RT-PCR tests after a service delay. | Positive antigen test before first ODI on Saturday (Jan 8); RT-PCR result pending; quote: With Andy Balbirnie among the positive players - along with Lorcan Tucker , Simi Singh and Ben White - Stirling will stand in as captain for the rest of the series. | Test date not given",2022H1
Binura Fernando,1,Sri Lanka,international,Preparation for Sri Lanka tour of West Indies 2021,2021-01-20,test_date,unknown,https://www.espn.in/cricket/story/_/id/30752875/wi-vs-sl-2021-22-sri-lanka-binura-fernando-chamika-karunaratne-test-covid-19-positive-ahead-west-indies-tour https://www.espncricinfo.com/story/_/id/28898417/list-all-cricket-series-affected-coronavirus-full-coverage https://www.espncricinfo.com/story/_/id/30752875/wi-vs-sl-2021-22-sri-lanka-binura-fernando-chamika-karunaratne-test-covid-19-positive-ahead-west-indies-tour https://www.espncricinfo.com/story/covid-19-list-of-all-the-cricket-series-affected-by-coronaviruss-full-coverage-1219320 https://www.espncricinfo.com/story/wi-vs-sl-2021-22-sri-lanka-s-binura-fernando-chamika-karunaratne-test-covid-19-positive-ahead-of-west-indies-tour-1248735,"PCR test on Jan 20. Announced Jan 21 (the seed date).; quote: According to an SLC release, the squad began training on January 18, and underwent a PCR Test on January 20, the results of which showed Fernando and Karunaratne to be positive for the virus.; quote: According to an SLC release, the squad began training on January 18, and underwent a PCR Test on January 20, the results of which showed Fernando and Karunaratne to be positive for the virus.; quote: Sri Lanka's Binura Fernando, Chamika Karunaratne test Covid-19-positive ahead of West Indies tour | Headline in coverage-timeline list (PUBLISHED field 2020-03-13 is the page's original date); date is the list entry's day, year 2021 inferred from neighbouring entries (IPL 2021, Vijay Hazare 2020-21).; quote: Sri Lanka's Binura Fernando, Chamika Karunaratne test Covid-19-positive ahead of West Indies tour | Headline in coverage-timeline list (PUBLISHED field 2020-03-13 is the page's original date); date is the list entry's day, year 2021 inferred from neighbouring entries (IPL 2021, Vijay Hazare 2020-21).",2021H1
Binura Fernando,2,Sri Lanka,international,Sri Lanka tour of Australia T20Is,2022-02-12,test_date,unknown,https://www.espncricinfo.com/story/_/id/33293137/aus-vs-sl-2022-wanindu-hasaranga-tests-positive-covid-19-ahead-third-t20i-australia https://www.espncricinfo.com/story/aus-vs-sl-2022-wanindu-hasaranga-tests-positive-for-covid-19-ahead-of-third-t20i-against-australia-1301255,"""Saturday, the day after the series opener in Sydney"" (worked out as 12 Feb); ruled out of the series; read via Wayback; quote: Fernando, meanwhile, has been ruled out of the T20I series after testing positive on Saturday, the day after the series opener in Sydney. | Saturday before publication; quote: Fernando, meanwhile, has been ruled out of the T20I series after testing positive on Saturday, the day after the series opener in Sydney. | Saturday before publication",2022H1
Bismillah Khan,1,Balochistan (Pakistan),domestic,Quaid-e-Azam Trophy 2020-21,2020-11-04,announcement,yes,https://www.espn.com/cricket/story/_/id/30254152/balochistan-bismillah-khan-tests-positive-covid-19 https://www.espn.com/cricket/story/_/id/30442973/how-did-eight-members-pakistan-squad-test-positive-covid-19 https://www.espncricinfo.com/story/_/id/30254152/balochistan-bismillah-khan-tests-positive-covid-19 https://www.espncricinfo.com/story/balochistan-bismillah-khan-tests-positive-for-covid-19-1238225,"Had symptoms during the round 2 match against Southern Punjab; not tested until day 4; quote: Bismillah Khan , the Balochistan wicketkeeper-batsman, has tested positive for Covid-19 in Karachi. | Tested on day 4 of the second-round Quaid-e-Azam Trophy match; exact date not stated.; quote: Bismillah Khan , the Balochistan wicketkeeper-batsman, has tested positive for Covid-19 in Karachi. | Tested on day 4 of the second-round Quaid-e-Azam Trophy match; exact date not stated.",2020
Blair Tickner,1,New Zealand,international,New Zealand tour of England,2022-05-20,test_date,unknown,"https://africa.espn.com/cricket/story/_/id/34065913/england-vs-nz-2nd-test-kane-williamson-miss-second-test-testing-positive-covid https://www.espncricinfo.com/story/_/id/33949782/new-zealand-nicholls,-tickner,-jurgensen-test-positive-covid-19 https://www.espncricinfo.com/story/new-zealand-s-nicholls-tickner-jurgensen-test-positive-for-covid-19-1315909 https://www.india.com/sports/eng-vs-nz-henry-nicholls-blair-tickner-and-coach-shane-jurgensen-test-positive-for-covid-ahead-of-lords-test-5403469/","Same as Nicholls; quote: Three members of New Zealand's touring party - fast bowler Blair Tickner , batter Henry Nicholls , and bowling coach Shane Jurgensen - have tested positive for Covid-19 in Brighton. | Positive RAT Friday morning (publication day); quote: All three have begun five days of hotel room isolation after producing positive Rapid Antigen Tests on Friday morning. | Named in preceding sentence as fast bowler Blair Tickner; RAT Friday morning",2022H1
Brayden Stepien,1,Melbourne Stars,,,2022-01-02,test_date,unknown,https://www.espncricinfo.com/story/https%3A%2F%2Fwww.espncricinfo.com%2Fstory%2Fbbl11-once-it-hit-it-hit-so-hard-keeping-the-bbl-going-through-covid-1298351,"quote: ""We had Brayden Stepien locked in but he called on the morning of game day and said he tested positive to a rapid test,"" Crouch said. | Positive rapid test on morning of Stars v Scorchers game, January 2",cricinfo_archive
Chamika Karunaratne,1,Sri Lanka,international,Preparation for Sri Lanka tour of West Indies 2021,2021-01-20,test_date,unknown,https://www.espn.in/cricket/story/_/id/30752875/wi-vs-sl-2021-22-sri-lanka-binura-fernando-chamika-karunaratne-test-covid-19-positive-ahead-west-indies-tour https://www.espncricinfo.com/story/_/id/28898417/list-all-cricket-series-affected-coronavirus-full-coverage https://www.espncricinfo.com/story/_/id/30752875/wi-vs-sl-2021-22-sri-lanka-binura-fernando-chamika-karunaratne-test-covid-19-positive-ahead-west-indies-tour https://www.espncricinfo.com/story/covid-19-list-of-all-the-cricket-series-affected-by-coronaviruss-full-coverage-1219320 https://www.espncricinfo.com/story/wi-vs-sl-2021-22-sri-lanka-s-binura-fernando-chamika-karunaratne-test-covid-19-positive-ahead-of-west-indies-tour-1248735,"PCR test on Jan 20. Announced Jan 21.; quote: According to an SLC release, the squad began training on January 18, and underwent a PCR Test on January 20, the results of which showed Fernando and Karunaratne to be positive for the virus.; quote: According to an SLC release, the squad began training on January 18, and underwent a PCR Test on January 20, the results of which showed Fernando and Karunaratne to be positive for the virus.; quote: Sri Lanka's Binura Fernando, Chamika Karunaratne test Covid-19-positive ahead of West Indies tour | Headline in coverage-timeline list (PUBLISHED field 2020-03-13 is the page's original date); date is the list entry's day, year 2021 inferred from neighbouring entries (IPL 2021, Vijay Hazare 2020-21).; quote: Sri Lanka's Binura Fernando, Chamika Karunaratne test Covid-19-positive ahead of West Indies tour | Headline in coverage-timeline list (PUBLISHED field 2020-03-13 is the page's original date); date is the list entry's day, year 2021 inferred from neighbouring entries (IPL 2021, Vijay Hazare 2020-21).",2021H1
Chapman,1,New Zealand,,,2022-03-27,published,unknown,https://www.espncricinfo.com/story/https%3A%2F%2Fwww.espncricinfo.com%2Fstory%2Fnetherlands-vs-nz-chapman-tests-positive-for-covid-19-worker-called-in-as-replacement-1307600,quote: Netherlands vs NZ - Chapman tests positive for Covid-19 Worker called in as replacement | Quote is headline; first name not given; body missing (CSS junk),cricinfo_archive
Chetan Chauhan,1,India (former player),,,2020-07-12,test_date,unknown,"https://www.espncricinfo.com/story/_/id/29666498/chetan-chauhan,-former-india-opener,-critical-testing-positive-covid-19 https://www.espncricinfo.com/story/chetan-chauhan-the-former-india-opener-critical-after-testing-positive-for-covid-19-1229574","quote: Chauhan, 73, who is also a cabinet minister in Uttar Pradesh state government, was admitted to the Sanjay Gandhi PGI Hospital in Lucknow after testing positive for Covid-19 positive on July 12. | Former India opener; on ventilator support at time of story.; quote: Chauhan, 73, who is also a cabinet minister in Uttar Pradesh state government, was admitted to the Sanjay Gandhi PGI Hospital in Lucknow after testing positive for Covid-19 positive on July 12. | Former India opener; on ventilator support at time of story.",cricinfo_archive
Chirag Suri,1,UAE,international,UAE v Ireland ODI series 2021 (Abu Dhabi),2021-01-07,test_date,unknown,https://www.espncricinfo.com/story/_/id/30671695/two-uae-players-test-positive-covid-19-ahead-ireland-odis https://www.espncricinfo.com/story/_/id/30680004/another-covid-19-case-uae-camp-pushes-ireland-odi-january-16 https://www.espncricinfo.com/story/another-covid-19-case-in-uae-camp-pushes-ireland-odi-to-january-16-1247252 https://www.espncricinfo.com/story/another-covid-case-in-uae-camp-postpones-ireland-odi-to-january-16-1247252 https://www.espncricinfo.com/story/two-uae-players-test-positive-for-covid-19-ahead-of-ireland-odis-1246936,"UAE vice-captain. The second article gives the positive date as Jan 7. The board said he was 'in good health'.; quote: This is in addition to two other players - Chirag Suri and Aryan Lakra - testing positive on January 7 and 8 respectively.; quote: This is in addition to two other players - Chirag Suri and Aryan Lakra - testing positive on January 7 and 8 respectively.; quote: UAE vice-captain Chirag Suri and uncapped left-arm spinner Aryan Lakra have tested positive for Covid-19, ahead of the team's ODI series against Ireland. | Later story gives test date January 7; quote: UAE vice-captain Chirag Suri and uncapped left-arm spinner Aryan Lakra have tested positive for Covid-19, ahead of the team's ODI series against Ireland. | Later story gives test date January 7",2021H1
Chris Sabburg,1,Perth Scorchers,franchise,BBL 2021-22,2022-01-22,announcement,unknown,https://www.cricket.com.au/news/3315508/sixers-hit-by-covid-injury-drama-in-bbl-finals-lead-up,Positive PCR during the week before 22 Jan,2022H1
Colin Munro,1,Perth Scorchers,franchise,BBL 2021-22,2022-01-09,announcement,yes,https://www.cricket.com.au/news/perth-scorchers-bbl-covid-19-colin-munro-jason-behrendorff-brisbane-heat-update/2022-01-09,Positive PCR overnight after first noticing symptoms the previous morning; read via Wayback,2022H1
Daniel Sams,1,Royal Challengers Bangalore,franchise,IPL 2021,2021-04-07,test_date,no,https://gulfnews.com/sport/cricket/ipl/ipl-2021-royal-challengers-bowler-daniel-sams-tests-positive-for-covid-19-1.78389678 https://www.espncricinfo.com/story/_/id/31307260/covid-19-ms-dhoni-parents-hospitalised-support-set-says-csk-coach-stephen-fleming https://www.espncricinfo.com/story/covid-19-ms-dhoni-s-parents-hospitalised-support-has-been-set-up-says-csk-coach-stephen-fleming-1260399 https://www.espncricinfo.com/story/tracker-how-covid-19-has-affected-ipl-2021-1257957,"Positive on second-round test Apr 7. Asymptomatic.; quote: The Delhi Capitals' Axar Patel tested positive after checking into the team hotel in Mumbai, and is yet to take part in the IPL action, while many others - Kiran More , the Mumbai Indians wicketkeeping consultant and talent scout, the Royal Challengers Bangalore's Devdutt Padikkal and Daniel Sams , | Recap ('suffered from the virus'); quote truncated to 300 chars; quote: The Delhi Capitals' Axar Patel tested positive after checking into the team hotel in Mumbai, and is yet to take part in the IPL action, while many others - Kiran More , the Mumbai Indians wicketkeeping consultant and talent scout, the Royal Challengers Bangalore's Devdutt Padikkal and Daniel Sams , | Recap ('suffered from the virus'); quote truncated to 300 chars",2021H1
Danish Aziz,1,Pakistan,international,Pakistan tour of New Zealand 2020-21,2020-11-24,test_date,unknown,https://www.espncricinfo.com/story/_/id/30395214/pakistan-new-zealand-2020-21-new-zealand-director-public-health-takes-dim-view-pakistan-covid-breaches https://www.espncricinfo.com/story/_/id/30404454/new-zealand-vs-pakistan-one-more-member-pakistan-camp-tests-positive-covid-19 https://www.espncricinfo.com/story/new-zealand-vs-pakistan-one-more-member-of-pakistan-camp-tests-positive-for-covid-19-1240248 https://www.espncricinfo.com/story/pakistan-in-new-zealand-2020-21-new-zealand-director-of-public-health-takes-dim-view-of-pakistan-covid-breaches-1240058 https://www.nzherald.co.nz/nz/covid-19-coronavirus-the-pakistani-cricketers-who-tested-positive-hotel-rules-flouted/XDV3UDCF2ZAEVT62WFHZ3YJT5Y/,"Social-media identification only; quote: Six players - Sarfaraz Ahmed, Rohail Nazir, Naseem Shah, Mohammad Abbas, Abid Ali and Danish Aziz - had returned positive results from the first tests conducted upon Pakistan's arrival in New Zealand on November 24. | Arrival tests in New Zealand; quote: Six players - Sarfaraz Ahmed, Rohail Nazir, Naseem Shah, Mohammad Abbas, Abid Ali and Danish Aziz - had returned positive results from the first tests conducted upon Pakistan's arrival in New Zealand on November 24. | Arrival tests in New Zealand; quote: Sarfaraz Ahmed, Rohail Nazir, Naseem Shah, Mohammad Abbas, Abid Ali and Danish Aziz returned positive Covid-19 tests after landing in New Zealand and the man behind New Zealand's successful quashing of the pandemic has warned further positive tests could emerge. | Tested on arrival in NZ; health official says at least four acute, two possibly historical (not specified which); quote: Sarfaraz Ahmed, Rohail Nazir, Naseem Shah, Mohammad Abbas, Abid Ali and Danish Aziz returned positive Covid-19 tests after landing in New Zealand and the man behind New Zealand's successful quashing of the pandemic has warned further positive tests could emerge. | Tested on arrival in NZ; health official says at least four acute, two possibly historical (not specified which)",2020
David Willey,1,England / Yorkshire,domestic,Vitality Blast 2020,2020-09-16,announcement,yes,"https://www.espn.com/cricket/story/_/id/29898244/yorkshire-player-positive-covid-19-test-rules-three-team-mates-blast-group-games https://www.espncricinfo.com/story/_/id/29898244/david-willey-tests-positive-covid-19,-ruling-three-yorkshire-team-mates-blast-group-games https://www.espncricinfo.com/story/david-willey-tests-positive-for-covid-19-ruling-three-yorkshire-team-mates-out-of-blast-group-games-1232460","He and his wife both positive; symptoms began after 12 Sep; quote: David Willey , the England allrounder, has tested positive for Covid-19. | Result announced Wednesday 2020-09-16; exact test date not stated (test pending on Monday 2020-09-14). Wife also positive.; quote: David Willey , the England allrounder, has tested positive for Covid-19. | Result announced Wednesday 2020-09-16; exact test date not stated (test pending on Monday 2020-09-14). Wife also positive.",2020
Deepak Chahar,1,India / Chennai Super Kings,franchise,IPL 2020,2020-08-28,announcement,no,https://www.espn.in/cricket/story/_/id/29758537/utils https://www.thenationalnews.com/sport/cricket/two-ipl-stars-test-positive-for-covid-19-chennai-super-kings-deepak-chahar-and-ruturaj-gaekwad-named-in-reports-1.1069897,"Positive in IPL tests run 20-28 Aug in the UAE; ESPN reported an unnamed 'India player' on 28 Aug; names come from media reports, not an official statement; asymptomatic",2020
Dennis Bulli,1,St Kitts & Nevis Patriots,,,2020-08-06,published,unknown,https://www.espncricinfo.com/story/_/id/29608655/cpl-2020-all-players-test-negative-covid-19-arrival- https://www.espncricinfo.com/story/cpl-2020-all-players-test-negative-for-covid-19-on-arrival-1228741,"quote: Patriots also lost out on the services of left-arm spinner Dennis Bulli, who tested positive for the virus, while Jamaica Tallawahs were forced to withdraw Andre McCarthy and Jeavor Royal because they came into close contact with a player who had tested positive. | Withdrew from CPL 2020; test date not given.; quote: Patriots also lost out on the services of left-arm spinner Dennis Bulli, who tested positive for the virus, while Jamaica Tallawahs were forced to withdraw Andre McCarthy and Jeavor Royal because they came into close contact with a player who had tested positive. | Withdrew from CPL 2020; test date not given.",cricinfo_archive
Devdutt Padikkal,1,Royal Challengers Bangalore,franchise,IPL 2021 (pre-season),2021-03-22,test_date,unknown,https://www.espn.co.uk/cricket/story/_/id/31209241/tracker-how-covid-19-affected-ipl-2021 https://www.espncricinfo.com/story/_/id/31193779/ipl-2021-devdutt-padikkal-quarantine-home-testing-positive-covid-19 https://www.espncricinfo.com/story/_/id/31207074/ipl-2021-devdutt-padikkal-links-royal-challengers-bangalore-testing-negative-covid-19 https://www.espncricinfo.com/story/_/id/31209241/tracker-how-covid-19-affected-ipl-2021 https://www.espncricinfo.com/story/_/id/31307260/covid-19-ms-dhoni-parents-hospitalised-support-set-says-csk-coach-stephen-fleming https://www.espncricinfo.com/story/covid-19-ms-dhoni-s-parents-hospitalised-support-has-been-set-up-says-csk-coach-stephen-fleming-1260399 https://www.espncricinfo.com/story/ipl-2021-devdutt-padikkal-in-quarantine-at-home-after-testing-positive-for-covid-19-1257755 https://www.espncricinfo.com/story/ipl-2021-devdutt-padikkal-links-up-with-royal-challengers-bangalore-after-testing-negative-for-covid-19-1257936 https://www.espncricinfo.com/story/tracker-how-covid-19-has-affected-ipl-2021-1257957 https://www.india.com/sports/rcb-confirm-devdutt-padikkal-in-quarantine-at-home-after-testing-covid-19-positive-on-march-22-4557533/,"Positive Mar 22 and quarantined at home in Bengaluru. Team statement said he was 'feeling well'.; quote: Devdutt Padikkal , the Royal Challengers Bangalore opener, is in quarantine at his home in Bengaluru after testing positive for Covid-19 on March 22.; quote: Devdutt Padikkal , the Royal Challengers Bangalore opener, is in quarantine at his home in Bengaluru after testing positive for Covid-19 on March 22.; quote: Devdutt Padikkal , who had tested positive for Covid-19 on March 22 and had been quarantining at home since then, has travelled to Chennai and linked up with the Royal Challengers Bangalore squad after returning ""negative reports for Covid-19 as per the BCCI's protocols"". | Recovered, rejoined squad; quote: Devdutt Padikkal , who had tested positive for Covid-19 on March 22 and had been quarantining at home since then, has travelled to Chennai and linked up with the Royal Challengers Bangalore squad after returning ""negative reports for Covid-19 as per the BCCI's protocols"". | Recovered, rejoined squad; quote: Padikkal had been in home quarantine after testing positive on March 22, and after driving down to Chennai, he trained with the rest of the team on Wednesday, suggesting that he would be available for selection for the team's opener against the Mumbai Indians on April 9.; quote: Padikkal had been in home quarantine after testing positive on March 22, and after driving down to Chennai, he trained with the rest of the team on Wednesday, suggesting that he would be available for selection for the team's opener against the Mumbai Indians on April 9.; quote: The Delhi Capitals' Axar Patel tested positive after checking into the team hotel in Mumbai, and is yet to take part in the IPL action, while many others - Kiran More , the Mumbai Indians wicketkeeping consultant and talent scout, the Royal Challengers Bangalore's Devdutt Padikkal and Daniel Sams , | Recap ('suffered from the virus'); quote truncated to 300 chars; quote: The Delhi Capitals' Axar Patel tested positive after checking into the team hotel in Mumbai, and is yet to take part in the IPL action, while many others - Kiran More , the Mumbai Indians wicketkeeping consultant and talent scout, the Royal Challengers Bangalore's Devdutt Padikkal and Daniel Sams , | Recap ('suffered from the virus'); quote truncated to 300 chars",2021H1
Devon Conway,1,New Zealand,international,New Zealand tour of England,2022-06-15,test_date,unknown,https://www.espncricinfo.com/story/_/id/34099907/eng-vs-nz-2022-devon-conway-begins-five-day-isolation-testing-positive-covid-19 https://www.espncricinfo.com/story/eng-vs-nz-2022-devon-conway-begins-five-day-isolation-after-testing-positive-for-covid-19-1320182 https://www.outlookindia.com/sports/eng-vs-nz-new-zealand-batter-devon-conway-tests-covid-19-positive-ahead-of-third-england-test-news-202824,"PCR test on Wednesday in London; 5-day isolation; quote: Devon Conway is the latest from New Zealand to test positive for Covid-19, the board announced on Thursday. | PCR after arriving in London; announced Thursday; quote: Devon Conway is the latest from New Zealand to test positive for Covid-19, the board announced on Thursday. | PCR after arriving in London; announced Thursday",2022H1
Dhananjaya de Silva,1,Sri Lanka,international,Sri Lanka v Australia Test series 2022,2022-07-06,test_date,yes,"https://africa.espn.com/cricket/story/_/id/34204205/sl-vs-aus-2nd-test-2022-dhananjaya-de-silva-asitha-fernando-jeffrey-vandersay-join-sri-lanka-covid-19-list https://www.cricket.com.au/news/pathum-nissanka-positive-covid-result-outbreak-second-test-sri-lanka-australia-galle-oshada-fernando/2022-07-11 https://www.espncricinfo.com/story/_/id/34204205/sl-vs-aus,-2nd-test,-2022-dhananjaya-de-silva,-asitha-fernando-jeffrey-vandersay-join-sri-lanka-covid-19-list https://www.espncricinfo.com/story/sl-vs-aus-2nd-test-2022-dhananjaya-de-silva-asitha-fernando-and-jeffrey-vandersay-join-sri-lanka-covid-19-list-1323495","Positive result came back Wednesday (article dated 2022-07-07); had reported feeling unwell; ruled out of 2nd Test; quote: Sri Lanka have been hit by three more Covid-19 cases on the eve of the second Test against Australia, with Dhananjaya de Silva , Asitha Fernando and Jeffrey Vandersay ruled out of the game in Galle. | Positive results came back on Wednesday; quote: Sri Lanka have been hit by three more Covid-19 cases on the eve of the second Test against Australia, with Dhananjaya de Silva , Asitha Fernando and Jeffrey Vandersay ruled out of the game in Galle. | Positive results came back on Wednesday",2022H2
Dilbar Hussain,1,Pakistan / Lahore Qalandars,franchise,Big Bash League 2020-21 (on arrival),2020-12-02,report_date,unknown,https://www.espn.com/cricket/story/_/id/30442973/how-did-eight-members-pakistan-squad-test-positive-covid-19,Negative before leaving Pakistan; positive after landing in Australia for the BBL; quarantined in Perth; BBL team not stated,2020
Dipendra Singh Airee,1,Nepal,international,Nepal national training camp 2020,2020-11-25,announcement,unknown,"https://www.espncricinfo.com/story/_/id/30387410/nepal-captain-gyanendra-malla,-two-others-covid-19-positive https://www.espncricinfo.com/story/_/id/30404105/sandeep-lamichhane-tests-positive-covid-19 https://www.espncricinfo.com/story/nepal-captain-gyanendra-malla-two-others-covid-19-positive-1239976 https://www.espncricinfo.com/story/sandeep-lamichhane-tests-positive-for-covid-19-1240241","Vice-captain; CAN pre-camp testing; quote: Nepal captain Gyanendra Malla , along with vice-captain Dipendra Singh Airee and batsman Rohit Paudel , have all tested positive for Covid-19. | Announced by CAN ahead of national training camp; quote: Nepal captain Gyanendra Malla , along with vice-captain Dipendra Singh Airee and batsman Rohit Paudel , have all tested positive for Covid-19. | Announced by CAN ahead of national training camp; quote: On Wednesday, the Cricket Association of Nepal (CAN) had announced that captain Gyanendra Malla, vice-captain Dipendra Singh Airee and batsman Rohit Paudel had tested positive alongside Pradeep Lama, a member of the staff. | Date is CAN announcement ('On Wednesday'); quote: On Wednesday, the Cricket Association of Nepal (CAN) had announced that captain Gyanendra Malla, vice-captain Dipendra Singh Airee and batsman Rohit Paudel had tested positive alongside Pradeep Lama, a member of the staff. | Date is CAN announcement ('On Wednesday')",cricinfo_index
Dwaine Pretorius,1,South Africa,,,2021-06-24,published,unknown,https://www.espncricinfo.com/story/wi-vs-sa-t20s-mulder-replaces-covid-positive-pretorius-for-west-indies-t20is-1267792,"quote: South Africa allrounder Dwaine Pretorius has tested positive for Covid-19 and did not travel with the T20I squad to Grenada for their five-match series against the West Indies, which starts on Saturday. | Asymptomatic.",cricinfo_archive
Ebadot Hossain,1,Sylhet Division,,,2021-03-24,test_date,unknown,https://www.espncricinfo.com/story/_/id/31153370/bangladesh-cricket-mominul-haque-rested-next-ncl-round-recent-issues-covid-19 https://www.espncricinfo.com/story/mominul-haque-rested-for-next-ncl-round-after-recent-issues-with-covid-19-1257118,"quote: Shadman Islam and Ebadot Hossain , both Test hopefuls who also tested positive recently, are also out of action in the upcoming round. | Tested positive during NCL match starting March 22, replaced on third day (inferred Mar 24); quote: Shadman Islam and Ebadot Hossain , both Test hopefuls who also tested positive recently, are also out of action in the upcoming round. | Tested positive during NCL match starting March 22, replaced on third day (inferred Mar 24)",cricinfo_archive
Evin Lewis,1,West Indies,international,West Indies squad for Ireland/England series (Jan 2022),2021-12-31,announcement,unknown,https://www.espncricinfo.com/story/kieron-pollard-fit-to-lead-west-indies-for-visits-of-ireland-england-1294985 https://www.windiescricket.com/news/west-indies-name-squads-face-ireland-and-england-upcoming-white-ball-series/,Unavailable because of 'recent COVID-19 positive tests'. Test date not given.,2021H2
Fabian Allen,1,West Indies,international,West Indies squad for Ireland/England series (Jan 2022),2021-12-31,announcement,unknown,https://www.espncricinfo.com/story/kieron-pollard-fit-to-lead-west-indies-for-visits-of-ireland-england-1294985 https://www.windiescricket.com/news/west-indies-name-squads-face-ireland-and-england-upcoming-white-ball-series/,As for Lewis.,2021H2
Faheem Ashraf,1,Pakistan,international,Australia tour of Pakistan Tests,2022-03-09,test_date,unknown,https://www.espncricinfo.com/story/pak-vs-aus-2021-22-faheem-ashraf-out-of-second-test-after-testing-positive-for-covid-19-1304574,Tested on arrival in Karachi on Wednesday; per Wikipedia he cleared a rapid test within 24 hours and rejoined (that source not opened); read via Wayback; quote: Ashraf tested positive on arrival at the team hotel in Karachi on Wednesday. | Wednesday = publication day,2022H1
Fakhar Zaman,1,Pakistan,international,Pakistan tour of England 2020 (pre-departure tests),2020-06-22,test_date,no,https://www.aa.com.tr/en/asia-pacific/pakistan-7-more-cricketers-test-positive-for-covid-19/1887245 https://www.espncricinfo.com/story/_/id/29352210/seven-more-pakistan-players-test-positive-covid-19 https://www.espncricinfo.com/story/seven-more-pakistan-players-test-positive-for-covid-19-1225513,"Tested Monday 22 June; announced 23 June; 'no player reported any symptoms'; quote: The new names on the list are Kashif Bhatti, Mohammad Hasnain, Fakhar Zaman, Mohammad Rizwan, Mohammad Hafeez, Wahab Riaz, and Imran Khan. | Announced Tuesday (= published date); asymptomatic.; quote: The new names on the list are Kashif Bhatti, Mohammad Hasnain, Fakhar Zaman, Mohammad Rizwan, Mohammad Hafeez, Wahab Riaz, and Imran Khan. | Announced Tuesday (= published date); asymptomatic.",2020
Fawad Ahmed,1,Islamabad United,,,2021-02-27,relative_to_published,unknown,https://africa.espn.com/cricket/story/_/id/31001025/psl-2021-postponed-more-players-test-positive-covid-19 https://www.espncricinfo.com/story/_/id/30983913/islamabad-quetta-game-postponed-tomorrow-fawad-ahmed-tests-positive-covid-19 https://www.espncricinfo.com/story/_/id/30988713/psl-fawad-ahmed-two-overseas-players-one-support-staffer-test-positive-covid-19 https://www.espncricinfo.com/story/_/id/30996363/psl-2021-pcb-mulls-playing-entire-psl-karachi-recent-covid-19-cases https://www.espncricinfo.com/story/_/id/30997159/psl-2021-pcb-offers-covid-19-vaccine-all-participants https://www.espncricinfo.com/story/_/id/31001025/psl-2021-postponed-more-players-test-positive-covid-19 https://www.espncricinfo.com/story/_/id/31001768/a-line-how-covid-19-forced-psl-2021-suspended https://www.espncricinfo.com/story/a-timeline-of-how-covid-19-forced-the-psl-2021-to-be-suspended-1253711 https://www.espncricinfo.com/story/delayed-start-to-islamabad-quetta-game-after-united-player-tests-positive-for-covid-19-1253438 https://www.espncricinfo.com/story/psl-2021-pcb-mulls-playing-entire-psl-in-karachi-after-recent-covid-19-cases-1253633 https://www.espncricinfo.com/story/psl-2021-pcb-offers-covid-19-vaccine-to-all-participants-1253638 https://www.espncricinfo.com/story/psl-2021-postponed-after-more-players-test-positive-for-covid-19-1253679 https://www.espncricinfo.com/story/psl-after-fawad-ahmed-two-overseas-players-and-one-support-staffer-test-positive-for-covid-19-1253488 https://www.outlookindia.com/website/story/sports-news-psl-2021-coronavirus-hit-pakistan-super-league-fawad-ahmed-in-isolation-after-testing-positive-for-covid-19/375835,"quote: Monday night's Pakistan Super League (PSL) match between Islamabad United and Quetta Gladiators has been postponed to Tuesday after legspinner Fawad Ahmed returned a positive test for Covid-19. | Isolated '2 days ago' (Sat Feb 27, evening of his first PSL appearance); positive announced Mar 1; quote: Monday night's Pakistan Super League (PSL) match between Islamabad United and Quetta Gladiators has been postponed to Tuesday after legspinner Fawad Ahmed returned a positive test for Covid-19. | Isolated '2 days ago' (Sat Feb 27, evening of his first PSL appearance); positive announced Mar 1; quote: Ahmed, it has emerged, tested positive three days ago and was in isolation, but the news became public only before yesterday's game. | 'three days ago' relative to Mar 2 publish; quote: Ahmed, it has emerged, tested positive three days ago and was in isolation, but the news became public only before yesterday's game. | 'three days ago' relative to Mar 2 publish; Had symptoms for two days before and was isolated about Feb 27. Cricinfo says he had tested positive 'three days ago' but it was made public Mar 1.; quote: The first case reported by the PCB was on March 1, when Islamabad United's Australian legspinner Fawad Ahmed tested positive for the virus hours before the 12th match of the season.; quote: The first case reported by the PCB was on March 1, when Islamabad United's Australian legspinner Fawad Ahmed tested positive for the virus hours before the 12th match of the season.; quote: However, three overseas players - Fawad Ahmed, Tom Banton (who revealed his positive test publicly on Wednesday) and another Islamabad United player - and one support staff member with the Karachi Kings (Kamran Khan) testing positive for Covid-19 have led to concerns. | Earlier stories give Feb 27; quote: Legspinner Fawad Ahmed was the first player to test positive for Covid-19 in the ongoing PSL, followed by Tom Banton and another Islamabad United player, and a support staff member of the Karachi Kings, Kamran Khan. | Earlier stories give Feb 27; quote: Legspinner Fawad Ahmed was the first player to test positive for Covid-19 in the ongoing PSL, followed by Tom Banton and another Islamabad United player, and a support staff member of the Karachi Kings, Kamran Khan. | Earlier stories give Feb 27; quote: However, three overseas players - Fawad Ahmed, Tom Banton (who revealed his positive test publicly on Wednesday) and another Islamabad United player - and one support staff member with the Karachi Kings (Kamran Khan) testing positive for Covid-19 have led to concerns. | Test date not given in this story; quote: The game between Islamabad United and Quetta Gladiators is first delayed and then postponed to the following day after Fawad Ahmed returns a positive test. | Timeline story; no explicit date; symptoms/isolation from about Feb 27; quote: The game between Islamabad United and Quetta Gladiators is first delayed and then postponed to the following day after Fawad Ahmed returns a positive test. | Timeline story; no explicit date; symptoms/isolation from about Feb 27",cricinfo_archive
Fawad Ahmed,2,Australia (spin-bowling consultant) / Lahore Qalandars,,,2022-02-28,relative_to_published,unknown,https://www.espncricinfo.com/story/pak-vs-aus-2021-22-australia-s-spin-bowling-consultant-fawad-ahmed-tests-positive-for-covid-19-1303319,quote: Australia's spin-bowling consultant Fawad Ahmed has tested positive for Covid-19 and started his five-day isolation period. | Tested on arrival Monday; in Australia role as staff (consultant) but a Lahore Qalandars PSL player - flag for exclusion if staff; text also says he tested positive at PSL last year,cricinfo_archive
Finn Allen,1,New Zealand,,,2021-08-22,test_date,unknown,https://web.archive.org/web/20210824113046/https://www.nzc.nz/news-items/allen-tests-positive-for-covid-19 https://www.aninews.in/news/sports/cricket/nz-batsman-finn-allen-tests-positive-for-covid-19-on-arrival-in-bdesh20210824164414/ https://www.espncricinfo.com/story/finn-allen-back-in-new-zealand-bio-bubble-after-returning-two-negative-covid-19-tests-1275827 https://www.espncricinfo.com/story/nz-in-ban-finn-allen-tests-positive-for-covid-19-in-dhaka-1274518,"quote: New Zealand opener Finn Allen has tested positive for Covid-19, two days after arriving in Dhaka. | Arrived August 20; two days later; quote: But Allen tested positive two days later. | Arrived Dhaka August 20; now returned two negative tests; Moderate symptoms. Positive 48 hours after arriving in Dhaka.",cricinfo_archive
Gareth Delany,1,Ireland,international,Ireland tour of USA 2021-22,2021-12-17,announcement,unknown,https://www.espncricinfo.com/story/four-ireland-players-assistant-coach-test-covid-19-positive-ahead-of-usa-caribbean-tours-1293673 https://www.espncricinfo.com/story/https%3A%2F%2Fwww.espncricinfo.com%2Fstory%2Ffour-ireland-players-assistant-coach-test-covid-19-positive-ahead-of-usa-caribbean-tours-1293673 https://www.espncricinfo.com/story/united-states-of-america-v-ireland-steven-taylor-aaron-jones-among-four-covid-19-positive-cases-in-usa-camp-1294023,"Already in Florida after playing the US Open T20.; quote: Harry Tector and Gareth Delany , already in Florida, having played in the recent US T20 Open tournament, returned positive tests for Covid-19 prior to joining with squad and have begun their 10-day in-room isolation.",2021H2
Geet Puri,1,Bengal,,,2022-01-03,published,unknown,https://www.espncricinfo.com/story/_/id/32983231/covid-19-six-bengal-players-team-assistant-coach-test-positive-ahead-ranji-trophy-2021-22 https://www.espncricinfo.com/story/https%3A%2F%2Fwww.espncricinfo.com%2Fstory%2Fcovid-19-six-bengal-players-and-teams-assistant-coach-test-positive-ahead-of-ranji-trophy-2021-22-1295177,"quote: A PTI report quoted sources as saying that the seven people in question are players Sudip Chatterjee , Anustup Majumdar , Kazi Junaid Saifi , Geet Puri , Pradipta Pramanik and Sujit Yadav , and assistant coach Saurasish Lahiri . | tested over the weekend (Jan 1-2, 2022); names via PTI; quote: A PTI report quoted sources as saying that the seven people in question are players Sudip Chatterjee , Anustup Majumdar , Kazi Junaid Saifi , Geet Puri , Pradipta Pramanik and Sujit Yadav , and assistant coach Saurasish Lahiri . | tested over the weekend (Jan 1-2, 2022); names via PTI",cricinfo_archive
George Dockrell,1,Ireland,international,Ireland tour of USA 2021-22,2021-12-17,announcement,unknown,https://www.espncricinfo.com/story/four-ireland-players-assistant-coach-test-covid-19-positive-ahead-of-usa-caribbean-tours-1293673 https://www.espncricinfo.com/story/https%3A%2F%2Fwww.espncricinfo.com%2Fstory%2Ffour-ireland-players-assistant-coach-test-covid-19-positive-ahead-of-usa-caribbean-tours-1293673 https://www.espncricinfo.com/story/united-states-of-america-v-ireland-steven-taylor-aaron-jones-among-four-covid-19-positive-cases-in-usa-camp-1294023,"Positive in pre-series testing in Ireland.; quote: According to a Cricket Ireland release, Barry McCarthy and George Dockrell tested positive during pre-series testing and were not part of the squad that arrived in Miami on Friday. | pre-series testing, exact date not given",2021H2
George Dockrell,2,Ireland,international,Men's T20 World Cup 2022 (Super 12 v Sri Lanka),2022-10-23,announcement_date,yes,https://www.cricket.com.au/news/adam-zampa-tests-positive-for-covid-australia-t20-world-cup-sri-lanka-perth-stadium/2022-10-25 https://www.espn.com/cricket/story/_/id/34858825/ire-vs-sl-t20wworld-cup-2022-ireland-george-dockrell-plays-super-12-match-being-covid-positive https://www.espncricinfo.com/story/_/id/34858825/ire-vs-sl-t20wworld-cup-2022-ireland-george-dockrell-plays-super-12-match-being-covid-positive https://www.espncricinfo.com/story/ire-vs-sl-t20wworld-cup-2022-ireland-s-george-dockrell-plays-super-12-match-despite-being-covid-positive-1341177,PLAYED WHILE POSITIVE: Cricket Ireland called him 'potentially positive'; very mild symptoms; scored 14 off 16 in Hobart; travelled separately from the squad; quote: Ireland allrounder George Dockrell took part in the T20 World Cup Super 12 match against Sri Lanka on Sunday despite testing positive for Covid-19. | Played while positive; test date not stated; quote: Ireland allrounder George Dockrell took part in the T20 World Cup Super 12 match against Sri Lanka on Sunday despite testing positive for Covid-19. | Played while positive; test date not stated,2022H2
Glenn Maxwell,1,Melbourne Stars,franchise,BBL 2021-22,2022-01-05,test_date,unknown,https://www.cricket.com.au/news/glenn-maxwell-covid-19-melbourne-stars-bbl-big-bash-league-positive-hilton-cartwright/2022-01-05 https://www.espncricinfo.com/story/_/id/32995356/bbl-2020-21-more-covid-chaos-hits-bbl-brisbane-heat-game-postponed https://www.espncricinfo.com/story/bbl-2020-21-more-covid-chaos-hits-bbl-with-brisbane-heat-game-postponed-1295465 https://www.outlookindia.com/sports/sports-news-glenn-maxwell-australia-all-rounder-and-melbourne-stars-captain-tests-covid-19-positive-news-408311,"Positive rapid test; 13th Stars player to test positive (second source not opened); quote: Earlier on Wednesday, Melbourne Stars confirmed captain Glenn Maxwell returned a positive rapid antigen test for Covid-19 following their loss to Melbourne Renegades on Monday night. | rapid antigen positive; PCR result pending at publication; quote: Earlier on Wednesday, Melbourne Stars confirmed captain Glenn Maxwell returned a positive rapid antigen test for Covid-19 following their loss to Melbourne Renegades on Monday night. | rapid antigen positive; PCR result pending at publication",2022H1
Glenn McGrath,1,Australia (former player),,,2022-01-02,published,unknown,https://www.espncricinfo.com/story/australia-vs-england-4th-ashes-test-isolating-england-coach-chris-silverwood-now-found-to-be-covid-positive-1295102,"quote: Glenn McGrath has also tested positive meaning he will be unable to take part in events leading into the Test which raises money for the Jane McGrath cancer foundation. | retired player, not in a playing squad; Adam Hollioake close contact excluded as incoming coaching staff",cricinfo_archive
Gyanendra Malla,1,Nepal,international,Nepal national training camp 2020,2020-11-25,announcement,unknown,"https://www.espncricinfo.com/story/_/id/30387410/nepal-captain-gyanendra-malla,-two-others-covid-19-positive https://www.espncricinfo.com/story/_/id/30404105/sandeep-lamichhane-tests-positive-covid-19 https://www.espncricinfo.com/story/nepal-captain-gyanendra-malla-two-others-covid-19-positive-1239976 https://www.espncricinfo.com/story/sandeep-lamichhane-tests-positive-for-covid-19-1240241","Captain; CAN pre-camp testing; announced Wednesday 25 Nov; quote: Nepal captain Gyanendra Malla , along with vice-captain Dipendra Singh Airee and batsman Rohit Paudel , have all tested positive for Covid-19. | Announced by CAN ahead of national training camp; quote: Nepal captain Gyanendra Malla , along with vice-captain Dipendra Singh Airee and batsman Rohit Paudel , have all tested positive for Covid-19. | Announced by CAN ahead of national training camp; quote: On Wednesday, the Cricket Association of Nepal (CAN) had announced that captain Gyanendra Malla, vice-captain Dipendra Singh Airee and batsman Rohit Paudel had tested positive alongside Pradeep Lama, a member of the staff. | Date is CAN announcement ('On Wednesday'); quote: On Wednesday, the Cricket Association of Nepal (CAN) had announced that captain Gyanendra Malla, vice-captain Dipendra Singh Airee and batsman Rohit Paudel had tested positive alongside Pradeep Lama, a member of the staff. | Date is CAN announcement ('On Wednesday')",cricinfo_index
Haider Ali,1,Pakistan,international,Pakistan tour of England 2020 (pre-departure tests),2020-06-21,test_date,no,"https://gulfnews.com/amp/sport/cricket/ahead-of-england-tour-three-pakistan-players-test-positive-for-covid-19-1.1592844942163 https://www.aa.com.tr/en/asia-pacific/pakistan-7-more-cricketers-test-positive-for-covid-19/1887245 https://www.espncricinfo.com/story/_/id/29347984/shadab-khan,-haris-rauf,-haider-ali-test-positive-covid-19 https://www.espncricinfo.com/story/_/id/29351550/ashley-giles-concerned-pakistan-trio-positive-covid-19-tests https://www.espncricinfo.com/story/_/id/29352210/seven-more-pakistan-players-test-positive-covid-19 https://www.espncricinfo.com/story/_/id/29373424/mohammad-hafeez,-five-others-return-negative-results-pcb-covid-19-restests https://www.espncricinfo.com/story/_/id/29385923/mohammad-hafeez,-five-others-join-squad-worcester-following-second-negative-covid-19-tests https://www.espncricinfo.com/story/ashley-giles-concerned-by-pakistan-trio-s-positive-covid-19-tests-1225499 https://www.espncricinfo.com/story/mohammad-hafeez-five-others-return-negative-results-in-pcb-covid-19-retests-1225794 https://www.espncricinfo.com/story/mohammad-hafeez-five-others-to-join-pakistan-squad-in-england-after-second-negative-covid-19-test-1225902 https://www.espncricinfo.com/story/seven-more-pakistan-players-test-positive-for-covid-19-1225513 https://www.espncricinfo.com/story/shadab-khan-haris-rauf-haider-ali-test-positive-for-covid-19-1225449","Announced 22 June; no symptoms. Seed had 6/23; quote: Haider Ali , Shadab Khan and Haris Rauf have tested positive for Covid-19, the PCB have announced. | Asymptomatic per PCB.; quote: Haider Ali , Shadab Khan and Haris Rauf have tested positive for Covid-19, the PCB have announced. | Asymptomatic per PCB.; quote: But it was announced on Monday that three Pakistan players - Haider Ali , Shadab Khan and Haris Rauf - had tested positive for the virus. | Announced Monday.; quote: But it was announced on Monday that three Pakistan players - Haider Ali , Shadab Khan and Haris Rauf - had tested positive for the virus. | Announced Monday.; quote: On Monday, Shadab Khan, Haider Ali, and Haris Rauf had tested positive . | Announced Monday, day before this story.; quote: On Monday, Shadab Khan, Haider Ali, and Haris Rauf had tested positive . | Announced Monday, day before this story.; quote: He added that Kashif Bhatti, Haris Rauf, Haider Ali and Imran Khan had tested positive again, as had team masseur Malang Ali. | Second positive, announced Saturday; first positive tests carried out on the 21st per Wasim Khan.; quote: He added that Kashif Bhatti, Haris Rauf, Haider Ali and Imran Khan had tested positive again, as had team masseur Malang Ali. | Second positive, announced Saturday; first positive tests carried out on the 21st per Wasim Khan.; quote: Meanwhile, Kashif Bhatti, Haris Rauf, Haider Ali and Imran Khan have tested positive, but are believed to be asymptomatic and are in isolation.; quote: Meanwhile, Kashif Bhatti, Haris Rauf, Haider Ali and Imran Khan have tested positive, but are believed to be asymptomatic and are in isolation.",2020
Haider Ali,2,Peshawar Zalmi,franchise,PSL 2022,2022-01-25,announcement,unknown,https://www.thenews.com.pk/latest/928010-psl-7-karachi-kingss-president-wasim-akram-skipper-wahab-riaz-contract-covid-19,,2022H1
Haris Rauf,1,Pakistan,international,Pakistan tour of England 2020 (pre-departure tests),2020-06-21,test_date,no,"https://gulfnews.com/amp/sport/cricket/ahead-of-england-tour-three-pakistan-players-test-positive-for-covid-19-1.1592844942163 https://www.aa.com.tr/en/asia-pacific/pakistan-7-more-cricketers-test-positive-for-covid-19/1887245 https://www.espncricinfo.com/story/_/id/29347984/shadab-khan,-haris-rauf,-haider-ali-test-positive-covid-19 https://www.espncricinfo.com/story/_/id/29351550/ashley-giles-concerned-pakistan-trio-positive-covid-19-tests https://www.espncricinfo.com/story/_/id/29352210/seven-more-pakistan-players-test-positive-covid-19 https://www.espncricinfo.com/story/_/id/29373424/mohammad-hafeez,-five-others-return-negative-results-pcb-covid-19-restests https://www.espncricinfo.com/story/_/id/29385923/mohammad-hafeez,-five-others-join-squad-worcester-following-second-negative-covid-19-tests https://www.espncricinfo.com/story/_/id/29416641/haider-ali,-imran-khan-kashif-bhatti-return-two-negative-tests-covid-19 https://www.espncricinfo.com/story/ashley-giles-concerned-by-pakistan-trio-s-positive-covid-19-tests-1225499 https://www.espncricinfo.com/story/haider-ali-imran-khan-and-kashif-bhatti-return-two-negative-tests-for-covid-19-1226267 https://www.espncricinfo.com/story/mohammad-hafeez-five-others-return-negative-results-in-pcb-covid-19-retests-1225794 https://www.espncricinfo.com/story/mohammad-hafeez-five-others-to-join-pakistan-squad-in-england-after-second-negative-covid-19-test-1225902 https://www.espncricinfo.com/story/seven-more-pakistan-players-test-positive-for-covid-19-1225513 https://www.espncricinfo.com/story/shadab-khan-haris-rauf-haider-ali-test-positive-for-covid-19-1225449","Announced 22 June; no symptoms; reportedly tested positive again in follow-up tests (search summary only). Seed had 6/23; quote: Haider Ali , Shadab Khan and Haris Rauf have tested positive for Covid-19, the PCB have announced. | Asymptomatic per PCB.; quote: Haider Ali , Shadab Khan and Haris Rauf have tested positive for Covid-19, the PCB have announced. | Asymptomatic per PCB.; quote: But it was announced on Monday that three Pakistan players - Haider Ali , Shadab Khan and Haris Rauf - had tested positive for the virus. | Announced Monday.; quote: But it was announced on Monday that three Pakistan players - Haider Ali , Shadab Khan and Haris Rauf - had tested positive for the virus. | Announced Monday.; quote: On Monday, Shadab Khan, Haider Ali, and Haris Rauf had tested positive . | Announced Monday, day before this story.; quote: On Monday, Shadab Khan, Haider Ali, and Haris Rauf had tested positive . | Announced Monday, day before this story.; quote: He added that Kashif Bhatti, Haris Rauf, Haider Ali and Imran Khan had tested positive again, as had team masseur Malang Ali. | Second positive, announced Saturday; first positive tests carried out on the 21st per Wasim Khan.; quote: He added that Kashif Bhatti, Haris Rauf, Haider Ali and Imran Khan had tested positive again, as had team masseur Malang Ali. | Second positive, announced Saturday; first positive tests carried out on the 21st per Wasim Khan.; quote: Meanwhile, Kashif Bhatti, Haris Rauf, Haider Ali and Imran Khan have tested positive, but are believed to be asymptomatic and are in isolation.; quote: Meanwhile, Kashif Bhatti, Haris Rauf, Haider Ali and Imran Khan have tested positive, but are believed to be asymptomatic and are in isolation.; quote: Haris Rauf , meanwhile, tested positive once again, though he remains asymptomatic. | Repeat positive; originally positive the previous month.; quote: Haris Rauf , meanwhile, tested positive once again, though he remains asymptomatic. | Repeat positive; originally positive the previous month.",2020
Haris Rauf,2,Pakistan,international,Australia tour of Pakistan Tests,2022-03-01,test_date,unknown,https://www.espncricinfo.com/story/https%3A%2F%2Fwww.espncricinfo.com%2Fstory%2Fpak-vs-aus-2021-22-haris-rauf-ruled-out-of-first-test-against-australia-after-testing-positive-for-covid-19-1303174 https://www.espncricinfo.com/story/pak-vs-aus-2021-22-haris-rauf-tests-positive-for-covid-19-likely-to-be-ruled-out-of-first-test-against-australia-1303174,Rapid test on Tuesday; replaced by Naseem Shah; read via Wayback; quote: Rauf had cleared a Covid test on arrival in Islamabad on Monday afternoon but he tested positive from a Rapid Antigen Test on Tuesday. | Tuesday = publication day,2022H1
Harmanpreet Kaur,1,India women,international,After India women v South Africa women series (Lucknow),2021-03-29,test_date,yes,https://sportscafe.in/cricket/articles/2021/mar/30/indian-womens-t-20-captain-harmanpreet-kaur-tests-covid-19-positive https://www.espncricinfo.com/story/_/id/31163258/india-women-t20i-captain-harmanpreet-kaur-tests-positive-covid-19 https://www.espncricinfo.com/story/india-women-s-t20i-captain-harmanpreet-kaur-tests-positive-for-covid-19-1257236,Fever for four days before testing positive on Monday Mar 29. Announced Mar 30.; quote: ESPNcricinfo understands that the India T20I captain experienced a fever for four days before testing positive on Monday.; quote: ESPNcricinfo understands that the India T20I captain experienced a fever for four days before testing positive on Monday.,2021H1
Harry Tector,1,Ireland,international,Ireland tour of USA 2021-22,2021-12-17,announcement,unknown,https://www.espncricinfo.com/story/four-ireland-players-assistant-coach-test-covid-19-positive-ahead-of-usa-caribbean-tours-1293673 https://www.espncricinfo.com/story/https%3A%2F%2Fwww.espncricinfo.com%2Fstory%2Ffour-ireland-players-assistant-coach-test-covid-19-positive-ahead-of-usa-caribbean-tours-1293673 https://www.espncricinfo.com/story/united-states-of-america-v-ireland-steven-taylor-aaron-jones-among-four-covid-19-positive-cases-in-usa-camp-1294023,"Already in Florida after playing the US Open T20.; quote: Harry Tector and Gareth Delany , already in Florida, having played in the recent US T20 Open tournament, returned positive tests for Covid-19 prior to joining with squad and have begun their 10-day in-room isolation.",2021H2
Hayden Walsh,1,West Indies,,,2021-01-13,relative_to_published,unknown,"https://www.espncricinfo.com/story/_/id/30714175/ban-vs-wi,-2021-22-hayden-walsh-ruled-bangladesh-odi-series-testing-positive-covid-19 https://www.espncricinfo.com/story/ban-vs-wi-2021-22-hayden-walsh-ruled-out-of-bangladesh-odi-series-after-testing-positive-for-covid-19-1247849","quote: Walsh, who is asymptomatic, had tested negative upon arrival in Dhaka on January 10. But tests on Wednesday and Thursday came out positive, and he is now in self-isolation until he gets two negative results. | Positive tests Wednesday Jan 13 and Thursday Jan 14; quote: Walsh, who is asymptomatic, had tested negative upon arrival in Dhaka on January 10. But tests on Wednesday and Thursday came out positive, and he is now in self-isolation until he gets two negative results. | Positive tests Wednesday Jan 13 and Thursday Jan 14",cricinfo_archive
Heinrich Klaasen,1,South Africa,international,England tour of South Africa 2020-21,2020-12-03,test_date,yes,https://www.espn.com/cricket/story/_/id/30866337/pak-vs-sa-t20is-heinrich-klaasen-covid-19-not-run-20-30-metres-heart-rate-going-too-high https://www.espncricinfo.com/story/_/id/30475723/south-africa-vs-england-squad-cleared-fly-home-confirmation-false-positives https://www.espncricinfo.com/story/south-africa-vs-england-squad-cleared-to-fly-home-after-confirmation-of-false-positives-1241531,"Named only in Feb 2021 (article dated 9 Feb 2021); very ill for 16-17 days; not hospitalised; quote: Meanwhile, the South African player who tested positive before the ODI series - understood to be Heinrich Klaasen, who also missed the third T20I - has returned home to Johannesburg after returning a negative test on Monday. | Positive before ODI series vs England (early Dec 2020); identity 'understood'; later negative on Monday; quote: Meanwhile, the South African player who tested positive before the ODI series - understood to be Heinrich Klaasen, who also missed the third T20I - has returned home to Johannesburg after returning a negative test on Monday. | Positive before ODI series vs England (early Dec 2020); identity 'understood'; later negative on Monday",2020
Henry Nicholls,1,New Zealand,international,New Zealand tour of England,2022-05-20,test_date,unknown,"https://africa.espn.com/cricket/story/_/id/34065913/england-vs-nz-2nd-test-kane-williamson-miss-second-test-testing-positive-covid https://www.espncricinfo.com/story/_/id/33949782/new-zealand-nicholls,-tickner,-jurgensen-test-positive-covid-19 https://www.espncricinfo.com/story/new-zealand-s-nicholls-tickner-jurgensen-test-positive-for-covid-19-1315909 https://www.india.com/sports/eng-vs-nz-henry-nicholls-blair-tickner-and-coach-shane-jurgensen-test-positive-for-covid-ahead-of-lords-test-5403469/","Rapid test on the morning of the Sussex warm-up in Brighton (Friday); source prints ""May 19"" but that Friday was 20 May; quote: Three members of New Zealand's touring party - fast bowler Blair Tickner , batter Henry Nicholls , and bowling coach Shane Jurgensen - have tested positive for Covid-19 in Brighton. | Positive RAT Friday morning (publication day); quote: All three have begun five days of hotel room isolation after producing positive Rapid Antigen Tests on Friday morning. | Named in preceding sentence as batter Henry Nicholls; RAT Friday morning",2022H1
Iftekhar Hossain,1,Bangladesh U-19,,,2020-08-17,relative_to_published,unknown,https://www.espncricinfo.com/story/_/id/29693346/covid-19-bangladesh-u-19-cricketer-iftekhar-hossain-tests-positive,quote: Bangladesh U-19 player Iftekhar Hossain has tested positive for Covid-19 during the second batch of tests at the Shere Bangla National Stadium's academy building on Monday. | Tested Monday; published Wed 2020-08-19.,cricinfo_archive
Imran Butt,1,Pakistan,,,2020-06-27,published,unknown,"https://www.espncricinfo.com/story/_/id/29373424/mohammad-hafeez,-five-others-return-negative-results-pcb-covid-19-restests https://www.espncricinfo.com/story/mohammad-hafeez-five-others-return-negative-results-in-pcb-covid-19-retests-1225794","quote: One of the reserves, Imran Butt, returned a positive result. | Reserve player called up as cover.; quote: One of the reserves, Imran Butt, returned a positive result. | Reserve player called up as cover.",cricinfo_archive
Imran Khan,1,Pakistan,international,Pakistan tour of England 2020 (pre-departure tests),2020-06-22,test_date,no,"https://www.aa.com.tr/en/asia-pacific/pakistan-7-more-cricketers-test-positive-for-covid-19/1887245 https://www.espncricinfo.com/story/_/id/29352210/seven-more-pakistan-players-test-positive-covid-19 https://www.espncricinfo.com/story/_/id/29373424/mohammad-hafeez,-five-others-return-negative-results-pcb-covid-19-restests https://www.espncricinfo.com/story/_/id/29385923/mohammad-hafeez,-five-others-join-squad-worcester-following-second-negative-covid-19-tests https://www.espncricinfo.com/story/mohammad-hafeez-five-others-return-negative-results-in-pcb-covid-19-retests-1225794 https://www.espncricinfo.com/story/mohammad-hafeez-five-others-to-join-pakistan-squad-in-england-after-second-negative-covid-19-test-1225902 https://www.espncricinfo.com/story/seven-more-pakistan-players-test-positive-for-covid-19-1225513","Tested 22 June; announced 23 June; quote: The new names on the list are Kashif Bhatti, Mohammad Hasnain, Fakhar Zaman, Mohammad Rizwan, Mohammad Hafeez, Wahab Riaz, and Imran Khan. | Announced Tuesday (= published date); asymptomatic.; quote: The new names on the list are Kashif Bhatti, Mohammad Hasnain, Fakhar Zaman, Mohammad Rizwan, Mohammad Hafeez, Wahab Riaz, and Imran Khan. | Announced Tuesday (= published date); asymptomatic.; quote: He added that Kashif Bhatti, Haris Rauf, Haider Ali and Imran Khan had tested positive again, as had team masseur Malang Ali. | Second positive, announced Saturday; first positive tests carried out on the 21st per Wasim Khan.; quote: He added that Kashif Bhatti, Haris Rauf, Haider Ali and Imran Khan had tested positive again, as had team masseur Malang Ali. | Second positive, announced Saturday; first positive tests carried out on the 21st per Wasim Khan.; quote: Meanwhile, Kashif Bhatti, Haris Rauf, Haider Ali and Imran Khan have tested positive, but are believed to be asymptomatic and are in isolation.; quote: Meanwhile, Kashif Bhatti, Haris Rauf, Haider Ali and Imran Khan have tested positive, but are believed to be asymptomatic and are in isolation.",2020
Irfan Pathan,1,India Legends (retired),international,Road Safety World Series 2021 (Raipur; retired players),2021-03-29,announcement,no,https://www.espncricinfo.com/story/_/id/31159443/irfan-pathan-fourth-player-test-covid-19-positive-road-safety-world-series https://www.espncricinfo.com/story/_/id/31163258/india-women-t20i-captain-harmanpreet-kaur-tests-positive-covid-19 https://www.espncricinfo.com/story/_/id/31181122/covid-19-sachin-tendulkar-hospitalised-matter-abundant-precaution https://www.espncricinfo.com/story/_/id/31214647/covid-19-sachin-tendulkar-discharged-hospital-testing-negative https://www.espncricinfo.com/story/covid-19-sachin-tendulkar-discharged-from-hospital-after-testing-negative-1258244 https://www.espncricinfo.com/story/covid-19-sachin-tendulkar-hospitalised-as-a-matter-of-abundant-precaution-1257568 https://www.espncricinfo.com/story/india-women-s-t20i-captain-harmanpreet-kaur-tests-positive-for-covid-19-1257236 https://www.espncricinfo.com/story/irfan-pathan-fourth-player-to-test-covid-19-positive-in-road-safety-world-series-1257196 https://zeenews.india.com/cricket/irfan-pathan-4th-cricketer-to-test-covid-19-positive-in-road-safety-world-series-including-sachin-tendulkar-2351465.html,"Retired (January 2020). Tweeted that he had 'no symptoms'.; quote: Irfan Pathan has become the fourth player to test positive for Covid-19 from among those who played in the recently concluded Road Safety World Series , a T20 tournament that pitted former players from India, England, West Indies, Bangladesh, South Africa and Sri Lanka against each other. | Date = tweet announcement March 29; quote: Irfan Pathan has become the fourth player to test positive for Covid-19 from among those who played in the recently concluded Road Safety World Series , a T20 tournament that pitted former players from India, England, West Indies, Bangladesh, South Africa and Sri Lanka against each other. | Date = tweet announcement March 29; quote: Separately, a number of former Indian cricketers, who were part of the Road Safety Series in Raipur, have tested positive for Covid-19 : Sachin Tendulkar, Yusuf Pathan, S Badrinath and Irfan Pathan have returned positive tests. | Recap; date not given; quote: Separately, a number of former Indian cricketers, who were part of the Road Safety Series in Raipur, have tested positive for Covid-19 : Sachin Tendulkar, Yusuf Pathan, S Badrinath and Irfan Pathan have returned positive tests. | Recap; date not given; quote: Tendulkar, as well as the Pathans Yusuf and Irfan, and S Badrinath were the players to have taken part in the Road Safety World Series to test positive for the virus over the past few days. | Recap; 'over the past few days'; quote: Tendulkar, as well as the Pathans Yusuf and Irfan, and S Badrinath were the players to have taken part in the Road Safety World Series to test positive for the virus over the past few days. | Recap; 'over the past few days'; quote: A week after Tendulkar led India Legends to the title, he was among four players - Irfan and Yusuf Pathan and S Badrinath - to test positive. | Recap; about a week after Mar 21 final; quote: A week after Tendulkar led India Legends to the title, he was among four players - Irfan and Yusuf Pathan and S Badrinath - to test positive. | Recap; about a week after Mar 21 final",2021H1
Isuru Udana,1,Sri Lanka,international,Sri Lanka tour of Bangladesh 2021,2021-05-23,announcement,unknown,https://cricketaddictor.com/cricket-news/first-odi-between-bangladesh-and-sri-lanka-to-go-ahead-as-isuru-udana-and-chaminda-vaas-test-negative-for-covid-19-in-second-rt-pcr-test/,"Positive at first, NEGATIVE on the second RT-PCR test and played on. Probably a false positive. Consider dropping.",2021H1
Jack Edwards,1,Sydney Sixers,franchise,BBL 2021-22,2022-01-26,announcement,unknown,https://www.cricket.com.au/news/3315508/sixers-hit-by-covid-injury-drama-in-bbl-finals-lead-up https://www.espncricinfo.com/story/https%3A%2F%2Fwww.espncricinfo.com%2Fstory%2Fbbl-2021-22-josh-philippe-ruled-out-of-bbl-challenger-due-to-positive-covid-test-1298788 https://www.lokmattimes.com/cricket/news/bbl-sydney-sixers-wicketkeeper-josh-philippe-tests-positive-for-covid-19/,CONFLICT: Sixers statement (26 Jan) says positive diagnosis; cricket.com.au (22 Jan) says he was isolating as a close contact of brother Mickey; quote: Philippe becomes the third Sixers player to test positive in the last week after Jack Edwards and Mickey Edwards both tested positive on the eve of the Qualifier against Scorchers in Melbourne. | Tested positive on eve of Qualifier (date not given),2022H1
Jaden Carmichael,1,West Indies U19,,,2022-01-21,published,unknown,https://www.espncricinfo.com/story/two-west-indies-players-sidelined-with-covid-19-at-under-19-world-cup-2022-1298262 https://www.espncricinfo.com/story/under-19-world-cup-india-add-vasu-vats-as-temporary-covid-replacement-for-manav-parakh-1298371,"quote: Two players from the West Indies squad, Onaje Amory and Jaden Carmichael , have tested Covid positive at the U-19 World Cup.; quote: Four Zimbabwe players had tested positive before the tournament, and on Friday, the West Indies team, after the ICC's approval, had two players temporarily replaced in the squad after Onaje Amory and Jaden Carmichael tested positive. | Replacement approved Friday 2022-01-21",cricinfo_archive
James Vince,1,Multan Sultans (England),franchise,PSL 2020 playoffs,2020-11-09,announcement,unknown,https://www.espncricinfo.com/story/_/id/30283785/james-vince-set-miss-psl-playoffs-positive-covid-19-test https://www.espncricinfo.com/story/james-vince-set-to-miss-psl-playoffs-after-positive-covid-19-test-1238799,Required to self-isolate 10 days from the positive test; followed Mahmudullah's withdrawal; quote: James Vince 's involvement in the Pakistan Super League (PSL) is in doubt after he tested positive for Covid-19. | Asymptomatic; test date not stated.; quote: James Vince 's involvement in the Pakistan Super League (PSL) is in doubt after he tested positive for Covid-19. | Asymptomatic; test date not stated.,cricinfo_index
Janith Liyanage,1,Sri Lanka,international,Zimbabwe tour of Sri Lanka ODIs,2022-01-09,announcement,unknown,https://www.thepapare.com/janith-liyanage-to-miss-zimbabwe-odis-due-to-covid-19/,Expected to be picked for the squad; read via Wayback,2022H1
Jaskaran Malhotra,1,USA,international,Ireland tour of USA 2021-22,2021-12-21,announcement,unknown,https://www.espncricinfo.com/story/united-states-of-america-v-ireland-steven-taylor-aaron-jones-among-four-covid-19-positive-cases-in-usa-camp-1294023,"quote: The four players affected, which also include Jaskaran Malhotra and Karima Gore , learnt of their test results prior to the start of the squad's official training camp, though most players were already present in Florida to participate in the annual US Open T20 tournament.",2021H2
Jeffrey Vandersay,1,Sri Lanka,international,Sri Lanka v Australia Test series 2022,2022-07-06,test_date,yes,"https://africa.espn.com/cricket/story/_/id/34204205/sl-vs-aus-2nd-test-2022-dhananjaya-de-silva-asitha-fernando-jeffrey-vandersay-join-sri-lanka-covid-19-list https://www.cricket.com.au/news/pathum-nissanka-positive-covid-result-outbreak-second-test-sri-lanka-australia-galle-oshada-fernando/2022-07-11 https://www.espncricinfo.com/story/_/id/34204205/sl-vs-aus,-2nd-test,-2022-dhananjaya-de-silva,-asitha-fernando-jeffrey-vandersay-join-sri-lanka-covid-19-list https://www.espncricinfo.com/story/sl-vs-aus-2nd-test-2022-dhananjaya-de-silva-asitha-fernando-and-jeffrey-vandersay-join-sri-lanka-covid-19-list-1323495","Positive result came back Wednesday; had reported feeling unwell; ruled out of 2nd Test; quote: Sri Lanka have been hit by three more Covid-19 cases on the eve of the second Test against Australia, with Dhananjaya de Silva , Asitha Fernando and Jeffrey Vandersay ruled out of the game in Galle. | Positive results came back on Wednesday; quote: Sri Lanka have been hit by three more Covid-19 cases on the eve of the second Test against Australia, with Dhananjaya de Silva , Asitha Fernando and Jeffrey Vandersay ruled out of the game in Galle. | Positive results came back on Wednesday",2022H2
Jess Jonassen,1,Australia women,,,2022-07-12,published,unknown,https://www.espncricinfo.com/story/_/id/34229843/australia-news-jess-jonassen-miss-start-ireland-tri-series-due-covid https://www.espncricinfo.com/story/australia-news-jess-jonassen-to-miss-start-of-ireland-tri-series-due-to-covid-1324190,quote: Australia left-arm spinner Jess Jonassen will miss the start of the T20I tri-series in Ireland after testing positive for Covid-19.; quote: Australia left-arm spinner Jess Jonassen will miss the start of the T20I tri-series in Ireland after testing positive for Covid-19.,cricinfo_archive
Joe Burns,1,Melbourne Stars,franchise,BBL|12 opener v Perth Scorchers,2022-12-13,announcement_date,unknown,https://www.abc.net.au/news/2022-12-14/big-bash-adds-third-change-room-for-covid-positive-players/101769946,PLAYED WHILE POSITIVE: retired on 18 with a hamstring injury; separate dressing room and car,2022H2
Joe Clarke,1,Melbourne Stars,franchise,BBL 2021-22,2022-01-03,announcement,unknown,https://www.cricket.com.au/news/melbourne-stars-covid-19-cases-tom-rogers-joe-clarke-bbl-replacement-player-renegades/2022-01-03 https://www.espn.com/cricket/story/_/id/32983895/bbl-2021-22-stock-taking-how-teams-grappling-covid-19-departure-key-players https://www.espncricinfo.com/story/_/id/32987774/bbl-2021-22-bbl-hub-agenda-amid-covid-19-outbreaks https://www.espncricinfo.com/story/bbl-2021-22-stock-taking-how-the-teams-are-grappling-with-covid-19-and-departure-of-key-players-1295216 https://www.espncricinfo.com/story/https%3A%2F%2Fwww.espncricinfo.com%2Fstory%2Fbbl-2021-22-cartwright-opens-up-on-mental-impact-of-bbl-covid-19-outbreak-1295327,"Positive PCR test; quote: Stars have been clearly the most-affected team, with openers Joe Clarke and Tom Rogers the latest players to test positive for Covid-19.; quote: The former Australia Test player had talks with the Stars' wellbeing staff following opening batters Joe Clarke and Tom Rogers being forced out of the Melbourne derby at the MCG. | text only says 'forced out' amid Stars Covid outbreak; positive stated explicitly in story 1295216; quote: The former Australia Test player had talks with the Stars' wellbeing staff following opening batters Joe Clarke and Tom Rogers being forced out of the Melbourne derby at the MCG. | text only says 'forced out' amid Stars Covid outbreak; positive stated explicitly in story 1295216",2022H1
Josh Inglis,1,Australia,international,Australia tour of Pakistan ODIs,2022-03-28,announcement,unknown,https://www.espncricinfo.com/story/_/id/33613978/pak-vs-aus-2022-injured-mitchell-marsh-miss-opening-odi-josh-inglis-tests-positive-covid https://www.espncricinfo.com/story/https%3A%2F%2Fwww.espncricinfo.com%2Fstory%2Fpak-vs-aus-2022-injured-mitchell-marsh-to-miss-opening-odi-josh-inglis-tests-positive-for-covid-1307811 https://www.espncricinfo.com/story/https%3A%2F%2Fwww.espncricinfo.com%2Fstory%2Fpakistan-vs-australia-2021-22-ashton-agar-ruled-out-of-odi-series-after-testing-positive-for-covid-1307961 https://www.espncricinfo.com/story/pakistan-vs-australia-2021-22-ashton-agar-ruled-out-of-odi-series-after-testing-positive-for-covid-1307961,"Named as positive ""24 hours"" before Agar; read via Wayback; quote: Pak vs Aus, 1st ODI, 2022 - Injured Mitchell Marsh to miss opening ODI, Josh Inglis tests positive for Covid | Quote is headline; body missing (CSS junk); quote: Pak vs Aus, 1st ODI, 2022 - Injured Mitchell Marsh to miss opening ODI, Josh Inglis tests positive for Covid | Quote is headline; body missing (CSS junk); quote: Cricket Australia (CA) confirmed on Tuesday morning in Pakistan that Agar had tested positive, just 24 hours after Josh Inglis also tested positive . | 24 hours before Agar",2022H1
Josh Philippe,1,Sydney Sixers,franchise,BBL 2021-22,2022-01-26,test_date,unknown,https://www.espncricinfo.com/story/https%3A%2F%2Fwww.espncricinfo.com%2Fstory%2Fbbl-2021-22-josh-philippe-ruled-out-of-bbl-challenger-due-to-positive-covid-test-1298788 https://www.lokmattimes.com/cricket/news/bbl-sydney-sixers-wicketkeeper-josh-philippe-tests-positive-for-covid-19/,"Quotes a Sixers statement (""earlier today""); missed the Challenger final; the Sixers played assistant coach Jay Lenton in his place; quote: Philippe returned the positive test on Wednesday morning and has been forced into isolation for seven days, meaning he has been ruled out of the Challenger and will be unavailable for Friday night's final against Perth Scorchers in Melbourne if the Sixers progress.",2022H1
Junior Dala,1,South Africa,international,South Africa tour of Sri Lanka 2021 (pre-tour),2021-08-23,announcement,unknown,https://www.espncricinfo.com/story/sa-in-sl-2021-sa-bowling-coach-charl-langeveldt-and-seamer-junior-dala-to-miss-sl-tour-1274372,Tested positive 'a few weeks ago' before 23 Aug; exact test date not given. Missed the tour because of Sri Lanka's 21-day rule.,2021H2
Justin Greaves,1,West Indies,international,West Indies tour of Pakistan 2021-22,2021-12-15,test_date,unknown,https://www.espncricinfo.com/story/in-case-you-missed-it-covid-challenges-and-captaincy-changes-1293613 https://www.espncricinfo.com/story/west-indies-in-pakistan-2021-22-tour-in-doubt-as-shai-hope-akeal-hosein-justin-greaves-test-covid-19-positive-1293474 https://www.windiescricket.com/news/further-five-members-west-indies-touring-party-have-tested-positive-covid-19/,"quote: The five include players Shai Hope , Akeal Hosein , and Justin Greaves , along with assistant coach Roddy Estwick and team physician Dr Akshai Mansingh.; quote: Earlier, the game was in doubt after five West Indies players returned positive Covid Tests, including Shai Hope, Akeal Hosein and Justin Greaves. | weekly round-up; text says five players but other stories say 3 players + 2 staff",2021H2
K Gowtham,1,India,,,2021-07-29,test_date,unknown,https://www.espncricinfo.com/story/krunal-pandya-yuzvendra-chahal-and-k-gowtham-return-to-india-after-testing-negative-for-covid-19-in-sri-lanka-1272506 https://www.espncricinfo.com/story/sl-vs-ind-t20i-series-yuzvendra-chahal-and-k-gowtham-test-positive-for-covid-19-in-sri-lanka-1271507,"quote: Chahal and Gowtham, who were part of this group of close contacts, and had initially tested negative, returned positive tests two days later. | 'Two days later' than July 27 = July 29 per this text (story 1271507 says Friday July 30); quote: ESPNcricinfo has learned that Chahal and Gowtham tested positive on Friday. | Previously a close contact of Krunal Pandya; tested negative Thursday",cricinfo_archive
KL Rahul,1,India,international,India tour of West Indies 2022 (pre-T20Is),2022-07-21,announcement_date,unknown,"https://gulfnews.com/sport/cricket/icc/india-vs-west-indies-kl-rahul-tests-positive-for-covid-19-ahead-of-t20is-jadeja-doubtful-for-odis-1.1658430667088 https://www.espncricinfo.com/story/_/id/34276205/kl-rahul-tests-positive-covid-19,-likely-miss-t20is-west-indies https://www.espncricinfo.com/story/kl-rahul-tests-positive-for-covid-19-likely-to-miss-t20is-against-west-indies-1325682","Tested positive while doing rehab at India's National Cricket Academy after groin surgery; likely to miss the West Indies T20Is; quote: Already in a race to prove his fitness ahead of the West Indies T20Is in the Caribbean and USA, KL Rahul endured another setback when he tested positive for Covid-19 on Thursday.; quote: Already in a race to prove his fitness ahead of the West Indies T20Is in the Caribbean and USA, KL Rahul endured another setback when he tested positive for Covid-19 on Thursday.",2022H2
Kamran Akmal,1,Peshawar Zalmi,franchise,PSL 2022,2022-01-24,announcement,unknown,https://www.thenews.com.pk/latest/928010-psl-7-karachi-kingss-president-wasim-akram-skipper-wahab-riaz-contract-covid-19,PCB confirmed on Monday,2022H1
Kane Williamson,1,New Zealand,international,New Zealand tour of England,2022-06-09,test_date,yes,"https://africa.espn.com/cricket/story/_/id/34065913/england-vs-nz-2nd-test-kane-williamson-miss-second-test-testing-positive-covid https://www.espncricinfo.com/story/_/id/34065913/england-vs-nz,-2nd-test-kane-williamson-miss-second-test-testing-positive-covid- https://www.espncricinfo.com/story/england-vs-nz-2nd-test-kane-williamson-to-miss-second-test-after-testing-positive-for-covid-1319258 https://www.outlookindia.com/sports/eng-vs-nz-new-zealand-batter-devon-conway-tests-covid-19-positive-ahead-of-third-england-test-news-202824","Minor symptoms; positive rapid test on the eve of the 2nd Test; quote: Kane Williamson will miss the second LV= Insurance Test against England, starting at Trent Bridge on Friday, after testing positive for Covid-19 on the eve of the match. | RAT Thursday, eve of 2nd Test; quote: Kane Williamson will miss the second LV= Insurance Test against England, starting at Trent Bridge on Friday, after testing positive for Covid-19 on the eve of the match. | RAT Thursday, eve of 2nd Test",2022H1
Karima Gore,1,USA,international,Ireland tour of USA 2021-22,2021-12-21,announcement,unknown,https://www.espncricinfo.com/story/united-states-of-america-v-ireland-steven-taylor-aaron-jones-among-four-covid-19-positive-cases-in-usa-camp-1294023,"quote: The four players affected, which also include Jaskaran Malhotra and Karima Gore , learnt of their test results prior to the start of the squad's official training camp, though most players were already present in Florida to participate in the annual US Open T20 tournament.",2021H2
Karun Nair,1,India / Kings XI Punjab,franchise,IPL 2020 (pre-season),2020-08-12,announcement,unknown,https://www.espn.com/cricket/story/_/id/29646859/karun-nair-recovers-covid-19,Date is when his recovery was reported; the article says only that he tested positive 'recently' and was negative on 8 Aug after more than two weeks isolating (so positive around late July),2020
Kashif Bhatti,1,Pakistan,international,Pakistan tour of England 2020 (pre-departure tests),2020-06-22,test_date,no,"https://www.aa.com.tr/en/asia-pacific/pakistan-7-more-cricketers-test-positive-for-covid-19/1887245 https://www.espncricinfo.com/story/_/id/29352210/seven-more-pakistan-players-test-positive-covid-19 https://www.espncricinfo.com/story/_/id/29373424/mohammad-hafeez,-five-others-return-negative-results-pcb-covid-19-restests https://www.espncricinfo.com/story/_/id/29385923/mohammad-hafeez,-five-others-join-squad-worcester-following-second-negative-covid-19-tests https://www.espncricinfo.com/story/mohammad-hafeez-five-others-return-negative-results-in-pcb-covid-19-retests-1225794 https://www.espncricinfo.com/story/mohammad-hafeez-five-others-to-join-pakistan-squad-in-england-after-second-negative-covid-19-test-1225902 https://www.espncricinfo.com/story/seven-more-pakistan-players-test-positive-for-covid-19-1225513","Tested 22 June; announced 23 June; quote: The new names on the list are Kashif Bhatti, Mohammad Hasnain, Fakhar Zaman, Mohammad Rizwan, Mohammad Hafeez, Wahab Riaz, and Imran Khan. | Announced Tuesday (= published date); asymptomatic.; quote: The new names on the list are Kashif Bhatti, Mohammad Hasnain, Fakhar Zaman, Mohammad Rizwan, Mohammad Hafeez, Wahab Riaz, and Imran Khan. | Announced Tuesday (= published date); asymptomatic.; quote: He added that Kashif Bhatti, Haris Rauf, Haider Ali and Imran Khan had tested positive again, as had team masseur Malang Ali. | Second positive, announced Saturday; first positive tests carried out on the 21st per Wasim Khan.; quote: He added that Kashif Bhatti, Haris Rauf, Haider Ali and Imran Khan had tested positive again, as had team masseur Malang Ali. | Second positive, announced Saturday; first positive tests carried out on the 21st per Wasim Khan.; quote: Meanwhile, Kashif Bhatti, Haris Rauf, Haider Ali and Imran Khan have tested positive, but are believed to be asymptomatic and are in isolation.; quote: Meanwhile, Kashif Bhatti, Haris Rauf, Haider Ali and Imran Khan have tested positive, but are believed to be asymptomatic and are in isolation.",2020
Kazi Junaid Saifi,1,Bengal,,,2022-01-03,published,unknown,https://www.espncricinfo.com/story/_/id/32983231/covid-19-six-bengal-players-team-assistant-coach-test-positive-ahead-ranji-trophy-2021-22 https://www.espncricinfo.com/story/https%3A%2F%2Fwww.espncricinfo.com%2Fstory%2Fcovid-19-six-bengal-players-and-teams-assistant-coach-test-positive-ahead-of-ranji-trophy-2021-22-1295177,"quote: A PTI report quoted sources as saying that the seven people in question are players Sudip Chatterjee , Anustup Majumdar , Kazi Junaid Saifi , Geet Puri , Pradipta Pramanik and Sujit Yadav , and assistant coach Saurasish Lahiri . | tested over the weekend (Jan 1-2, 2022); names via PTI; quote: A PTI report quoted sources as saying that the seven people in question are players Sudip Chatterjee , Anustup Majumdar , Kazi Junaid Saifi , Geet Puri , Pradipta Pramanik and Sujit Yadav , and assistant coach Saurasish Lahiri . | tested over the weekend (Jan 1-2, 2022); names via PTI",cricinfo_archive
Keegan Petersen,1,South Africa,international,South Africa tour of New Zealand,2022-02-02,announcement,no,https://www.espncricinfo.com/story/https%3A%2F%2Fwww.espncricinfo.com%2Fstory%2Fnz-vs-sa-covid-19-puts-keegan-petersen-out-of-south-africa-test-tour-of-new-zealand-1299589 https://www.outlookindia.com/sports/nz-vs-sa-keegan-petersen-ruled-out-of-new-zealand-tour-after-testing-covid-positive-news-56216,"""Well and asymptomatic""; replaced by Zubayr Hamza; quote: Keegan Petersen has been ruled out of South Africa's Test tour of New Zealand because of Covid-19, and has been replaced by Zubayr Hamza .",2022H1
Khaled Ahmed,1,Sylhet Division,,,2021-04-02,published,unknown,https://www.espncricinfo.com/story/_/id/31180904/bangladesh-domestic-ncl-2021-matches-postponed-amid-surge-covid-19-cases,"quote: In their previous round match against Dhaka Division, Sylhet Division struggled to put an XI in the field after six of their players - including captain Alok Kapali and Khaled Ahmed - tested positive. | During NCL second round, completed Thursday Apr 1",cricinfo_archive
Krishnappa Gowtham,1,India,international,India tour of Sri Lanka 2021 (T20Is),2021-07-30,test_date,unknown,https://www.espncricinfo.com/story/sl-vs-ind-t20i-series-yuzvendra-chahal-and-k-gowtham-test-positive-for-covid-19-in-sri-lanka-1271507 https://www.livemint.com/news/india/two-more-indian-cricketers-test-covid-positive-in-sri-lanka-11627642015120.html,One of Krunal's eight close contacts. Positive Fri 30 Jul.,2021H2
Krunal Pandya,1,India,international,India tour of Sri Lanka 2021 (T20Is),2021-07-27,test_date,yes,"https://www.espncricinfo.com/story/_/id/31898177/sl-vs-ind-krunal-pandya-immediate-contacts-test-negative-covid-19 https://www.espncricinfo.com/story/_/id/31904876/sl-vs-ind-2021-2nd-t20i-prithvi-shaw,-suryakumar-yadav,-hardik-pandya,-chahal-india-players-isolation https://www.espncricinfo.com/story/krunal-pandya-yuzvendra-chahal-and-k-gowtham-return-to-india-after-testing-negative-for-covid-19-in-sri-lanka-1272506 https://www.espncricinfo.com/story/sl-vs-ind-2021-2nd-t20i-prithvi-shaw-suryakumar-yadav-hardik-pandya-chahal-among-india-players-in-isolation-1271322 https://www.espncricinfo.com/story/sl-vs-ind-2021-indian-player-tests-positive-for-covid-19-second-t20i-postponed-by-a-day-1271168 https://www.espncricinfo.com/story/sl-vs-ind-2021-krunal-pandya-tests-positive-for-covid-19-second-t20i-postponed-by-a-day-1271168 https://www.espncricinfo.com/story/sl-vs-ind-krunal-pandya-s-immediate-contacts-test-negative-for-covid-19-1271229 https://www.espncricinfo.com/story/sl-vs-ind-t20i-series-yuzvendra-chahal-and-k-gowtham-test-positive-for-covid-19-in-sri-lanka-1271507 https://www.livemint.com/news/india/two-more-indian-cricketers-test-covid-positive-in-sri-lanka-11627642015120.html","Sore throat; positive rapid antigen and RT-PCR tests. Second T20I postponed. Corrects seed date 7/30 to 27 Jul.; quote: Krunal Pandya has tested positive for Covid-19, forcing the second T20I between Sri Lanka and India, scheduled for Tuesday evening, to be pushed back by a day. | Positive rapid antigen and RT-PCR on Tuesday (publication day); quote: On Tuesday, the BCCI confirmed Krunal had tested positive for Covid-19, which led to the SLC postponing the second T20I by a day. | Eight unnamed contacts tested negative; quote: Krunal Pandya tests positive for Covid-19, second T20I against Sri Lanka postponed by a day | Related-link headline in stub; quote: Prithvi Shaw , Suryakumar Yadav , Manish Pandey , Hardik Pandya , Ishan Kishan , Yuzvendra Chahal , K Gowtham , and Deepak Chahar are the eight players identified as close contacts of Krunal Pandya , who tested positive for Covid-19 on Tuesday . | Tuesday relative to Wednesday publication; quote: Prithvi Shaw , Suryakumar Yadav , Manish Pandey , Hardik Pandya , Ishan Kishan , Yuzvendra Chahal , K Gowtham , and Deepak Chahar are the eight players identified as close contacts of Krunal Pandya , who tested positive for Covid-19 on Tuesday . | Tuesday relative to Wednesday publication; quote: The two were part of the group of eight players who had earlier been identified as immediate contacts of allrounder Krunal Pandya , who had tested positive on July 27.; quote: The first to contract the virus was Pandya, a day after the first T20I on July 27. | Returned negative test and flew home",2021H2
Kusal Mendis,1,Sri Lanka,international,Sri Lanka tour of Australia T20Is,2022-02-07,test_date,no,"https://www.espn.com/cricket/story/_/id/33242892/aus-vs-sl-2022-sri-lanka-kusal-mendis-tests-positive-covid-19-miss-start-australia-t20i-series https://www.espncricinfo.com/story/_/id/33242892/aus-vs-sl-2022-sri-lanka-kusal-mendis-tests-positive-covid-19,-miss-start-australia-t20i-series https://www.espncricinfo.com/story/aus-vs-sl-2022-wanindu-hasaranga-tests-positive-for-covid-19-ahead-of-third-t20i-against-australia-1301255 https://www.espncricinfo.com/story/https%3A%2F%2Fwww.espncricinfo.com%2Fstory%2Faus-vs-sl-2022-sri-lanka-kusal-mendis-tests-positive-for-covid-19-to-miss-start-of-australia-t20i-series-1300291","Asymptomatic; triple-vaccinated; contacts not isolated under SLC booster rule; quote: Mendis' Covid-positive status was indicated by a Rapid Antigen Test on February 7, before being confirmd by a PCR test.; quote: AUS vs SL 2022 - Sri Lanka's Kusal Mendis tests positive for Covid-19, to miss start of Australia T20I series | Quote is headline; body missing (CSS junk)",2022H1
Kusal Perera,1,Sri Lanka,,,2021-08-15,relative_to_published,unknown,https://www.espncricinfo.com/story/_/id/32032216/kusal-perera-sri-lanka-tests-positive-covid-19-ahead-south-africa-series https://www.espncricinfo.com/story/kusal-perera-of-sri-lanka-tests-positive-for-covid-19-ahead-of-south-africa-series-1273576 https://www.espncricinfo.com/story/south-africa-tour-of-sri-lanka-2021-kusal-perera-back-in-limited-overs-squads-after-recovering-from-covid-19-1275384,quote: Sri Lanka batter Kusal Perera has tested positive for Covid-19 and will now have to isolate for at least ten days. | Test on Sunday relative to Monday publication; quote: Sri Lanka batter Kusal Perera has tested positive for Covid-19 and will now have to isolate for at least ten days. | Test on Sunday relative to Monday publication; Reported only as recovering from 'a bout with Covid-19'. No infection or test date given.,cricinfo_archive
Kyle Hope,1,Barbados Pride,domestic,CG Insurance Super50 Cup 2021,2021-01-24,test_date,unknown,"https://www.espncricinfo.com/story/_/id/28898417/list-all-cricket-series-affected-coronavirus-full-coverage https://www.espncricinfo.com/story/_/id/30785828/shai-hope,-kyle-hope-test-positive-covid-19,-ruled-super-50-cup https://www.espncricinfo.com/story/covid-19-list-of-all-the-cricket-series-affected-by-coronaviruss-full-coverage-1219320 https://www.espncricinfo.com/story/shai-hope-kyle-hope-test-positive-for-covid-19-ruled-out-of-super-50-cup-1249340 https://www.nationnews.com/2021/01/26/hope-brothers-test-positive-covid/","Tested Jan 24. Announced Jan 26.; quote: The players were tested on Sunday, January 24, ahead of the tournament which is scheduled to begin from February 7 in Antigua, and run until February 27.; quote: The players were tested on Sunday, January 24, ahead of the tournament which is scheduled to begin from February 7 in Antigua, and run until February 27.; quote: Shai Hope and Kyle Hope test positive for Covid-19, ruled out of Super 50 Cup | Headline in coverage-timeline list (PUBLISHED field 2020-03-13 is the page's original date); date is the list entry's day, year 2021 inferred from neighbouring entries (IPL 2021, Vijay Hazare 2020-21).; quote: Shai Hope and Kyle Hope test positive for Covid-19, ruled out of Super 50 Cup | Headline in coverage-timeline list (PUBLISHED field 2020-03-13 is the page's original date); date is the list entry's day, year 2021 inferred from neighbouring entries (IPL 2021, Vijay Hazare 2020-21).",2021H1
Kyle Jarvis,1,Zimbabwe,international,None (not playing; Zimbabwe cricket was suspended at the time),2021-01-26,symptom_onset,yes,https://www.cricket365.com/latest-news/kyle-jarvis-out-for-six-months-after-triple-infection https://www.espncricinfo.com/story/when-kyle-jarvis-had-covid-19-malaria-and-tick-bite-fever-1251365,"No test date is published. Symptoms began Jan 26, he was admitted to hospital Jan 30, and he was 'diagnosed at the end of January' with Covid-19, malaria and tick bite fever. Story published Feb 11. Seed date 1/31 is not in any source. Here date_type means symptom onset.",2021H1
Kyle Mayers,1,West Indies,,,2021-12-09,test_date,unknown,https://www.espncricinfo.com/story/international-cricket-returns-to-pakistan-amid-covid-19-scare-in-wi-camp-1293175 https://www.espncricinfo.com/story/west-indies-tour-of-pakistan-2021-22-sheldon-cottrell-roston-chase-kyle-mayers-test-positive-for-covid-19-1293157,"quote: Sheldon Cottrell , Roston Chase and Kyle Mayers are among four members of the West Indies touring party who have tested positive for Covid-19 upon arrival in Pakistan on December 9. | arrival tests; arrival date Dec 9; As for Cottrell.; quote: They'll have more than just hurt to deal with, given the positive Covid-19 tests for Sheldon Cottrell, Roston Chase and Kyle Mayers, which have ruled the trio out of all three T20Is. | match preview",cricinfo_archive
Lahiru Kumara,1,Sri Lanka,international,Sri Lanka tour of West Indies 2021 (white-ball squad),2021-02-21,test_date,unknown,https://srilankacricket.lk/2021/02/lahiru-kumara-tested-positive-for-covid-19/ https://www.espncricinfo.com/story/_/id/28898417/list-all-cricket-series-affected-coronavirus-full-coverage https://www.espncricinfo.com/story/_/id/30944462/sri-lanka-lahiru-kumara-tests-positive-covid-19-miss-west-indies-tour https://www.espncricinfo.com/story/covid-19-list-of-all-the-cricket-series-affected-by-coronaviruss-full-coverage-1219320 https://www.espncricinfo.com/story/sri-lanka-s-lahiru-kumara-tests-positive-for-covid-19-to-miss-west-indies-tour-1252612,"PCR test on Feb 21. Announced by Sri Lanka Cricket Feb 22 (the seed date).; quote: Lahiru Kumara tests positive for Covid-19, to miss West Indies tour | Headline in coverage-timeline list (PUBLISHED field 2020-03-13 is the page's original date); date is the list entry's day, year 2021 inferred from neighbouring entries (IPL 2021, Vijay Hazare 2020-21).; quote: Lahiru Kumara tests positive for Covid-19, to miss West Indies tour | Headline in coverage-timeline list (PUBLISHED field 2020-03-13 is the page's original date); date is the list entry's day, year 2021 inferred from neighbouring entries (IPL 2021, Vijay Hazare 2020-21).; quote: Sri Lanka quick Lahiru Kumara has tested positive for Covid-19, which rules him out of the tour of the West Indies in March, Sri Lanka Cricket confirmed on Monday. | Confirmed Monday (published date); test date not stated; quote: Sri Lanka quick Lahiru Kumara has tested positive for Covid-19, which rules him out of the tour of the West Indies in March, Sri Lanka Cricket confirmed on Monday. | Confirmed Monday (published date); test date not stated",2021H1
Lahiru Thirimanne,1,Sri Lanka,international,Preparation for Sri Lanka tour of West Indies 2021,2021-02-02,test_date,unknown,https://gulfnews.com/sport/cricket/cricket-west-indies-tour-in-doubt-as-virus-hits-sri-lanka-team-1.76930179 https://www.espncricinfo.com/story/_/id/28898417/list-all-cricket-series-affected-coronavirus-full-coverage https://www.espncricinfo.com/story/_/id/30826043/sl-tour-wi-mickey-arthur-lahiru-thirimanne-test-positive-covid-19 https://www.espncricinfo.com/story/covid-19-list-of-all-the-cricket-series-affected-by-coronaviruss-full-coverage-1219320 https://www.espncricinfo.com/story/sl-tour-of-wi-mickey-arthur-and-lahiru-thirimanne-test-positive-for-covid-19-1249954,"Squad PCR test on Feb 2. Announced Feb 3 (the seed date). Head coach Mickey Arthur also tested positive but is staff and left out.; quote: ""They were detected following PCR Tests carried out yesterday (2nd February) for the entire 36-member squad, along with the Coaching Staff, Net Bowlers, and the HPC Staff,"" SLC said in a statement on Wednesday. | Coach Mickey Arthur also positive (excluded); quote: ""They were detected following PCR Tests carried out yesterday (2nd February) for the entire 36-member squad, along with the Coaching Staff, Net Bowlers, and the HPC Staff,"" SLC said in a statement on Wednesday. | Coach Mickey Arthur also positive (excluded); quote: Mickey Arthur, Lahiru Thirimanne test positive for Covid-19 | Headline in coverage-timeline list (PUBLISHED field 2020-03-13 is the page's original date); date is the list entry's day, year 2021 inferred from neighbouring entries (IPL 2021, Vijay Hazare 2020-21). Mickey Arthur (coach) excluded.; quote: Mickey Arthur, Lahiru Thirimanne test positive for Covid-19 | Headline in coverage-timeline list (PUBLISHED field 2020-03-13 is the page's original date); date is the list entry's day, year 2021 inferred from neighbouring entries (IPL 2021, Vijay Hazare 2020-21). Mickey Arthur (coach) excluded.",2021H1
Lance Morris,1,Perth Scorchers,franchise,BBL 2021-22,2022-01-22,announcement,unknown,https://www.cricket.com.au/news/3315508/sixers-hit-by-covid-injury-drama-in-bbl-finals-lead-up,Positive PCR during the week before 22 Jan,2022H1
Lewis Gregory,1,Islamabad United,franchise,PSL 2021,2021-03-02,announcement,unknown,https://cricketpakistan.com.pk/en/news/detail/foreign-players-allowed-to-leave-hbl-psl-6-after-multiple-covid-19-cases https://www.dawn.com/news/1610364/two-more-overseas-players-one-official-test-positive-for-covid-19-in-psl,"Named by Dawn (Mar 3) and Cricket Pakistan (Mar 4). Cricinfo (Mar 2) mentions a second Islamabad United positive, which fits.",2021H1
Lockie Ferguson,1,New Zealand/Yorkshire,,,2021-08-24,published,unknown,https://www.espncricinfo.com/story/nz-in-ban-finn-allen-tests-positive-for-covid-19-in-dhaka-1274518,"quote: Meanwhile, Lockie Ferguson has also tested positive, in the UK, and as a result he will miss Yorkshire's Vitality Blast quarter-final against Sussex on Tuesday.",cricinfo_archive
Lorcan Tucker,1,Ireland,international,Ireland tour of West Indies ODIs,2022-01-10,announcement,unknown,https://www.espncricinfo.com/story/paul-stirling-fears-players-will-pull-out-of-tours-as-financial-reasons-dictate-covid-rules-1296652 https://www.espncricinfo.com/story/wi-vs-ire-2021-22-west-indies-ireland-agree-to-postpone-second-odi-1296312,"Positive over the weekend of 8-9 Jan after playing the 1st ODI; read via Wayback; quote: With Andy Balbirnie among the positive players - along with Lorcan Tucker , Simi Singh and Ben White - Stirling will stand in as captain for the rest of the series. | Test date not given",2022H1
Lungi Ngidi,1,South Africa,international,Netherlands tour of South Africa 2021 (ODIs),2021-11-24,announcement,unknown,https://www.espncricinfo.com/story/sa-vs-net-odi-series-lungi-ngidi-to-miss-series-against-netherlands-after-testing-positive-for-covid-19-1290797,CSA said he was 'well and in good spirits'.,2021H2
Mahmudul Hasan,1,Gazi Group Chattogram,,,2020-11-28,published,unknown,https://www.espncricinfo.com/story/_/id/30404383/bangabandhu-t20-cup-reserve-umpire-ali-arman-tests-positive-covid-19 https://www.espncricinfo.com/story/bangabandhu-t20-cup-reserve-umpire-ali-arman-tests-positive-for-covid-19-1240242,"quote: Dr Chowdhury also said that Mahmudul Hasan , the Under-19 batsman who was picked by Gazi Group Chattogram in the players' draft, had also tested positive for Covid-19 last week. | Tested positive 'last week' (week before publication); exact date not given; quote: Dr Chowdhury also said that Mahmudul Hasan , the Under-19 batsman who was picked by Gazi Group Chattogram in the players' draft, had also tested positive for Covid-19 last week. | Tested positive 'last week' (week before publication); exact date not given",cricinfo_archive
Mahmudul Hasan Joy,1,Bangladesh U19 / Gazi Group Chattogram,franchise,Bangabandhu T20 Cup 2020-21,2020-11-28,report_date,unknown,https://www.espn.com/cricket/story/_/id/30404383/bangabandhu-t20-cup-reserve-umpire-ali-arman-tests-positive-covid-19,Positive in pre-bubble test the week before; stayed in BCB quarantine,2020
Mahmudullah,1,Bangladesh / Multan Sultans,,,2020-11-06,test_date,unknown,"https://africa.espn.com/cricket/story/_/id/30289565/mominul-haque-bangladesh-test-captain-positive-covid-19-mild-symptoms https://gulfnews.com/sport/cricket/pakistan-super-league-playoffs-mahmudullah-out-after-positive-covid-19-test-1.75146438 https://www.espncricinfo.com/story/_/id/30275881/mahmudullah-miss-psl-playoffs-testing-positive-covid-19 https://www.espncricinfo.com/story/_/id/30283785/james-vince-set-miss-psl-playoffs-positive-covid-19-test https://www.espncricinfo.com/story/_/id/30289565/mominul-haque,-bangladesh-test-captain,-positive-covid-19-mild-symptoms https://www.espncricinfo.com/story/james-vince-set-to-miss-psl-playoffs-after-positive-covid-19-test-1238799 https://www.espncricinfo.com/story/mahmudullah-to-miss-psl-playoffs-after-testing-positive-for-covid-19-1238669 https://www.espncricinfo.com/story/mominul-haque-bangladesh-s-test-captain-positive-for-covid-19-with-mild-symptoms-1238918","quote: ""I was surprised with a positive result from my Covid test, on November 6,"" Mahmudullah told ESPNcricinfo. | Second test on 'yesterday' (2020-11-07) also positive.; quote: ""I was surprised with a positive result from my Covid test, on November 6,"" Mahmudullah told ESPNcricinfo. | Second test on 'yesterday' (2020-11-07) also positive.; Positive in pre-departure test in Bangladesh; ruled out of the playoffs; quote: It is the second significant blow to Multan's title hopes in as many days, following the withdrawal of Mahmudullah , the Bangladesh allrounder, on Sunday, also due to a positive Covid test. | Sunday = date of withdrawal, not test date.; quote: It is the second significant blow to Multan's title hopes in as many days, following the withdrawal of Mahmudullah , the Bangladesh allrounder, on Sunday, also due to a positive Covid test. | Sunday = date of withdrawal, not test date.; quote: The news came out just two days after Mahmudullah tested positive , which ruled him out from appearing for the Multan Sultans in the PSL playoffs next week. | 'Two days' before publication; refers to when news came out.; quote: The news came out just two days after Mahmudullah tested positive , which ruled him out from appearing for the Multan Sultans in the PSL playoffs next week. | 'Two days' before publication; refers to when news came out.",cricinfo_archive
Majid Haq,1,Scotland,international,none (club cricket),2020-03-20,announcement,yes,https://www.espn.com/cricket/story/_/id/28929999/former-scotland-bowler-majid-haq-says-coronavirus https://www.espncricinfo.com/story/_/id/28929999/scotland-majid-haq-tweets-news-positive-coronavirus-test https://www.espncricinfo.com/story/scotland-s-majid-haq-tweets-news-of-positive-coronavirus-test-1219638,Former Scotland international (last played 2015 World Cup) still captaining a club side; treated in Royal Alexandra Hospital Paisley; quote: Former Scotland offspinner Majid Haq has announced on Twitter that he is recovering after testing positive for COVID-19. | Test date not stated; announced Friday 20 Mar 2020 while in hospital.; quote: Former Scotland offspinner Majid Haq has announced on Twitter that he is recovering after testing positive for COVID-19. | Test date not stated; announced Friday 20 Mar 2020 while in hospital.,2020
Manav Parakh,1,India U19,,,2022-01-21,published,unknown,https://www.espncricinfo.com/story/https%3A%2F%2Fwww.espncricinfo.com%2Fstory%2Fcovid-19-five-indian-players-including-yash-dhull-ruled-out-of-under-19-world-cup-game-against-uganda-1298239 https://www.espncricinfo.com/story/under-19-world-cup-bcci-sends-five-reserve-players-to-bolster-covid-hit-indian-squad-in-the-caribbean-1298284 https://www.espncricinfo.com/story/under-19-world-cup-india-add-vasu-vats-as-temporary-covid-replacement-for-manav-parakh-1298371,"quote: Aaradhya Yadav, Shaik Rasheed and Manav Parakh join their captain and Siddarth Yadav in isolation | Negative RAT Wednesday, then positive in fresh RT-PCR round (date not given); quote: They, along with Aaradhya Yadav , Manav Parakh and Siddarth Yadav have also been ruled out of India's last group-stage game, against Uganda, scheduled for Saturday. | Story says five players of the original squad tested positive this week; names listed as ruled out; quote: Parakh, as well as designated captain Yash Dhull and vice-captain Shaik Rasheed , and Siddarth Yadav are currently in isolation. | Text says 'in isolation' amid Covid outbreak (Parakh replaced as temporary Covid replacement); positive status implied, not stated in this sentence",cricinfo_archive
Mansi Joshi,1,India women / Velocity,,,2020-10-10,test_date,unknown,"https://www.espncricinfo.com/story/_/id/30125343/mansi-joshi-tests-positive-covid-19,-miss-women-t20-challenge https://www.espncricinfo.com/story/mansi-joshi-tests-positive-for-covid-19-to-miss-women-s-t20-challenge-1236181","quote: ESPNcricinfo understands that Joshi, who has turned out for India in 11 ODIs and eight T20Is since her international debut in 2016, is in quarantine in Dehradun in northern India, where she tested positive on October 10.; quote: ESPNcricinfo understands that Joshi, who has turned out for India in 11 ODIs and eight T20Is since her international debut in 2016, is in quarantine in Dehradun in northern India, where she tested positive on October 10.",cricinfo_archive
Marcus Stoinis,1,Melbourne Stars,franchise,BBL|12 opener v Perth Scorchers,2022-12-13,announcement_date,yes,https://www.abc.net.au/news/2022-12-14/big-bash-adds-third-change-room-for-covid-positive-players/101769946,PLAYED WHILE POSITIVE: unwell; golden duck; did not bowl or field; used a separate dressing room,2022H2
Mark Chapman,1,New Zealand,international,Netherlands tour of New Zealand ODIs,2022-03-27,test_date,yes,https://www.espncricinfo.com/story/netherlands-vs-nz-chapman-tests-positive-for-covid-19-worker-called-in-as-replacement-1307600,"Woke with symptoms on ""Sunday"" and tested positive by rapid test; date worked out from the weekday; replaced by George Worker; read via Wayback",2022H1
Marquino Mindley,1,West Indies / Jamaica,,,2021-05-22,test_date,unknown,https://www.espncricinfo.com/story/covid-19-west-indies-marquino-mindley-tests-positive-1263961 https://www.espncricinfo.com/story/west-indies-return-to-full-training-as-players-test-negative-for-covid-19-1264509,"quote: Earlier, the players were forced to train in smaller groups after fast bowler Marquino Mindley tested positive on May 22. | Has since tested negative once; needs one more negative test.; quote: Jamaica seamer Marquino Mindley , who had been picked in West Indies' 30-man squad for the high-performance training camp in St Lucia, ahead of the home Test series against South Africa, has tested positive for Covid-19. | Asymptomatic; later story gives test date May 22.",cricinfo_archive
Mashrafe Mortaza,1,Bangladesh,international,none (off-season),2020-06-19,test_date,yes,"https://gulfnews.com/amp/sport/cricket/former-bangladesh-skipper-mashrafe-mortaza-tests-positive-for-coronavirus-1.1592657361429 https://www.espn.com/cricket/story/_/id/29337870/mashrafe-mortaza-tests-positive-covid-19 https://www.espncricinfo.com/story/_/id/29337870/mashrafe-mortaza,-nazmul-islam,-nafees-iqbal-test-positive-covid-19 https://www.espncricinfo.com/story/mashrafe-mortaza-nazmul-islam-nafees-iqbal-test-positive-for-covid-19-1225366","Fever on Thursday; sample taken Friday 19 June; result announced 20 June; quote: Mashrafe Mortaza , left-arm spinner Nazmul Islam and opener Nafees Iqbal have tested positive for Covid-19 in Bangladesh. | Posted Saturday (= published date) that results came positive; test taken earlier this week.; quote: Mashrafe Mortaza , left-arm spinner Nazmul Islam and opener Nafees Iqbal have tested positive for Covid-19 in Bangladesh. | Posted Saturday (= published date) that results came positive; test taken earlier this week.",2020
Matthew Wade,1,Australia,international,Men's T20 World Cup 2022,2022-10-27,announcement_date,yes,"https://www.espncricinfo.com/story/_/id/34887501/aus-vs-eng,-men-t20-world-cup-2022-matthew-wade-tests-positive-covid-19,-play-england https://www.espncricinfo.com/story/aus-vs-eng-mens-t20-world-cup-2022-matthew-wade-positive-covid-19-could-still-play-england-1341867 https://www.skysports.com/cricket/news/12175/12731232/t20-world-cup-australias-matthew-wade-set-to-play-against-england-despite-testing-positive-for-covid-19","Mild symptoms; expected to play England at the MCG while positive. Not confirmed here whether he took the field (I believe that match was washed out, but did not check). The ESPNcricinfo and The Cricketer pages returned 403.; quote: Australia are negotiating a second Covid-positive case in three days with wicketkeeper Matthew Wade testing positive just 24 hours out from their vital clash with England at the MCG on Friday. | Tested positive Thursday; quote: Australia are negotiating a second Covid-positive case in three days with wicketkeeper Matthew Wade testing positive just 24 hours out from their vital clash with England at the MCG on Friday. | Tested positive Thursday",2022H2
Melie Kerr,1,New Zealand women,international,Commonwealth Games 2022 (pre-tournament),2022-07-16,test_date,unknown,https://www.nzc.nz/news-items/archive/kerr-tests-positive-for-covid-19/ https://www.stuff.co.nz/sport/commonwealth-games/300639617/white-ferns-allrounder-melie-kerr-tests-positive-for-covid19-ahead-of-commonwealth-games,"Positive RAT on 'Saturday (UK time)'; New Zealand Cricket release dated Mon 2022-07-18; hotel isolation. The Stuff page loaded, but its date was not visible in the part that loaded.",2022H2
Michael Bracewell,1,New Zealand,international,New Zealand tour of England,2022-06-15,test_date,unknown,"https://www.espncricinfo.com/story/_/id/34095516/england-vs-nz,-2022-michael-bracewell-tests-positive-covid,-faces-five-day-isolation-period https://www.espncricinfo.com/story/england-vs-nz-2022-michael-bracewell-tests-positive-for-covid-faces-five-day-isolation-period-1320086 https://www.outlookindia.com/sports/eng-vs-nz-new-zealand-batter-devon-conway-tests-covid-19-positive-ahead-of-third-england-test-news-202824","Positive on the same day as Conway; quote: Michael Bracewell, the New Zealand allrounder, and two members of the support staff* have tested positive for Covid, and are undergoing five days of isolation ahead of next week's third LV= Insurance Test against England at Headingley. | RAT the morning after 2nd Test ended; exact date not stated; quote: Michael Bracewell, the New Zealand allrounder, and two members of the support staff* have tested positive for Covid, and are undergoing five days of isolation ahead of next week's third LV= Insurance Test against England at Headingley. | RAT the morning after 2nd Test ended; exact date not stated",2022H1
Mickey Edwards,1,Sydney Sixers,franchise,BBL 2021-22,2022-01-26,announcement,unknown,https://www.cricket.com.au/news/3315508/sixers-hit-by-covid-injury-drama-in-bbl-finals-lead-up https://www.espncricinfo.com/story/https%3A%2F%2Fwww.espncricinfo.com%2Fstory%2Fbbl-2021-22-josh-philippe-ruled-out-of-bbl-challenger-due-to-positive-covid-test-1298788 https://www.lokmattimes.com/cricket/news/bbl-sydney-sixers-wicketkeeper-josh-philippe-tests-positive-for-covid-19/,"Sixers statement says positive diagnosis ""last week"" (~21-22 Jan); cricket.com.au on 22 Jan called his rapid test ""inconclusive""; quote: Philippe becomes the third Sixers player to test positive in the last week after Jack Edwards and Mickey Edwards both tested positive on the eve of the Qualifier against Scorchers in Melbourne. | Tested positive on eve of Qualifier (date not given)",2022H1
Mitchell Marsh,1,Delhi Capitals,franchise,IPL 2022,2022-04-18,test_date,yes,https://africa.espn.com/cricket/story/_/id/33760406/ipl-2022-delhi-capitals-allrounder-mitchell-marsh-tests-positive-covid-19 https://www.espncricinfo.com/story/_/id/33760406/ipl-2022-delhi-capitals-allrounder-mitchell-marsh-tests-positive-covid-19 https://www.espncricinfo.com/story/_/id/33765315/ipl-2022-covid-19-punjab-kings-delhi-capitals-face-mumbai-pune https://www.espncricinfo.com/story/_/id/33783706/ipl-2022-covid-19-delhi-capitals-head-coach-ricky-ponting-isolation-family-member-tests-positive https://www.espncricinfo.com/story/ipl-2022-covid-19-delhi-capitals-head-coach-ricky-ponting-in-isolation-after-family-member-tests-positive-1311900 https://www.espncricinfo.com/story/ipl-2022-covid-19-outbreak-punjab-kings-and-delhi-capitals-may-face-off-in-mumbai-instead-of-pune-1311481 https://www.espncricinfo.com/story/ipl-2022-dc-vs-pbks-delhi-capitals-player-tim-seifert-tests-positive-for-covid-19-1311604 https://www.espncricinfo.com/story/ipl-2022-delhi-capitals-allrounder-mitchell-marsh-tests-positive-for-covid-19-1311359,"Hospitalised as a precaution after feeling unwell with chills; quote: Marsh was one of three members of the Capitals camp to test positive on Monday, the others being team doctor Abhijit Salvi and social media team member Akash Mane. | Monday = publication day; hospitalised; quote: Marsh was one of three members of the Capitals camp to test positive on Monday, the others being team doctor Abhijit Salvi and social media team member Akash Mane. | Monday = publication day; hospitalised; quote: On Monday, Capitals issued a statement confirming Australian allrounder Mitchell Marsh was hospitalised on testing positive for Covid-19 in addition to support staff members. | Statement Monday; quote: On Monday, Capitals issued a statement confirming Australian allrounder Marsh was hospitalised , after testing positive for Covid-19, while the rest of the cases were asymptomatic. | IPL release: tested positive April 18; quote: On April 18, team doctor Abhijit Salvi, a member of Capitals' social media team, and Marsh tested positive.; quote: On April 18, team doctor Abhijit Salvi, a member of Capitals' social media team, and Marsh tested positive.",2022H1
Mitchell Santner,1,New Zealand,,,2022-07-01,relative_to_published,unknown,https://www.dtnext.in/sports/2022/07/03/mitchell-santner-tests-covid-positive-ahead-of-ireland-tour https://www.espncricinfo.com/story/_/id/34187191/mitchell-santner-departure-ireland-delayed-testing-positive-covid https://www.espncricinfo.com/story/mitchell-santners-departure-to-ireland-delayed-after-testing-positive-for-covid-1322894,"quote: New Zealand allrounder Mitchell Santner tested positive for Covid-19 on Friday, and did not fly out to Ireland with the rest of the squad on Sunday evening from Auckland. | Friday before Sunday publication; quote: New Zealand allrounder Mitchell Santner tested positive for Covid-19 on Friday, and did not fly out to Ireland with the rest of the squad on Sunday evening from Auckland. | Friday before Sunday publication; Did not fly with the squad. Coach said he was 'feeling OK'. The ESPNcricinfo version would not load (403).",cricinfo_archive
Moeen Ali,1,England,international,England tour of Sri Lanka 2021,2021-01-03,test_date,yes,"https://www.abc.net.au/news/2021-01-05/england-cricketers-arrive-sri-lanka-moeen-ali-covid-positive/13031596 https://www.espncricinfo.com/story/_/id/30649464/sri-lanka-vs-england-moeen-ali-tests-positive-covid-19-england-arrive-sri-lanka https://www.espncricinfo.com/story/_/id/30722619/sri-lanka-vs-england,-1st-test,-galle-moeen-ali-returns-england-bubble-release-quarantine https://www.espncricinfo.com/story/sri-lanka-vs-england-1st-test-galle-moeen-ali-returns-to-england-bubble-after-release-from-quarantine-1248083 https://www.espncricinfo.com/story/sri-lanka-vs-england-moeen-ali-tests-positive-for-covid-19-as-england-arrive-in-sri-lanka-1246276","PCR test taken on arrival Jan 3, announced Jan 4. The ECB said it was not a false positive. He had no symptoms at first; a later ESPN piece (Jan 12) says he had mild symptoms. Seed date 1/4 was the announcement date.; quote: Moeen Ali has tested positive for Covid-19 on arrival in Sri Lanka. | Tested (PCR) on arrival Sunday January 3; lateral flow negative, PCR positive; ECB confirmed not a false positive; quote: Moeen Ali has tested positive for Covid-19 on arrival in Sri Lanka. | Tested (PCR) on arrival Sunday January 3; lateral flow negative, PCR positive; ECB confirmed not a false positive; quote: Moeen, 33, tested negative for the virus prior to England's departure from the UK earlier this month, but returned a positive test after the team touched down in Hambantota on January 3. | Released from quarantine after 13 days; quote: Moeen, 33, tested negative for the virus prior to England's departure from the UK earlier this month, but returned a positive test after the team touched down in Hambantota on January 3. | Released from quarantine after 13 days",2021H1
Mohamed Shiraz,1,Sri Lanka domestic,domestic,SLC Invitational T20 League 2021,2021-08-09,announcement,unknown,https://www.islandcricket.lk/news/three-players-test-positive-for-covid-19-ahead-of-slc-t20-league/ https://www.themorning.lk/covid-19-and-fitness-issues-oust-ten-players-from-slc-t20-league/,Same report as Colombage.,2021H2
Mohammad Abbas,1,Pakistan,international,Pakistan tour of New Zealand 2020-21,2020-11-24,test_date,unknown,https://www.espncricinfo.com/story/_/id/30395214/pakistan-new-zealand-2020-21-new-zealand-director-public-health-takes-dim-view-pakistan-covid-breaches https://www.espncricinfo.com/story/_/id/30404454/new-zealand-vs-pakistan-one-more-member-pakistan-camp-tests-positive-covid-19 https://www.espncricinfo.com/story/new-zealand-vs-pakistan-one-more-member-of-pakistan-camp-tests-positive-for-covid-19-1240248 https://www.espncricinfo.com/story/pakistan-in-new-zealand-2020-21-new-zealand-director-of-public-health-takes-dim-view-of-pakistan-covid-breaches-1240058 https://www.nzherald.co.nz/nz/covid-19-coronavirus-the-pakistani-cricketers-who-tested-positive-hotel-rules-flouted/XDV3UDCF2ZAEVT62WFHZ3YJT5Y/,"Social-media identification only; quote: Six players - Sarfaraz Ahmed, Rohail Nazir, Naseem Shah, Mohammad Abbas, Abid Ali and Danish Aziz - had returned positive results from the first tests conducted upon Pakistan's arrival in New Zealand on November 24. | Arrival tests in New Zealand; quote: Six players - Sarfaraz Ahmed, Rohail Nazir, Naseem Shah, Mohammad Abbas, Abid Ali and Danish Aziz - had returned positive results from the first tests conducted upon Pakistan's arrival in New Zealand on November 24. | Arrival tests in New Zealand; quote: Sarfaraz Ahmed, Rohail Nazir, Naseem Shah, Mohammad Abbas, Abid Ali and Danish Aziz returned positive Covid-19 tests after landing in New Zealand and the man behind New Zealand's successful quashing of the pandemic has warned further positive tests could emerge. | Tested on arrival in NZ; health official says at least four acute, two possibly historical (not specified which); quote: Sarfaraz Ahmed, Rohail Nazir, Naseem Shah, Mohammad Abbas, Abid Ali and Danish Aziz returned positive Covid-19 tests after landing in New Zealand and the man behind New Zealand's successful quashing of the pandemic has warned further positive tests could emerge. | Tested on arrival in NZ; health official says at least four acute, two possibly historical (not specified which)",2020
Mohammad Faizan,1,Lahore Qalandars,franchise,PSL 2021,2021-03-04,announcement,unknown,https://www.aljazeera.com/sports/2021/3/4/pakistan-suspends-flagship-cricket-tournament-after-covid-cases,"Only source: Al Jazeera (Mar 4), 'The seven players included ... Mohammad Faizan, who represents Lahore'. The article does not give his test date. He may be the unnamed Qalandars player who tested positive Feb 19, or one of the three cases announced Mar 4. Needs a second source.",2021H1
Mohammad Hafeez,1,Pakistan,international,Pakistan tour of England 2020 (pre-departure tests),2020-06-22,test_date,no,https://www.aa.com.tr/en/asia-pacific/pakistan-7-more-cricketers-test-positive-for-covid-19/1887245 https://www.espncricinfo.com/story/_/id/29352210/seven-more-pakistan-players-test-positive-covid-19 https://www.espncricinfo.com/story/seven-more-pakistan-players-test-positive-for-covid-19-1225513,"Positive in PCB test (announced 23 June); a private lab test the next day was negative. Disputed case; quote: The new names on the list are Kashif Bhatti, Mohammad Hasnain, Fakhar Zaman, Mohammad Rizwan, Mohammad Hafeez, Wahab Riaz, and Imran Khan. | Announced Tuesday (= published date); asymptomatic.; quote: The new names on the list are Kashif Bhatti, Mohammad Hasnain, Fakhar Zaman, Mohammad Rizwan, Mohammad Hafeez, Wahab Riaz, and Imran Khan. | Announced Tuesday (= published date); asymptomatic.",2020
Mohammad Hasnain,1,Pakistan,international,Pakistan tour of England 2020 (pre-departure tests),2020-06-22,test_date,no,https://www.aa.com.tr/en/asia-pacific/pakistan-7-more-cricketers-test-positive-for-covid-19/1887245 https://www.espncricinfo.com/story/_/id/29352210/seven-more-pakistan-players-test-positive-covid-19 https://www.espncricinfo.com/story/seven-more-pakistan-players-test-positive-for-covid-19-1225513,"Tested 22 June; announced 23 June; quote: The new names on the list are Kashif Bhatti, Mohammad Hasnain, Fakhar Zaman, Mohammad Rizwan, Mohammad Hafeez, Wahab Riaz, and Imran Khan. | Announced Tuesday (= published date); asymptomatic.; quote: The new names on the list are Kashif Bhatti, Mohammad Hasnain, Fakhar Zaman, Mohammad Rizwan, Mohammad Hafeez, Wahab Riaz, and Imran Khan. | Announced Tuesday (= published date); asymptomatic.",2020
Mohammad Nawaz,1,Pakistan,international,New Zealand tour of Pakistan 2021 (pre-series),2021-09-08,test_date,unknown,https://www.dawn.com/news/1645444/mohammad-nawaz-tests-positive-for-coronavirus-ahead-of-new-zealand-series https://www.espncricinfo.com/story/https%3A%2F%2Fwww.espncricinfo.com%2Fstory%2Fpakistan-vs-new-zealand-2021-mohammad-nawaz-tests-positive-for-covid-19-ahead-of-new-zealand-series-1277053 https://www.espncricinfo.com/story/pakistan-vs-new-zealand-2021-mohammad-nawaz-tests-positive-for-covid-19-ahead-of-new-zealand-series-1277053,Positive in second round of arrival testing on Wed 8 Sep; announced 9 Sep. Seed had the announcement date.; quote: Pakistan vs New Zealand 2021 - Mohammad Nawaz tests positive for Covid-19 ahead of New Zealand series | Title only; body is page CSS,2021H2
Mohammad Rizwan,1,Pakistan,international,Pakistan tour of England 2020 (pre-departure tests),2020-06-22,test_date,no,https://www.aa.com.tr/en/asia-pacific/pakistan-7-more-cricketers-test-positive-for-covid-19/1887245 https://www.espncricinfo.com/story/_/id/29352210/seven-more-pakistan-players-test-positive-covid-19 https://www.espncricinfo.com/story/_/id/29370255/pakistan-prepare-fly-england-10-covid-positive-players https://www.espncricinfo.com/story/pakistan-prepare-to-fly-to-england-without-10-covid-positive-players-1225782 https://www.espncricinfo.com/story/seven-more-pakistan-players-test-positive-for-covid-19-1225513,"Tested 22 June; announced 23 June. Seed also has a second blank Rizwan row (duplicate); quote: The new names on the list are Kashif Bhatti, Mohammad Hasnain, Fakhar Zaman, Mohammad Rizwan, Mohammad Hafeez, Wahab Riaz, and Imran Khan. | Announced Tuesday (= published date); asymptomatic.; quote: The new names on the list are Kashif Bhatti, Mohammad Hasnain, Fakhar Zaman, Mohammad Rizwan, Mohammad Hafeez, Wahab Riaz, and Imran Khan. | Announced Tuesday (= published date); asymptomatic.; quote: Nazir, the PCB announced, was called up as a back-up wicketkeeper after Pakistan's first-choice Mohammad Rizwan tested positive for Covid-19. | Only named player among the ten in this story; positive 'earlier this week'.; quote: Nazir, the PCB announced, was called up as a back-up wicketkeeper after Pakistan's first-choice Mohammad Rizwan tested positive for Covid-19. | Only named player among the ten in this story; positive 'earlier this week'.",2020
Mohammed Shami,1,India,international,India v Australia T20I series 2022,2022-09-17,announcement_date,unknown,https://www.espn.com/cricket/story/_/id/34609944/ind-vs-aus-2022-mohammed-shami-tests-positive-covid-19-umesh-yadav-named-replacement https://www.espncricinfo.com/story/_/id/34609944/ind-vs-aus-2022-mohammed-shami-tests-positive-covid-19-umesh-yadav-named-replacement https://www.espncricinfo.com/story/_/id/34670068/ind-vs-sa-2022-deepak-hooda-injured-mohammed-shami-covid-positive https://www.espncricinfo.com/story/ind-vs-aus-2022-mohammed-shami-tests-positive-for-covid-19-umesh-yadav-named-replacement-1335319 https://www.espncricinfo.com/story/ind-vs-sa-2022-deepak-hooda-injured-mohammed-shami-still-covid-positive-1336698 https://www.latestly.com/sports/cricket/india-vs-australia-2022-mohammed-shami-tests-positive-for-covid-19-ruled-out-of-t20i-series-4218026.html,"Ruled out of the Australia T20Is; Umesh Yadav named as replacement. A search snippet (page not opened) said he was still positive before the South Africa T20Is.; quote: Mohammed Shami has tested positive for Covid-19, and will not take part in India's T20I series against Australia starting on Tuesday in Mohali.; quote: Mohammed Shami has tested positive for Covid-19, and will not take part in India's T20I series against Australia starting on Tuesday in Mohali.; quote: The fast bowler tested positive for Covid-19 a few days ago and is yet to recover from the illness. | Named in preceding sentence; 'a few days ago', still positive; quote: The fast bowler tested positive for Covid-19 a few days ago and is yet to recover from the illness. | Named in preceding sentence; 'a few days ago', still positive",2022H2
Mominul Haque,1,Bangladesh,international,none (pre-Bangabandhu T20 Cup),2020-11-10,announcement,yes,"https://africa.espn.com/cricket/story/_/id/30289565/mominul-haque-bangladesh-test-captain-positive-covid-19-mild-symptoms https://www.espncricinfo.com/story/_/id/30289565/mominul-haque,-bangladesh-test-captain,-positive-covid-19-mild-symptoms https://www.espncricinfo.com/story/mominul-haque-bangladesh-s-test-captain-positive-for-covid-19-with-mild-symptoms-1238918","Mild symptoms (fever); his wife also positive; quote: Mominul Haque , Bangladesh's Test captain, tested positive for Covid-19 with mild symptoms. | Said he learnt of the result on Tuesday (= published date 2020-11-10).; quote: Mominul Haque , Bangladesh's Test captain, tested positive for Covid-19 with mild symptoms. | Said he learnt of the result on Tuesday (= published date 2020-11-10).",2020
Mominul Haque,2,Bangladesh / Chittagong Division,,,2021-03-28,published,unknown,https://www.espncricinfo.com/story/_/id/31153370/bangladesh-cricket-mominul-haque-rested-next-ncl-round-recent-issues-covid-19 https://www.espncricinfo.com/story/mominul-haque-rested-for-next-ncl-round-after-recent-issues-with-covid-19-1257118,"quote: Haque tested positive for Covid-19 earlier this month, though he had since tested negative before the first round of the NCL and subsequently played for his team Chittagong Division in the match that started on March 22. | Positive 'earlier this month' (March 2021, before Mar 22); also tested positive in November 2020 per story; quote: Haque tested positive for Covid-19 earlier this month, though he had since tested negative before the first round of the NCL and subsequently played for his team Chittagong Division in the match that started on March 22. | Positive 'earlier this month' (March 2021, before Mar 22); also tested positive in November 2020 per story",cricinfo_archive
Mujeeb Ur Rahman,1,Afghanistan / Brisbane Heat,franchise,Big Bash League 2020-21,2020-12-04,announcement,yes,https://www.abc.net.au/news/2020-12-04/coronavirus-cricketer-mujeeb-ur-rahman-tests-positive-to-covid19/12952988 https://www.espn.com/cricket/story/_/id/30447906/utils https://www.espncricinfo.com/story/_/id/30447906/bbl-2020-21-brisbane-heat-afghanistan-spinner-mujeeb-ur-rahman-tests-positive-covid-19 https://www.espncricinfo.com/story/bbl-2020-21-brisbane-heat-s-afghanistan-spinner-mujeeb-ur-rahman-tests-positive-for-covid-19-1240988,Symptoms in Queensland hotel quarantine; admitted to Gold Coast University Hospital. Seed date was blank; quote: Brisbane Heat's Afghanistan recruit Mujeeb Ur Rahman has tested positive for Covid-19. | Symptoms during mandatory quarantine in Queensland; hospitalised; quote: Brisbane Heat's Afghanistan recruit Mujeeb Ur Rahman has tested positive for Covid-19. | Symptoms during mandatory quarantine in Queensland; hospitalised,2020
Mukesh Kumar,1,Bengal,,,2020-09-30,test_date,unknown,https://www.espncricinfo.com/story/_/id/30009386/bengal-cricketers-mukesh-kumar-shreyan-chakraborty-test-positive-covid-19 https://www.espncricinfo.com/story/bengal-cricketers-mukesh-kumar-and-shreyan-chakraborty-test-positive-for-covid-19-1234065,"quote: Bengal fast bowler Mukesh Kumar and left-arm spinner Shreyan Chakraborty have tested positive for Covid-19, it emerged on Wednesday, after the state association conducted RT-PCR tests on 63 people, including 37 cricketers - male and female. | CAB test camp held 'today' (Wednesday) = published date.; quote: Bengal fast bowler Mukesh Kumar and left-arm spinner Shreyan Chakraborty have tested positive for Covid-19, it emerged on Wednesday, after the state association conducted RT-PCR tests on 63 people, including 37 cricketers - male and female. | CAB test camp held 'today' (Wednesday) = published date.",cricinfo_archive
Munim Shahriar,1,Fortune Barishal,franchise,BPL 2022,2022-01-21,announcement,unknown,https://africa.espn.com/cricket/story/_/id/33114163/bpl-2022-nurul-hasan-one-three-test-positive-fortune-barishal-lead-bpl-2022 https://www.crictracker.com/bpl-2022-nural-hasan-soumya-sarkar-among-few-players-to-test-positive-for-covid-19/ https://www.espncricinfo.com/story/bpl-2022-nurul-hasan-one-among-three-to-test-positive-from-fortune-barishal-in-lead-up-to-bpl-2022-1298214,"Tested positive in the lead-up to the tournament; quote: According to the franchise, the other two members of the Barishal team to test positive in the lead-up to the tournament were batter Munim Shahriar and batting coach Nazmul Abedeen Fahim.",2022H1
Nafees Iqbal,1,Bangladesh,domestic,none (off-season),2020-06-20,announcement,unknown,"https://gulfnews.com/amp/sport/cricket/former-bangladesh-skipper-mashrafe-mortaza-tests-positive-for-coronavirus-1.1592657361429 https://www.espn.com/cricket/story/_/id/29337870/mashrafe-mortaza-tests-positive-covid-19 https://www.espncricinfo.com/story/_/id/29337870/mashrafe-mortaza,-nazmul-islam,-nafees-iqbal-test-positive-covid-19 https://www.espncricinfo.com/story/mashrafe-mortaza-nazmul-islam-nafees-iqbal-test-positive-for-covid-19-1225366","Former Bangladesh opener; isolating at home in Chittagong; quote: Mashrafe Mortaza , left-arm spinner Nazmul Islam and opener Nafees Iqbal have tested positive for Covid-19 in Bangladesh.; quote: Mashrafe Mortaza , left-arm spinner Nazmul Islam and opener Nafees Iqbal have tested positive for Covid-19 in Bangladesh.",2020
Naseem Shah,1,Pakistan,international,Pakistan tour of New Zealand 2020-21,2020-11-24,test_date,unknown,https://www.espncricinfo.com/story/_/id/30395214/pakistan-new-zealand-2020-21-new-zealand-director-public-health-takes-dim-view-pakistan-covid-breaches https://www.espncricinfo.com/story/_/id/30404454/new-zealand-vs-pakistan-one-more-member-pakistan-camp-tests-positive-covid-19 https://www.espncricinfo.com/story/new-zealand-vs-pakistan-one-more-member-of-pakistan-camp-tests-positive-for-covid-19-1240248 https://www.espncricinfo.com/story/pakistan-in-new-zealand-2020-21-new-zealand-director-of-public-health-takes-dim-view-of-pakistan-covid-breaches-1240058 https://www.nzherald.co.nz/nz/covid-19-coronavirus-the-pakistani-cricketers-who-tested-positive-hotel-rules-flouted/XDV3UDCF2ZAEVT62WFHZ3YJT5Y/,"Social-media identification only; quote: Six players - Sarfaraz Ahmed, Rohail Nazir, Naseem Shah, Mohammad Abbas, Abid Ali and Danish Aziz - had returned positive results from the first tests conducted upon Pakistan's arrival in New Zealand on November 24. | Arrival tests in New Zealand; quote: Six players - Sarfaraz Ahmed, Rohail Nazir, Naseem Shah, Mohammad Abbas, Abid Ali and Danish Aziz - had returned positive results from the first tests conducted upon Pakistan's arrival in New Zealand on November 24. | Arrival tests in New Zealand; quote: Sarfaraz Ahmed, Rohail Nazir, Naseem Shah, Mohammad Abbas, Abid Ali and Danish Aziz returned positive Covid-19 tests after landing in New Zealand and the man behind New Zealand's successful quashing of the pandemic has warned further positive tests could emerge. | Tested on arrival in NZ; health official says at least four acute, two possibly historical (not specified which); quote: Sarfaraz Ahmed, Rohail Nazir, Naseem Shah, Mohammad Abbas, Abid Ali and Danish Aziz returned positive Covid-19 tests after landing in New Zealand and the man behind New Zealand's successful quashing of the pandemic has warned further positive tests could emerge. | Tested on arrival in NZ; health official says at least four acute, two possibly historical (not specified which)",2020
Naseem Shah,2,Pakistan,international,Pakistan v England T20I series 2022,2022-09-29,announcement_date,yes,"https://gulfnews.com/sport/cricket/icc/pakistan-fast-bowler-naseem-shah-tests-positive-for-covid-19-1.90926236 https://www.espncricinfo.com/story/_/id/34689525/naseem-shah-tests-covid-19-positive,-not-feature-remainder-england-t20is https://www.espncricinfo.com/story/naseem-shah-tests-covid-19-positive-will-not-feature-in-remainder-of-england-t20is-1337210","Tested positive after being hospitalised with chest infection, fever and pneumonia; missed the last two T20Is; quote: Pakistan fast bowler Naseem Shah has tested positive for Covid-19, one day after it was announced he had contracted pneumonia .; quote: Pakistan fast bowler Naseem Shah has tested positive for Covid-19, one day after it was announced he had contracted pneumonia .",2022H2
Navdeep Saini,1,India,international,West Indies tour of India ODIs,2022-01-31,test_date,unknown,https://africa.espn.com/cricket/story/_/id/33200868/ind-vs-wi-odi-series-shikhar-dhawan-shreyas-iyer-ruturaj-gaikwad-navdeep-saini-test-positive-covid-19 https://www.crictracker.com/reports-axar-patel-becomes-fifth-indian-player-to-test-positive-for-covid-19-ahead-of-west-indies-odis/ https://www.espncricinfo.com/story/https%3A%2F%2Fwww.espncricinfo.com%2Fstory%2Find-vs-wi-odi-series-shikhar-dhawan-shreyas-iyer-ruturaj-gaikwad-navdeep-saini-test-positive-for-covid-19-1299668,Reserve fast bowler; quote: Dhawan and Saini returned positive tests after the first round of testing on January 31.,2022H1
Nazmul Islam,1,Bangladesh,international,none (off-season),2020-06-20,announcement,unknown,"https://www.espn.com/cricket/story/_/id/29337870/mashrafe-mortaza-tests-positive-covid-19 https://www.espncricinfo.com/story/_/id/29337870/mashrafe-mortaza,-nazmul-islam,-nafees-iqbal-test-positive-covid-19 https://www.espncricinfo.com/story/mashrafe-mortaza-nazmul-islam-nafees-iqbal-test-positive-for-covid-19-1225366","Left-arm spinner; had been doing relief work in Narayanganj; quote: Mashrafe Mortaza , left-arm spinner Nazmul Islam and opener Nafees Iqbal have tested positive for Covid-19 in Bangladesh.; quote: Mashrafe Mortaza , left-arm spinner Nazmul Islam and opener Nafees Iqbal have tested positive for Covid-19 in Bangladesh.",2020
Neil Rock,1,Ireland,,,2021-07-11,published,unknown,https://www.espncricinfo.com/story/_/id/31799245/ire-vs-sa-2021-ireland-neil-rock-tests-positive-covid-19 https://www.espncricinfo.com/story/ire-vs-sa-2021-neil-rock-tests-positive-for-covid-19-1269309,quote: Ireland wicketkeeper-batter Neil Rock has tested positive for Covid-19. | Awaiting follow-up test at time of publication; quote: Ireland wicketkeeper-batter Neil Rock has tested positive for Covid-19. | Awaiting follow-up test at time of publication,cricinfo_archive
Nick Hobson,1,Perth Scorchers,franchise,BBL 2021-22,2022-01-01,test_date,unknown,https://www.cricket.com.au/news/melbourne-stars-perth-scorchers-squads-bbl11-replacement-players-covid19-players-positive/2022-01-02 https://www.espn.com/cricket/story/_/id/32983895/bbl-2021-22-stock-taking-how-teams-grappling-covid-19-departure-key-players https://www.espncricinfo.com/story/_/id/32975310/bbl-2021-22-melbourne-stars-vs-perth-scorchers-clash-go-ahead-more-covid-19-cases https://www.espncricinfo.com/story/bbl-2021-22-melbourne-stars-vs-perth-scorchers-clash-to-go-ahead-despite-more-covid-19-cases-1295044 https://www.espncricinfo.com/story/bbl-2021-22-stock-taking-how-the-teams-are-grappling-with-covid-19-and-departure-of-key-players-1295216,"Article of 2 Jan says he tested positive ""yesterday""; quote: Batter Nick Hobson returned a positive PCR Test while fast bowler Matthew Kelly and batting coach Beau Casson have been deemed close contacts and are in isolation as a precaution.; quote: Batter Nick Hobson returned a positive PCR Test while fast bowler Matthew Kelly and batting coach Beau Casson have been deemed close contacts and are in isolation as a precaution.; quote: The recent league-wide developments have changed that, although Scorchers have not been unaffected, with batter Nick Hobson testing positive and quick Matt Kelly omitted as a close contact.",2022H1
Nick Selman,1,Glamorgan,,,2021-06-27,published,unknown,https://www.espncricinfo.com/story/_/id/31718437/t20-blast-marnus-labuschagne-sidelined-glamorgan-team-mate-nick-selman-positive-covid-test https://www.espncricinfo.com/story/marnus-labuschagne-out-of-isolation-with-2nd-xi-double-century-1268823 https://www.espncricinfo.com/story/t20-blast-covid-marnus-labuschagne-sidelined-glamorgan-team-mate-nick-selman-positive-1268030,quote: Glamorgan's hopes of qualifying for the quarter-finals of the Vitality Blast have been hit by news that Nick Selman has tested positive for Covid-19 and that Marnus Labuschagne is a potential close contact. | PCR positive; 10 days self-isolation.; quote: T20 Blast - Marnus Labuschagne sidelined by Glamorgan team-mate Nick Selman's positive Covid test | Only title/subtitle present in this copy; quote is the title.; quote: Labuschagne and his Queensland team-mate Michael Neser had been forced into ten days isolation having been deemed a close contact of Glamorgan batter Nick Selman who tested positive for Covid-19. | Test date not stated; isolation of contacts already over by publication,cricinfo_archive
Nimesh Vimukthi,1,Sri Lanka domestic,domestic,SLC Invitational T20 League 2021,2021-08-09,announcement,unknown,https://www.islandcricket.lk/news/three-players-test-positive-for-covid-19-ahead-of-slc-t20-league/ https://www.themorning.lk/covid-19-and-fitness-issues-oust-ten-players-from-slc-t20-league/,Same report as Colombage.,2021H2
Nishant Sindhu,1,India U19,international,Under-19 World Cup 2022,2022-01-28,announcement,unknown,https://www.espn.com/espn/print?id=33166642 https://www.espncricinfo.com/story/under-19-world-cup-2022-indias-yash-dhull-and-four-others-recover-from-covid-19-and-available-for-knockouts-1299073,Missed quarter-final v Bangladesh; had led the side in Dhull's absence; read via Wayback; quote: India's Under-19 allrounder Nishant Sindhu will miss the quarter-final against Bangladesh after testing positive for Covid-19.,2022H1
Nitish Rana,1,Kolkata Knight Riders,franchise,IPL 2021 (pre-season),2021-03-22,test_date,no,https://www.espncricinfo.com/story/_/id/31193779/ipl-2021-devdutt-padikkal-quarantine-home-testing-positive-covid-19 https://www.espncricinfo.com/story/_/id/31307260/covid-19-ms-dhoni-parents-hospitalised-support-set-says-csk-coach-stephen-fleming https://www.espncricinfo.com/story/covid-19-ms-dhoni-s-parents-hospitalised-support-has-been-set-up-says-csk-coach-stephen-fleming-1260399 https://www.espncricinfo.com/story/ipl-2021-devdutt-padikkal-in-quarantine-at-home-after-testing-positive-for-covid-19-1257755 https://www.espncricinfo.com/story/tracker-how-covid-19-has-affected-ipl-2021-1257957 https://www.indiatvnews.com/sports/cricket/ipl-2021-kkr-s-nitish-rana-cleared-to-train-with-team-after-testing-negative-for-covid-19-694892,"Tested during quarantine Mar 22. Team said he was 'completely asymptomatic'. The Cricinfo tracker also says 'tested positive on April 3', which contradicts its own Mar 22 date.; quote: The Knight Riders' Nitish Rana had tested positive on April 3 after arriving in Mumbai, but has since recovered and has been a part of all his team's games so far. | Date as stated; other stories give March 22; quote: The Knight Riders' Nitish Rana had tested positive on April 3 after arriving in Mumbai, but has since recovered and has been a part of all his team's games so far. | Date as stated; other stories give March 22; quote: Apart from Padikkal, the Delhi Capitals' Axar Patel and the Kolkata Knight Riders' Nitish Rana too have tested positive for Covid-19. | Recap; has since tested negative; quote: Apart from Padikkal, the Delhi Capitals' Axar Patel and the Kolkata Knight Riders' Nitish Rana too have tested positive for Covid-19. | Recap; has since tested negative",2021H1
Nurul Hasan,1,Fortune Barishal,franchise,BPL 2022,2022-01-17,test_date,unknown,https://africa.espn.com/cricket/story/_/id/33114163/bpl-2022-nurul-hasan-one-three-test-positive-fortune-barishal-lead-bpl-2022 https://www.crictracker.com/bpl-2022-nural-hasan-soumya-sarkar-among-few-players-to-test-positive-for-covid-19/ https://www.espncricinfo.com/story/bpl-2022-nurul-hasan-one-among-three-to-test-positive-from-fortune-barishal-in-lead-up-to-bpl-2022-1298214,"Positive first test; later negatives; quote: Fortune Barishal wicketkeeper Nurul Hasan , who did not play their opening game in BPL 2022 on Friday, was one of three people to test positive from the franchise in the lead-up to the opener. | Positive in first test, then two negative tests (recovered); date not given",2022H1
Nuwan Thushara,1,Sri Lanka,international,Sri Lanka tour of Australia T20Is,2022-01-25,test_date,unknown,https://www.espn.com/cricket/story/_/id/33185131/aus-vs-sl-t20i-series-nuwan-thushara-tests-positive-covid-19-doubt-t20i-tour-australia https://www.espncricinfo.com/story/_/id/33185131/aus-vs-sl-t20i-series-nuwan-thushara-tests-positive-covid-19-doubt-t20i-tour-australia https://www.espncricinfo.com/story/aus-vs-sl-t20i-series-nuwan-thushara-tests-positive-for-covid-19-in-doubt-for-t20i-tour-of-australia-1299404,"Test date worked out from ""six days ago"" in a 31 Jan article; quote: Though the update about Thushara has just come to light, ESPNcricinfo understands that he had returned a positive result six days ago. | Positive result six days before publication; quote: Though the update about Thushara has just come to light, ESPNcricinfo understands that he had returned a positive result six days ago. | Positive result six days before publication",2022H1
Ollie Robinson,1,England/Sussex,,,2022-05-26,relative_to_published,unknown,https://www.espncricinfo.com/story/_/id/34009404/ollie-robinson-suffers-further-fitness-setback-testing-positive-covid https://www.espncricinfo.com/story/ollie-robinson-suffers-further-fitness-setback-after-testing-positive-for-covid-1317596,"quote: Ollie Robinson 's cascade of injury and misfortune has been compounded by the news that he tested positive for Covid-19 last week, on the day he was due to turn out for a County Select XI to prove his fitness against New Zealand at Chelmsford. | Tour match day was the Thursday of the previous week (May 26); quote: Ollie Robinson 's cascade of injury and misfortune has been compounded by the news that he tested positive for Covid-19 last week, on the day he was due to turn out for a County Select XI to prove his fitness against New Zealand at Chelmsford. | Tour match day was the Thursday of the previous week (May 26)",cricinfo_archive
Onaje Amory,1,West Indies U19,,,2022-01-21,published,unknown,https://www.espncricinfo.com/story/two-west-indies-players-sidelined-with-covid-19-at-under-19-world-cup-2022-1298262 https://www.espncricinfo.com/story/under-19-world-cup-india-add-vasu-vats-as-temporary-covid-replacement-for-manav-parakh-1298371,"quote: Two players from the West Indies squad, Onaje Amory and Jaden Carmichael , have tested Covid positive at the U-19 World Cup.; quote: Four Zimbabwe players had tested positive before the tournament, and on Friday, the West Indies team, after the ICC's approval, had two players temporarily replaced in the squad after Onaje Amory and Jaden Carmichael tested positive. | Replacement approved Friday 2022-01-21",cricinfo_archive
Paras Khadka,1,Nepal,,,2020-12-11,relative_to_published,unknown,https://www.espncricinfo.com/story/_/id/30497857/nepal-paras-khadka-tests-positive-covid-19 https://www.espncricinfo.com/story/nepal-s-paras-khadka-tests-positive-for-covid-19-1243544,"quote: Former Nepal captain Paras Khadka has tested positive for Covid-19 and is currently ""under home isolation"". | PCR test 'this morning' per his tweet (dated December 11, 2020); quote: Former Nepal captain Paras Khadka has tested positive for Covid-19 and is currently ""under home isolation"". | PCR test 'this morning' per his tweet (dated December 11, 2020)",cricinfo_archive
Pathum Nissanka,1,Sri Lanka,international,Sri Lanka v Australia 2nd Test (Galle),2022-07-10,test_date,yes,"https://africa.espn.com/cricket/story/_/id/34225107/sl-vs-aus-2nd-test-2022-pathum-nissanka-second-test-covid https://www.cricket.com.au/news/pathum-nissanka-positive-covid-result-outbreak-second-test-sri-lanka-australia-galle-oshada-fernando/2022-07-11 https://www.espncricinfo.com/story/_/id/34225107/sl-vs-aus,-2nd-test,-2022-pathum-nissanka-second-test-covid https://www.espncricinfo.com/story/sl-vs-aus-2nd-test-2022-pathum-nissanka-out-of-second-test-with-covid-1324040","Felt unwell Sunday morning; positive on antigen test, confirmed by PCR; withdrawn during the Test and replaced by Oshada Fernando; the sixth Sri Lanka player positive in the series; quote: Sri Lanka have been hit with another Covid-19 case after opener Pathum Nissanka tested positive, taking the number of players since the start of the Australia series to six. | Antigen test 'yesterday morning', PCR confirmed later that day; quote: Sri Lanka have been hit with another Covid-19 case after opener Pathum Nissanka tested positive, taking the number of players since the start of the Australia series to six. | Antigen test 'yesterday morning', PCR confirmed later that day",2022H2
Paul Stirling,1,Ireland,,,2021-12-30,published,unknown,https://www.bbc.co.uk/sport/cricket/59924371 https://www.espncricinfo.com/story/_/id/33013786/west-indies-vs-ireland-1st-odi-andy-balbirnie-playing-covid-more-challenging-pitch-it https://www.espncricinfo.com/story/https%3A%2F%2Fwww.espncricinfo.com%2Fstory%2Fire-vs-wi-2021-ireland-s-paul-stirling-shane-getkate-test-positive-for-covid-19-1294892 https://www.espncricinfo.com/story/kieron-pollard-fit-to-lead-west-indies-for-visits-of-ireland-england-1294985 https://www.espncricinfo.com/story/west-indies-vs-ireland-1st-odi-andy-balbirnie-playing-with-covid-more-challenging-off-the-pitch-than-on-it-1295919,"quote: Paul Stirling and Shane Getkate , the Ireland allrounders, are self-isolating in Florida hotel rooms after testing positive for Covid-19 and are set to miss at least the first ODI against West Indies in Jamaica. | Cricket Ireland: 'Overnight, three players have now tested positive'; BBC (9 Jan 2022) says he tested positive in Florida during the curtailed USA series. ESPNcricinfo (31 Dec) reports him isolating in Florida. Exact test date not found, roughly 28-31 Dec.; quote: A string of Ireland players had tested positive before the T20Is against USA last month and once the ODIs were called off, Stirling and Getkate tested positive as well . | Tested positive in Florida after USA ODIs were called off (late December 2021); exact date not given; quote: A string of Ireland players had tested positive before the T20Is against USA last month and once the ODIs were called off, Stirling and Getkate tested positive as well . | Tested positive in Florida after USA ODIs were called off (late December 2021); exact date not given",cricinfo_archive
Peter Handscomb,1,Middlesex (Australia),domestic,County Championship 2021,2021-07-12,announcement,unknown,https://indianexpress.com/article/sports/cricket/australia-cricketer-peter-handscomb-positive-for-covid-19-7400669/,PTI report published 12 Jul. He missed the Leicestershire game starting Sun 11 Jul. Only one source found.,2021H2
Pooja Vastrakar,1,India women,international,Commonwealth Games 2022,2022-07-26,test_date,unknown,"https://www.dailyexcelsior.com/cricketers-pooja-vastrakar-s-meghana-test-positive-couldnt-travel-to-birmingham/ https://www.espncricinfo.com/story/_/id/34297902/cwg-2022-pooja-vastrakar,-s-meghana-test-positive-covid-19,-miss-flight-birmingham https://www.espncricinfo.com/story/cwg-2022-pooja-vastrakar-s-meghana-test-positive-for-covid-19-miss-flight-to-birmingham-1326292","Positive before departure from the Bengaluru camp; missed the flight to Birmingham (article 2022-07-27). The olympics.com and Outlook copies would not load.; quote: India were dealt a big blow ahead of their Commonwealth Games opener against Australia on July 29, with allrounder Pooja Vastrakar testing positive for Covid-19.; quote: India were dealt a big blow ahead of their Commonwealth Games opener against Australia on July 29, with allrounder Pooja Vastrakar testing positive for Covid-19.",2022H2
Pradipta Pramanik,1,Bengal,,,2022-01-03,published,unknown,https://www.espncricinfo.com/story/_/id/32983231/covid-19-six-bengal-players-team-assistant-coach-test-positive-ahead-ranji-trophy-2021-22 https://www.espncricinfo.com/story/https%3A%2F%2Fwww.espncricinfo.com%2Fstory%2Fcovid-19-six-bengal-players-and-teams-assistant-coach-test-positive-ahead-of-ranji-trophy-2021-22-1295177,"quote: A PTI report quoted sources as saying that the seven people in question are players Sudip Chatterjee , Anustup Majumdar , Kazi Junaid Saifi , Geet Puri , Pradipta Pramanik and Sujit Yadav , and assistant coach Saurasish Lahiri . | tested over the weekend (Jan 1-2, 2022); names via PTI; quote: A PTI report quoted sources as saying that the seven people in question are players Sudip Chatterjee , Anustup Majumdar , Kazi Junaid Saifi , Geet Puri , Pradipta Pramanik and Sujit Yadav , and assistant coach Saurasish Lahiri . | tested over the weekend (Jan 1-2, 2022); names via PTI",cricinfo_archive
Prashant Solanki,1,Mumbai,,,2021-10-28,published,unknown,https://www.espncricinfo.com/story/syed-mushtaq-ali-trophy-2021-sarfaraz-khan-shams-mulani-among-four-mumbai-players-to-test-covid-19-positive-1285636,"quote: Press Trust of India (PTI) said the four players were middle-order mainstay Sarfaraz Khan , left-arm spin-bowling allrounder Shams Mulani , legspinner Prashant Solanki and allrounder Sairaj Patil . | names attributed to PTI",cricinfo_archive
Prasidh Krishna,1,Kolkata Knight Riders,franchise,IPL 2021 (after suspension; at home in Bengaluru),2021-05-06,test_date,yes,"https://gulfnews.com/sport/cricket/ipl/ipl-2021-indias-kkr-pacer-m-prasidh-krishna-tests-positive-for-covid-19-1.79054696 https://www.espncricinfo.com/story/_/id/31408625/ipl-2021-kkr-prasidh-krishna-tests-positive-covid-19 https://www.espncricinfo.com/story/_/id/31466223/wriddhiman-saha,-amit-mishra,-prasidh-krishna-recover-covid-19 https://www.espncricinfo.com/story/ipl-2021-kkr-s-prasidh-krishna-tests-positive-for-covid-19-1262530 https://www.espncricinfo.com/story/wriddhiman-saha-amit-mishra-prasidh-krishna-recover-from-covid-19-1263410","Cricinfo gives the test as May 6. Gulf News says the result came Friday night (May 7) and he had a slight fever. Announced May 8.; quote: India and Kolkata Knight Riders fast bowler Prasidh Krishna has tested positive for Covid-19. | Flew to Bengaluru May 5, got a test done May 6 after feeling uneasy and tested positive; mild case.; quote: India and Kolkata Knight Riders fast bowler Prasidh Krishna has tested positive for Covid-19. | Flew to Bengaluru May 5, got a test done May 6 after feeling uneasy and tested positive; mild case.; quote: ESPNcricinfo has understood that Prasidh Krishna , who tested positive on May 8, has also recovered from Covid-19. | Recovered. Note other stories say test done May 6.; quote: ESPNcricinfo has understood that Prasidh Krishna , who tested positive on May 8, has also recovered from Covid-19. | Recovered. Note other stories say test done May 6.",2021H1
Praveen Jayawickrama,1,Sri Lanka,international,Sri Lanka v Australia Test series 2022,2022-07-04,announcement_date,yes,https://africa.espn.com/cricket/story/_/id/34193704/sl-vs-aus-2022-praveen-jayawickrama-ruled-second-test-australia-due-covid https://www.cricket.com.au/news/pathum-nissanka-positive-covid-result-outbreak-second-test-sri-lanka-australia-galle-oshada-fernando/2022-07-11 https://www.espncricinfo.com/story/_/id/34193704/sl-vs-aus-2022-praveen-jayawickrama-ruled-second-test-australia-due-covid https://www.espncricinfo.com/story/sl-vs-aus-2022-praveen-jayawickrama-ruled-out-of-second-test-with-australia-due-to-covid-1323195,"Felt unwell; ruled out of 2nd Test; 5-day room isolation; quote: Sri Lanka left-arm spinner Praveen Jayawickrama has been ruled out of the second Test against Australia, due to start in Galle on Friday, after testing positive for Covid-19.; quote: Sri Lanka left-arm spinner Praveen Jayawickrama has been ruled out of the second Test against Australia, due to start in Galle on Friday, after testing positive for Covid-19.",2022H2
R Ashwin,1,India,,,2022-06-20,published,unknown,https://www.espncricinfo.com/story/_/id/34122046/ashwin-misses-plane-england-testing-positive-covid-19 https://www.espncricinfo.com/story/ashwin-misses-plane-to-england-after-testing-positive-for-covid-19-1320736,"quote: India allrounder R Ashwin has tested positive for Covid-19, and as a result, not yet travelled to England for the upcoming Edgbaston Test, scheduled to be held from July 1 to 5. | Tested positive before departure; squad left June 16; quote: India allrounder R Ashwin has tested positive for Covid-19, and as a result, not yet travelled to England for the upcoming Edgbaston Test, scheduled to be held from July 1 to 5. | Tested positive before departure; squad left June 16",cricinfo_archive
Ravichandran Ashwin,1,India,international,India tour of England (5th Test),2022-06-21,announcement,unknown,https://gulfnews.com/sport/cricket/indias-ravichandran-ashwin-misses-flight-to-england-after-testing-positive-for-covid-19-1.1655792930535,Missed the team flight of 16 June; test date not stated,2022H1
Ravinderpal Singh,1,Canada / Colombo Kings,franchise,Lanka Premier League 2020,2020-11-20,announcement,unknown,https://www.espn.com/cricket/story/_/id/30351915/lpl-2020-sohail-tanvir-canada-batsman-ravinderpal-singh-test-positive-covid-19 https://www.espncricinfo.com/story/_/id/30351915/lpl-2020-sohail-tanvir-canada-batsman-ravinderpal-singh-test-positive-covid-19 https://www.espncricinfo.com/story/lpl-2020-sohail-tanvir-and-canada-batsman-ravinderpal-singh-test-positive-for-covid-19-1239635,"Positive on arrival in Sri Lanka; moved to a hotel set up as a hospital; quote: Ravinderpal Singh , the Canada batsman who had been picked by the Colombo Kings franchise, had tested positive earlier in the day.; quote: Ravinderpal Singh , the Canada batsman who had been picked by the Colombo Kings franchise, had tested positive earlier in the day.",2020
Regis Chakabva,1,Zimbabwe,international,Zimbabwe tour of Pakistan 2020 (standby group),2020-10-22,announcement,unknown,"https://www.espncricinfo.com/story/_/id/30168323/zimbabwe-players,-support-staff-test-positive-covid-19 https://www.espncricinfo.com/story/zimbabwe-players-support-staff-test-positive-for-covid-19-1236843 https://www.newzimbabwe.com/two-zimbabwe-cricket-players-test-covid-19-positive/","Roommate of Maruma in the standby bubble; not in the squad that travelled; two support staff also positive; quote: Regis Chakabva and Timycen Maruma , the two positive players, were both part of the provisional 25-man squad picked to travel to Pakistan, but were left out of the 20-man party that arrived in the country this week.; quote: Regis Chakabva and Timycen Maruma , the two positive players, were both part of the provisional 25-man squad picked to travel to Pakistan, but were left out of the 20-man party that arrived in the country this week.",2020
Rishabh Pant,1,India,international,India tour of England 2021,2021-07-08,test_date,yes,"https://gulfnews.com/sport/cricket/icc/england-test-series-bcci-set-covid-protocol-for-team-after-rishabh-pant-tests-positive-1.80671588 https://www.espncricinfo.com/story/_/id/31821909/england-vs-india-2021-cricket-learn-live-covid,-lose-players,-warns-ecb-ceo,-tom-harrison https://www.espncricinfo.com/story/covid-19-india-in-england-bharat-arun-wriddhiman-saha-abhimanyu-easwaran-rejoin-squad-1270845 https://www.espncricinfo.com/story/eng-vs-ind-test-series-rishabh-pant-tests-positive-for-covid-19-1269773 https://www.espncricinfo.com/story/england-vs-india-2021-cricket-must-learn-to-live-with-covid-or-we-will-lose-players-warns-ecb-ceo-tom-harrison-1269824 https://www.espncricinfo.com/story/india-in-england-2021-rishabh-pant-returns-to-india-camp-after-recovering-from-covid-19-1270585 https://www.espncricinfo.com/story/india-in-england-covid-19-after-rishabh-pant-four-india-squad-members-forced-to-quarantine-in-london-1269799","Sources disagree on symptoms. Indian Express says a sore throat led to his test; the BCCI statement and ESPNcricinfo say asymptomatic. Made public 15 Jul. Seed date 7/15 was the announcement date.; quote: The development comes as a big setback for India's preparations for the five-Test series in England, which were already affected when Pant returned a positive test on July 8.; quote: Pant tested positive on July 8 , and had not travelled with the rest of the team to Durham, where the Indians are playing a three-day warm-up match against a County Select XI ahead of the five-match Test series against England, which begins on August 4 in Nottingham. | Recovered and rejoined squad; quote: However, with concerns already mounting about the viability of England's five-Test series against India, amid the knock-on effects of Rishabh Pant 's positive Covid diagnosis and further infections within the India camp | Test date not stated in this story; quote truncated to 300 chars; quote: However, with concerns already mounting about the viability of England's five-Test series against India, amid the knock-on effects of Rishabh Pant 's positive Covid diagnosis and further infections within the India camp | Test date not stated in this story; quote truncated to 300 chars; quote: Rishabh Pant, who had also tested positive for Covid-19, has also linked up with the squad, on July 22, after recovering . | Test date not stated in this story",2021H2
Rohail Nazir,1,Pakistan,international,Pakistan tour of New Zealand 2020-21,2020-11-24,test_date,unknown,https://www.espncricinfo.com/story/_/id/30395214/pakistan-new-zealand-2020-21-new-zealand-director-public-health-takes-dim-view-pakistan-covid-breaches https://www.espncricinfo.com/story/_/id/30404454/new-zealand-vs-pakistan-one-more-member-pakistan-camp-tests-positive-covid-19 https://www.espncricinfo.com/story/new-zealand-vs-pakistan-one-more-member-of-pakistan-camp-tests-positive-for-covid-19-1240248 https://www.espncricinfo.com/story/pakistan-in-new-zealand-2020-21-new-zealand-director-of-public-health-takes-dim-view-of-pakistan-covid-breaches-1240058 https://www.nzherald.co.nz/nz/covid-19-coronavirus-the-pakistani-cricketers-who-tested-positive-hotel-rules-flouted/XDV3UDCF2ZAEVT62WFHZ3YJT5Y/,"Social-media identification only; quote: Six players - Sarfaraz Ahmed, Rohail Nazir, Naseem Shah, Mohammad Abbas, Abid Ali and Danish Aziz - had returned positive results from the first tests conducted upon Pakistan's arrival in New Zealand on November 24. | Arrival tests in New Zealand; quote: Six players - Sarfaraz Ahmed, Rohail Nazir, Naseem Shah, Mohammad Abbas, Abid Ali and Danish Aziz - had returned positive results from the first tests conducted upon Pakistan's arrival in New Zealand on November 24. | Arrival tests in New Zealand; quote: Sarfaraz Ahmed, Rohail Nazir, Naseem Shah, Mohammad Abbas, Abid Ali and Danish Aziz returned positive Covid-19 tests after landing in New Zealand and the man behind New Zealand's successful quashing of the pandemic has warned further positive tests could emerge. | Tested on arrival in NZ; health official says at least four acute, two possibly historical (not specified which); quote: Sarfaraz Ahmed, Rohail Nazir, Naseem Shah, Mohammad Abbas, Abid Ali and Danish Aziz returned positive Covid-19 tests after landing in New Zealand and the man behind New Zealand's successful quashing of the pandemic has warned further positive tests could emerge. | Tested on arrival in NZ; health official says at least four acute, two possibly historical (not specified which)",2020
Rohit Paudel,1,Nepal,international,Nepal national training camp 2020,2020-11-25,announcement,unknown,"https://www.espncricinfo.com/story/_/id/30387410/nepal-captain-gyanendra-malla,-two-others-covid-19-positive https://www.espncricinfo.com/story/_/id/30404105/sandeep-lamichhane-tests-positive-covid-19 https://www.espncricinfo.com/story/nepal-captain-gyanendra-malla-two-others-covid-19-positive-1239976 https://www.espncricinfo.com/story/sandeep-lamichhane-tests-positive-for-covid-19-1240241","CAN pre-camp testing; quote: Nepal captain Gyanendra Malla , along with vice-captain Dipendra Singh Airee and batsman Rohit Paudel , have all tested positive for Covid-19. | Announced by CAN ahead of national training camp; quote: Nepal captain Gyanendra Malla , along with vice-captain Dipendra Singh Airee and batsman Rohit Paudel , have all tested positive for Covid-19. | Announced by CAN ahead of national training camp; quote: On Wednesday, the Cricket Association of Nepal (CAN) had announced that captain Gyanendra Malla, vice-captain Dipendra Singh Airee and batsman Rohit Paudel had tested positive alongside Pradeep Lama, a member of the staff. | Date is CAN announcement ('On Wednesday'); quote: On Wednesday, the Cricket Association of Nepal (CAN) had announced that captain Gyanendra Malla, vice-captain Dipendra Singh Airee and batsman Rohit Paudel had tested positive alongside Pradeep Lama, a member of the staff. | Date is CAN announcement ('On Wednesday')",cricinfo_index
Rohit Sharma,1,India,international,India tour of England (Leicestershire warm-up),2022-06-25,test_date,unknown,"https://africa.espn.com/cricket/story/_/id/34150669/eng-vs-nz-3rd-test-ben-foakes-withdrawn-headingley-test-positive-covid-19-test https://www.bcci.tv/news/article/team-india-captain-rohit-sharma-tests-positive-for-covid-19 https://www.espncricinfo.com/story/_/id/34149642/india-tour-england-2022-rohit-sharma-tests-positive-covid-19 https://www.espncricinfo.com/story/_/id/34167240/ind-vs-eng,-5th-test,-2022-rohit-sharma-tests-positive-covid-19-once-again https://www.espncricinfo.com/story/_/id/34168135/england-vs-india,-5th-test-james-anderson-awe-england-positive-approach-3-0-series-win https://www.espncricinfo.com/story/england-vs-india-5th-test-james-anderson-in-awe-of-england-s-positive-approach-after-3-0-series-win-1322296 https://www.espncricinfo.com/story/ind-vs-eng-Fifth-test-2022-rohit-sharma-tests-positive-for-covid-19-once-again-1322283 https://www.espncricinfo.com/story/india-tour-of-england-2022-rohit-sharma-tests-positive-for-covid-19-1321565","BCCI release; rapid test on Saturday; quote: A BCCI statement, concerning Rohit's Covid result, said: ""Team India captain Mr Rohit Sharma has tested positive for COVID-19 following a Rapid Antigen Test (RAT) conducted on Saturday. | RAT Saturday; quote truncated at sentence end within BCCI statement; quote: A BCCI statement, concerning Rohit's Covid result, said: ""Team India captain Mr Rohit Sharma has tested positive for COVID-19 following a Rapid Antigen Test (RAT) conducted on Saturday. | RAT Saturday; quote truncated at sentence end within BCCI statement; quote: India captain Rohit Sharma is battling against the deadline to be available for the Edgbaston Test against England after testing positive for Covid-19 once again on Wednesday morning. | Positive again Wednesday; first positive during Leicester warm-up the previous week; quote: India captain Rohit Sharma is battling against the deadline to be available for the Edgbaston Test against England after testing positive for Covid-19 once again on Wednesday morning. | Positive again Wednesday; first positive during Leicester warm-up the previous week; quote: Though the tourists have had hampered preparations with just one warm-up match against Leicestershire and Covid issues that, among others, have left their captain Rohit Sharma as a selection doubt , they certainly have the players on paper to match England if they wanted to go shot-for-shot. | Text only says Covid issues left him a selection doubt; positive test not explicitly stated in this story; quote: Though the tourists have had hampered preparations with just one warm-up match against Leicestershire and Covid issues that, among others, have left their captain Rohit Sharma as a selection doubt , they certainly have the players on paper to match England if they wanted to go shot-for-shot. | Text only says Covid issues left him a selection doubt; positive test not explicitly stated in this story",2022H1
Roston Chase,1,West Indies,,,2021-12-09,test_date,unknown,https://www.espncricinfo.com/story/international-cricket-returns-to-pakistan-amid-covid-19-scare-in-wi-camp-1293175 https://www.espncricinfo.com/story/west-indies-tour-of-pakistan-2021-22-sheldon-cottrell-roston-chase-kyle-mayers-test-positive-for-covid-19-1293157,"quote: Sheldon Cottrell , Roston Chase and Kyle Mayers are among four members of the West Indies touring party who have tested positive for Covid-19 upon arrival in Pakistan on December 9. | arrival tests; arrival date Dec 9; As for Cottrell.; quote: They'll have more than just hurt to deal with, given the positive Covid-19 tests for Sheldon Cottrell, Roston Chase and Kyle Mayers, which have ruled the trio out of all three T20Is. | match preview",cricinfo_archive
Ruhan Pretorius,1,Ireland A (Ireland Wolves),,,2021-03-04,test_date,unknown,"https://www.espncricinfo.com/story/_/id/31007725/bangladesh-emerging-team-vs-ireland-game-called-ruhan-pretorius-tests-positive-covid-19 https://www.espncricinfo.com/story/_/id/31030506/ireland-support-staff-tests-positive-covid-19,-prompts-two-hour-delay https://www.espncricinfo.com/story/bangladesh-emerging-team-vs-ireland-a-game-called-off-after-ruhan-pretorius-tests-positive-for-covid-19-1253815 https://www.espncricinfo.com/story/ireland-a-support-staff-tests-positive-for-covid-19-prompts-two-hour-delay-1254276","quote: The first one-day match between Bangladesh Emerging Team and Ireland A had to be abandoned after 30 overs of action in Chattogram on Friday when a positive Covid-19 test report came in for allrounder Ruhan Pretorius , who was a part of the Irish playing XI. | Sample taken Thursday (Mar 4), result arrived Friday Mar 5; later stories report it was a false positive; quote: The first one-day match between Bangladesh Emerging Team and Ireland A had to be abandoned after 30 overs of action in Chattogram on Friday when a positive Covid-19 test report came in for allrounder Ruhan Pretorius , who was a part of the Irish playing XI. | Sample taken Thursday (Mar 4), result arrived Friday Mar 5; later stories report it was a false positive; quote: This was the second such case in this series, after Ruhan Pretorius had tested positive during the first match, held on Friday, compelling Ireland A to abandon the game in the first innings. | This story says he later tested negative before the second match but does not call it a false positive; quote: This was the second such case in this series, after Ruhan Pretorius had tested positive during the first match, held on Friday, compelling Ireland A to abandon the game in the first innings. | This story says he later tested negative before the second match but does not call it a false positive",cricinfo_archive
Ruturaj Gaikwad,1,India / Chennai Super Kings,franchise,IPL 2020,2020-08-28,announcement,no,https://www.crictracker.com/ipl-2020-csks-ruturaj-gaikwad-again-tests-positive-for-covid-19/ https://www.thenationalnews.com/sport/cricket/two-ipl-stars-test-positive-for-covid-19-chennai-super-kings-deepak-chahar-and-ruturaj-gaekwad-named-in-reports-1.1069897,Tested positive again in mid-September (crictracker 16 Sep); asymptomatic throughout; names from media reports,2020
Ruturaj Gaikwad,2,India,international,West Indies tour of India ODIs,2022-02-01,test_date,unknown,https://africa.espn.com/cricket/story/_/id/33200868/ind-vs-wi-odi-series-shikhar-dhawan-shreyas-iyer-ruturaj-gaikwad-navdeep-saini-test-positive-covid-19 https://www.crictracker.com/reports-axar-patel-becomes-fifth-indian-player-to-test-positive-for-covid-19-ahead-of-west-indies-odis/ https://www.espncricinfo.com/story/https%3A%2F%2Fwww.espncricinfo.com%2Fstory%2Find-vs-wi-odi-series-shikhar-dhawan-shreyas-iyer-ruturaj-gaikwad-navdeep-saini-test-positive-for-covid-19-1299668,"Second round; quote: Gaikwad, who had cleared the January 31 test, returned a positive test the next day, while Iyer and Rajeev returned positive tests on Wednesday during the third round of testing.",2022H1
S Badrinath,1,India Legends (retired),international,Road Safety World Series 2021 (Raipur; retired players),2021-03-28,announcement,yes,https://www.espn.com/cricket/story/_/id/31144548/after-sachin-tendulkar-yusuf-pathan-s-badrinath-tests-covid-19-positive https://www.espncricinfo.com/story/_/id/31159443/irfan-pathan-fourth-player-test-covid-19-positive-road-safety-world-series https://www.espncricinfo.com/story/_/id/31163258/india-women-t20i-captain-harmanpreet-kaur-tests-positive-covid-19 https://www.espncricinfo.com/story/_/id/31181122/covid-19-sachin-tendulkar-hospitalised-matter-abundant-precaution https://www.espncricinfo.com/story/_/id/31214647/covid-19-sachin-tendulkar-discharged-hospital-testing-negative https://www.espncricinfo.com/story/after-sachin-tendulkar-and-yusuf-pathan-s-badrinath-also-tests-covid-19-positive-1256976 https://www.espncricinfo.com/story/covid-19-sachin-tendulkar-discharged-from-hospital-after-testing-negative-1258244 https://www.espncricinfo.com/story/covid-19-sachin-tendulkar-hospitalised-as-a-matter-of-abundant-precaution-1257568 https://www.espncricinfo.com/story/india-women-s-t20i-captain-harmanpreet-kaur-tests-positive-for-covid-19-1257236 https://www.espncricinfo.com/story/irfan-pathan-fourth-player-to-test-covid-19-positive-in-road-safety-world-series-1257196 https://www.indiatvnews.com/sports/cricket/road-safety-world-series-after-sachin-tendulkar-and-yusuf-pathan-s-badrinath-tests-positive-for-covid-19-694094,"Retired. Mild symptoms. The second URL was seen only in search results; I did not open it.; quote: On Sunday, S Badrinath became the third player from the tournament to announce that he had test positive.* | Date = announcement Sunday (tweet March 28); quote: On Saturday, Sachin Tendulkar announced that he had tested positive for the virus, and his announcement was followed by similar ones from Irfan's half-brother Yusuf Pathan , and S Badrinath . | Announcement after Tendulkar's; date not given; quote: On Saturday, Sachin Tendulkar announced that he had tested positive for the virus, and his announcement was followed by similar ones from Irfan's half-brother Yusuf Pathan , and S Badrinath . | Announcement after Tendulkar's; date not given; quote: Separately, a number of former Indian cricketers, who were part of the Road Safety Series in Raipur, have tested positive for Covid-19 : Sachin Tendulkar, Yusuf Pathan, S Badrinath and Irfan Pathan have returned positive tests. | Recap; date not given; quote: Separately, a number of former Indian cricketers, who were part of the Road Safety Series in Raipur, have tested positive for Covid-19 : Sachin Tendulkar, Yusuf Pathan, S Badrinath and Irfan Pathan have returned positive tests. | Recap; date not given; quote: Tendulkar, as well as the Pathans Yusuf and Irfan, and S Badrinath were the players to have taken part in the Road Safety World Series to test positive for the virus over the past few days. | Recap; 'over the past few days'; quote: Tendulkar, as well as the Pathans Yusuf and Irfan, and S Badrinath were the players to have taken part in the Road Safety World Series to test positive for the virus over the past few days. | Recap; 'over the past few days'; quote: A week after Tendulkar led India Legends to the title, he was among four players - Irfan and Yusuf Pathan and S Badrinath - to test positive. | Recap; about a week after Mar 21 final; has since tested negative; quote: A week after Tendulkar led India Legends to the title, he was among four players - Irfan and Yusuf Pathan and S Badrinath - to test positive. | Recap; about a week after Mar 21 final; has since tested negative",2021H1
S Meghana,1,India women,international,Commonwealth Games 2022,2022-07-26,test_date,unknown,"https://www.dailyexcelsior.com/cricketers-pooja-vastrakar-s-meghana-test-positive-couldnt-travel-to-birmingham/ https://www.espncricinfo.com/story/_/id/34297902/cwg-2022-pooja-vastrakar,-s-meghana-test-positive-covid-19,-miss-flight-birmingham https://www.espncricinfo.com/story/cwg-2022-pooja-vastrakar-s-meghana-test-positive-for-covid-19-miss-flight-to-birmingham-1326292","Positive before departure; missed the flight to Birmingham; quote: CWG 2022 - Pooja Vastrakar, S Meghana test positive for Covid-19, miss flight to Birmingham | Quote is the story title; body says she is quarantining with Vastrakar; quote: CWG 2022 - Pooja Vastrakar, S Meghana test positive for Covid-19, miss flight to Birmingham | Quote is the story title; body says she is quarantining with Vastrakar",2022H2
Sachin Tendulkar,1,India Legends (retired),international,Road Safety World Series 2021 (Raipur; retired players),2021-03-27,announcement,yes,https://www.espn.com/cricket/story/_/id/31144548/after-sachin-tendulkar-yusuf-pathan-s-badrinath-tests-covid-19-positive https://www.espncricinfo.com/story/_/id/31159443/irfan-pathan-fourth-player-test-covid-19-positive-road-safety-world-series https://www.espncricinfo.com/story/_/id/31163258/india-women-t20i-captain-harmanpreet-kaur-tests-positive-covid-19 https://www.espncricinfo.com/story/_/id/31181122/covid-19-sachin-tendulkar-hospitalised-matter-abundant-precaution https://www.espncricinfo.com/story/_/id/31214647/covid-19-sachin-tendulkar-discharged-hospital-testing-negative https://www.espncricinfo.com/story/after-sachin-tendulkar-and-yusuf-pathan-s-badrinath-also-tests-covid-19-positive-1256976 https://www.espncricinfo.com/story/covid-19-sachin-tendulkar-discharged-from-hospital-after-testing-negative-1258244 https://www.espncricinfo.com/story/covid-19-sachin-tendulkar-hospitalised-as-a-matter-of-abundant-precaution-1257568 https://www.espncricinfo.com/story/india-women-s-t20i-captain-harmanpreet-kaur-tests-positive-for-covid-19-1257236 https://www.espncricinfo.com/story/irfan-pathan-fourth-player-to-test-covid-19-positive-in-road-safety-world-series-1257196,"Retired player. Mild symptoms. The 'international' level is a stretch for this retired players' tournament.; quote: On Saturday, Sachin Tendulkar announced on social media that he has tested positive for Covid-19. | Date = announcement Saturday; quote: On Saturday, Sachin Tendulkar announced that he had tested positive for the virus, and his announcement was followed by similar ones from Irfan's half-brother Yusuf Pathan , and S Badrinath . | Announcement Saturday; quote: On Saturday, Sachin Tendulkar announced that he had tested positive for the virus, and his announcement was followed by similar ones from Irfan's half-brother Yusuf Pathan , and S Badrinath . | Announcement Saturday; quote: Separately, a number of former Indian cricketers, who were part of the Road Safety Series in Raipur, have tested positive for Covid-19 : Sachin Tendulkar, Yusuf Pathan, S Badrinath and Irfan Pathan have returned positive tests. | Recap; date not given; quote: Separately, a number of former Indian cricketers, who were part of the Road Safety Series in Raipur, have tested positive for Covid-19 : Sachin Tendulkar, Yusuf Pathan, S Badrinath and Irfan Pathan have returned positive tests. | Recap; date not given; quote: Sachin Tendulkar has been hospitalised, as a precautionary measure, just under a week after testing positive for Covid-19. | Positive just under a week before Apr 2; hospitalised as precaution; quote: Sachin Tendulkar has been hospitalised, as a precautionary measure, just under a week after testing positive for Covid-19. | Positive just under a week before Apr 2; hospitalised as precaution; quote: Sachin Tendulkar , who was hospitalised as a precautionary measure after testing positive for COVID-19, was on Thursday discharged and is now recuperating in home isolation in Mumbai. | Recovered/discharged after testing negative; positive late March; quote: Sachin Tendulkar , who was hospitalised as a precautionary measure after testing positive for COVID-19, was on Thursday discharged and is now recuperating in home isolation in Mumbai. | Recovered/discharged after testing negative; positive late March",2021H1
Sachindu Colombage,1,Sri Lanka domestic,domestic,SLC Invitational T20 League 2021,2021-08-09,announcement,unknown,https://www.islandcricket.lk/news/three-players-test-positive-for-covid-19-ahead-of-slc-t20-league/ https://www.themorning.lk/covid-19-and-fitness-issues-oust-ten-players-from-slc-t20-league/,Named by 'reliable sources'; left out of the squads that went to Kandy on 9 Aug.,2021H2
Saif Hassan,1,Bangladesh,international,Bangladesh tour of Sri Lanka camp 2020,2020-09-07,test_date,unknown,https://www.espn.com/cricket/story/_/id/29835989/bangladesh-test-batsman-tests-positive-covid-19 https://www.espn.com/espn/print?id=29895432 https://www.espncricinfo.com/story/_/id/29835989/bangladesh-batsman-saif-hassan-tests-positive-covid-19 https://www.espncricinfo.com/story/_/id/29895432/covid-19-bangladesh-batsman-saif-hassan-returns-positive-again-second-test https://www.espncricinfo.com/story/bangladesh-batsman-saif-hassan-tests-positive-for-covid-19-1231764 https://www.espncricinfo.com/story/covid-19-bangladesh-batsman-saif-hassan-returns-positive-again-in-second-test-1232402,"Sample 7 Sep; result 8 Sep; positive again 15 Sep. Seed had 9/16 (the second positive); quote: Bangladesh batsman Saif Hassan and Nick Lee , the team's new strength and conditioning coach, have both tested positive for Covid-19 following the first round of tests conducted by the BCB on Monday. | Tested Monday; published Tue 2020-09-08.; quote: Bangladesh batsman Saif Hassan and Nick Lee , the team's new strength and conditioning coach, have both tested positive for Covid-19 following the first round of tests conducted by the BCB on Monday. | Tested Monday; published Tue 2020-09-08.; quote: Bangladesh batsman Saif Hassan has returned positive in his second Covid-19 test, which was taken exactly seven days after he had first tested positive, a BCB source has confirmed to ESPNcricinfo. | Second positive test, taken seven days after first positive (first positive ~2020-09-07 per story 1231764).; quote: Bangladesh batsman Saif Hassan has returned positive in his second Covid-19 test, which was taken exactly seven days after he had first tested positive, a BCB source has confirmed to ESPNcricinfo. | Second positive test, taken seven days after first positive (first positive ~2020-09-07 per story 1231764).",2020
Sairaj Patil,1,Mumbai,,,2021-10-28,published,unknown,https://www.espncricinfo.com/story/syed-mushtaq-ali-trophy-2021-sarfaraz-khan-shams-mulani-among-four-mumbai-players-to-test-covid-19-positive-1285636,"quote: Press Trust of India (PTI) said the four players were middle-order mainstay Sarfaraz Khan , left-arm spin-bowling allrounder Shams Mulani , legspinner Prashant Solanki and allrounder Sairaj Patil . | names attributed to PTI",cricinfo_archive
Sam Whiteman,1,Sydney Thunder,franchise,BBL 2021-22,2021-12-30,test_date,unknown,https://www.espncricinfo.com/story/_/id/32966074/bbl-2021-22-sydney-thunder-melbourne-stars-report-multiple-covid-cases https://www.espncricinfo.com/story/bbl-2021-22-sydney-thunder-and-melbourne-stars-report-multiple-covid-cases-1294895,"Had earlier missed a game as a possible close contact (see close_contacts).; quote: Alex Hales, Alex Ross, Tanveer Sangha and Sam Whiteman are the four players who tested positive. | PCR tests taken Thursday (Dec 30) after a positive rapid antigen test; quote: Alex Hales, Alex Ross, Tanveer Sangha and Sam Whiteman are the four players who tested positive. | PCR tests taken Thursday (Dec 30) after a positive rapid antigen test",2021H2
Sana Mir,1,Pakistan women (former captain),domestic,Quaid-e-Azam Trophy final 2020-21 (working as commentator),2021-01-04,announcement,yes,https://africa.espn.com/cricket/story/_/id/30649929/alarm-bells-pcb-sana-mir-tests-positive-covid-19 https://www.espncricinfo.com/story/_/id/30649929/alarm-bells-pcb-sana-mir-tests-positive-covid-19 https://www.espncricinfo.com/story/alarm-bells-for-pcb-as-sana-mir-tests-positive-for-covid-19-1246279 https://www.espncricinfo.com/story/sana-mir-tests-positive-for-covid-19-1246279,"Fever on day 3 of the match. She was a retired player working as a commentator, not playing. Keep or drop depending on whether retired players count.; quote: Sana Mir , the former Pakistan women's captain, has tested positive for Covid-19. | Former player working as PCB commentator at the time; symptoms on day three of QeA Trophy final; include/exclude per commentator rule; quote: Sana Mir , the former Pakistan women's captain, has tested positive for Covid-19. | Former player working as PCB commentator at the time; symptoms on day three of QeA Trophy final; include/exclude per commentator rule",2021H1
Sandeep Lamichhane,1,Nepal,international,Nepal national training camp 2020,2020-11-28,announcement,yes,https://www.espncricinfo.com/story/_/id/30404105/sandeep-lamichhane-tests-positive-covid-19 https://www.espncricinfo.com/story/sandeep-lamichhane-tests-positive-for-covid-19-1240241,"Announced on Instagram; body aches since Wednesday; home isolation; fourth Nepal player positive; quote: Sandeep Lamichhane , the Nepal legspinner, has tested positive for Covid-19. | Revealed via Instagram; body aches since Wednesday; home isolation; quote: Sandeep Lamichhane , the Nepal legspinner, has tested positive for Covid-19. | Revealed via Instagram; body aches since Wednesday; home isolation",cricinfo_index
Sandeep Warrier,1,Kolkata Knight Riders,franchise,IPL 2021,2021-05-03,announcement,unknown,https://www.espn.com/cricket/story/_/id/31387020/ipl-2021-postponed-covid-count-increases https://www.espncricinfo.com/story/_/id/31383619/ipl-2021-covid-19-effect-delhi-capitals-players-isolate-mumbai-indians-sunrisers-hyderabad-skip-practice https://www.espncricinfo.com/story/_/id/31386969/ipl-2021-sunrisers-hyderabad-wriddhiman-saha-tests-positive-covid-19 https://www.espncricinfo.com/story/_/id/31387020/ipl-2021-postponed-covid-19-count-increases https://www.espncricinfo.com/story/_/id/31389118/ipl-2021-delhi-capitals-amit-mishra-first-player-dc-test-positive-covid-19 https://www.espncricinfo.com/story/_/id/31407123/ipl-2021-kkr-tim-seifert-tests-positive-covid-19-treated-chennai-returning-new-zealand https://www.espncricinfo.com/story/_/id/31408625/ipl-2021-kkr-prasidh-krishna-tests-positive-covid-19 https://www.espncricinfo.com/story/ipl-2021-covid-19-effect-delhi-capitals-players-isolate-as-mumbai-indians-and-sunrisers-hyderabad-skip-practice-1262242 https://www.espncricinfo.com/story/ipl-2021-delhi-capitals-amit-mishra-first-player-from-dc-to-test-positive-for-covid-19-1262303 https://www.espncricinfo.com/story/ipl-2021-kkr-s-prasidh-krishna-tests-positive-for-covid-19-1262530 https://www.espncricinfo.com/story/ipl-2021-kkr-s-tim-seifert-tests-positive-for-covid-19-and-will-be-treated-in-chennai-before-returning-to-new-zealand-1262525 https://www.espncricinfo.com/story/ipl-2021-postponed-as-covid-count-increases-1262269 https://www.espncricinfo.com/story/ipl-2021-sunrisers-hyderabad-s-wriddhiman-saha-tests-positive-for-covid-19-1262268 https://www.espncricinfo.com/story/ipl-2021-varun-chakravarthy-and-sandeep-warrier-positive-for-covid-19-kkr-vs-rcb-rescheduled-1262213,"Positive in the third round of testing within four days.; quote: Monday's IPL 2021 match between the Kolkata Knight Riders and the Royal Challenges Bangalore in Ahmedabad has been rescheduled after the Knight Riders' spinner Varun Chakravarthy and seam bowler Sandeep Warrier tested positive for Covid-19. | Announced Monday May 3.; quote: Monday started with the IPL confirming that the Knight Riders' Varun Chakravarthy and Sandeep Warrier had tested positive in Ahmedabad, and cancelled their match against the Royal Challengers Bangalore, scheduled for Monday. | Confirmed Monday (= published date).; quote: Monday started with the IPL confirming that the Knight Riders' Varun Chakravarthy and Sandeep Warrier had tested positive in Ahmedabad, and cancelled their match against the Royal Challengers Bangalore, scheduled for Monday. | Confirmed Monday (= published date).; quote: Two players from the Kolkata Knight Riders - spinner Varun Chakravarthy and seam bowler Sandeep Warrier - and two members of the Chennai Super Kings contingent - bowling coach L Balaji and a member of the maintenance staff - had also tested positive over the past two days. | Positive 'over the past two days'; their match 'yesterday' (May 3) was put off, so May 3 used.; quote: Two players from the Kolkata Knight Riders - spinner Varun Chakravarthy and seam bowler Sandeep Warrier - and two members of the Chennai Super Kings contingent - bowling coach L Balaji and a member of the maintenance staff - had also tested positive over the past two days. | Positive 'over the past two days'; their match 'yesterday' (May 3) was put off, so May 3 used.; quote: On Monday, the Kolkata Knight Riders' Varun Chakravarthy and Sandeep Warrier tested positive and the day's match between the Knight Riders and the Royal Challengers Bangalore in Ahmedabad was put off . | Monday relative to Tuesday May 4 publication.; quote: On Monday, the Kolkata Knight Riders' Varun Chakravarthy and Sandeep Warrier tested positive and the day's match between the Knight Riders and the Royal Challengers Bangalore in Ahmedabad was put off . | Monday relative to Tuesday May 4 publication.; quote: After Varun Chakravarthy and Sandeep Warrier , both Kolkata Knight Riders players, were said to have tested positive on Monday, all Delhi Capitals players had been asked to isolate themselves in their hotel in Ahmedabad. | Monday relative to Tuesday May 4 publication.; quote: After Varun Chakravarthy and Sandeep Warrier , both Kolkata Knight Riders players, were said to have tested positive on Monday, all Delhi Capitals players had been asked to isolate themselves in their hotel in Ahmedabad. | Monday relative to Tuesday May 4 publication.; quote: Earlier this week, the Knight Riders' Varun Chakravarthy and Sandeep Warrier had tested positive for Covid-19, which was the first instance of positive cases within an IPL team bubble since the 2021 season started. | 'Earlier this week'; exact date not stated here.; quote: Earlier this week, the Knight Riders' Varun Chakravarthy and Sandeep Warrier had tested positive for Covid-19, which was the first instance of positive cases within an IPL team bubble since the 2021 season started. | 'Earlier this week'; exact date not stated here.; quote: Krishna becomes the fourth player from the Knight Riders camp to test positive after Varun Chakravarthy, Sandeep Warrier and Tim Seifert. | Earlier positive; date not stated here.; quote: Krishna becomes the fourth player from the Knight Riders camp to test positive after Varun Chakravarthy, Sandeep Warrier and Tim Seifert. | Earlier positive; date not stated here.",2021H1
Sandun Weerakkody,1,Sri Lanka (alternative/back-up national squad),international,Sri Lanka preparation for India series 2021,2021-07-10,test_date,unknown,https://www.dailymirror.lk/headline/Sri-Lankan-cricketer-Sandun-Weerakkody-tests-positive-for-Covid-19/419-215824 https://www.espncricinfo.com/story/sl-vs-ind-2021-player-from-alternative-sri-lanka-squad-for-india-series-tests-covid-19-positive-1269222,Daily Mirror names him. ESPNcricinfo reports an unnamed alternative-squad player positive on Sat 10 Jul.,2021H2
Sarel Erwee,1,South Africa,international,Bangladesh tour of South Africa Tests,2022-04-11,test_date,yes,https://www.espncricinfo.com/story/_/id/33722083/sa-vs-ban-2022-2nd-test-khaya-zondo-glenton-stuurman-replace-sarel-erwee-wiaan-mulder-covid-19-subs https://www.espncricinfo.com/story/sa-vs-ban-2022-2nd-test-khaya-zondo-glenton-stuurman-replace-sarel-erwee-wiaan-mulder-as-covid-19-subs-1310368 https://www.news24.com/sport/cricket/proteas/mulder-erwee-test-positive-for-covid-19-as-khaya-zondo-earns-proteas-test-debut-20220411,Tested Monday morning after waking unwell; COVID substitute (Zondo) used mid-Test; read via Wayback; quote: Sarel Erwee and Wiaan Mulder have been withdrawn from the ongoing Gqeberha Test after contracting Covid-19. | Tested Monday morning (publication day); quote: Sarel Erwee and Wiaan Mulder have been withdrawn from the ongoing Gqeberha Test after contracting Covid-19. | Tested Monday morning (publication day),2022H1
Sarfaraz Ahmed,1,Pakistan,international,Pakistan tour of New Zealand 2020-21,2020-11-24,test_date,unknown,https://www.espncricinfo.com/story/_/id/30395214/pakistan-new-zealand-2020-21-new-zealand-director-public-health-takes-dim-view-pakistan-covid-breaches https://www.espncricinfo.com/story/_/id/30404454/new-zealand-vs-pakistan-one-more-member-pakistan-camp-tests-positive-covid-19 https://www.espncricinfo.com/story/new-zealand-vs-pakistan-one-more-member-of-pakistan-camp-tests-positive-for-covid-19-1240248 https://www.espncricinfo.com/story/pakistan-in-new-zealand-2020-21-new-zealand-director-of-public-health-takes-dim-view-of-pakistan-covid-breaches-1240058 https://www.nzherald.co.nz/nz/covid-19-coronavirus-the-pakistani-cricketers-who-tested-positive-hotel-rules-flouted/XDV3UDCF2ZAEVT62WFHZ3YJT5Y/,"Not officially confirmed: NZ Herald (26 Nov) says fans and journalists named the six on social media; NZC/PCB did not name them. Seed had 11/27 plus a tweet; quote: Six players - Sarfaraz Ahmed, Rohail Nazir, Naseem Shah, Mohammad Abbas, Abid Ali and Danish Aziz - had returned positive results from the first tests conducted upon Pakistan's arrival in New Zealand on November 24. | Arrival tests in New Zealand; quote: Six players - Sarfaraz Ahmed, Rohail Nazir, Naseem Shah, Mohammad Abbas, Abid Ali and Danish Aziz - had returned positive results from the first tests conducted upon Pakistan's arrival in New Zealand on November 24. | Arrival tests in New Zealand; quote: Sarfaraz Ahmed, Rohail Nazir, Naseem Shah, Mohammad Abbas, Abid Ali and Danish Aziz returned positive Covid-19 tests after landing in New Zealand and the man behind New Zealand's successful quashing of the pandemic has warned further positive tests could emerge. | Tested on arrival in NZ; health official says at least four acute, two possibly historical (not specified which); quote: Sarfaraz Ahmed, Rohail Nazir, Naseem Shah, Mohammad Abbas, Abid Ali and Danish Aziz returned positive Covid-19 tests after landing in New Zealand and the man behind New Zealand's successful quashing of the pandemic has warned further positive tests could emerge. | Tested on arrival in NZ; health official says at least four acute, two possibly historical (not specified which)",2020
Sarfaraz Khan,1,Mumbai,,,2021-10-28,published,unknown,https://www.espncricinfo.com/story/syed-mushtaq-ali-trophy-2021-sarfaraz-khan-shams-mulani-among-four-mumbai-players-to-test-covid-19-positive-1285636,"quote: Press Trust of India (PTI) said the four players were middle-order mainstay Sarfaraz Khan , left-arm spin-bowling allrounder Shams Mulani , legspinner Prashant Solanki and allrounder Sairaj Patil . | names attributed to PTI",cricinfo_archive
Shadab Khan,1,Pakistan,international,Pakistan tour of England 2020 (pre-departure tests),2020-06-21,test_date,no,"https://gulfnews.com/amp/sport/cricket/ahead-of-england-tour-three-pakistan-players-test-positive-for-covid-19-1.1592844942163 https://www.aa.com.tr/en/asia-pacific/pakistan-7-more-cricketers-test-positive-for-covid-19/1887245 https://www.espncricinfo.com/story/_/id/29347984/shadab-khan,-haris-rauf,-haider-ali-test-positive-covid-19 https://www.espncricinfo.com/story/_/id/29351550/ashley-giles-concerned-pakistan-trio-positive-covid-19-tests https://www.espncricinfo.com/story/_/id/29352210/seven-more-pakistan-players-test-positive-covid-19 https://www.espncricinfo.com/story/ashley-giles-concerned-by-pakistan-trio-s-positive-covid-19-tests-1225499 https://www.espncricinfo.com/story/seven-more-pakistan-players-test-positive-for-covid-19-1225513 https://www.espncricinfo.com/story/shadab-khan-haris-rauf-haider-ali-test-positive-for-covid-19-1225449","Tested in Rawalpindi on Sunday 21 June; announced 22 June; no symptoms. Seed had 6/23; quote: Haider Ali , Shadab Khan and Haris Rauf have tested positive for Covid-19, the PCB have announced. | Asymptomatic per PCB.; quote: Haider Ali , Shadab Khan and Haris Rauf have tested positive for Covid-19, the PCB have announced. | Asymptomatic per PCB.; quote: But it was announced on Monday that three Pakistan players - Haider Ali , Shadab Khan and Haris Rauf - had tested positive for the virus. | Announced Monday.; quote: But it was announced on Monday that three Pakistan players - Haider Ali , Shadab Khan and Haris Rauf - had tested positive for the virus. | Announced Monday.; quote: On Monday, Shadab Khan, Haider Ali, and Haris Rauf had tested positive . | Announced Monday, day before this story.; quote: On Monday, Shadab Khan, Haider Ali, and Haris Rauf had tested positive . | Announced Monday, day before this story.",2020
Shadman Islam,1,Dhaka Metropolis,,,2021-03-28,published,unknown,https://www.espncricinfo.com/story/_/id/31153370/bangladesh-cricket-mominul-haque-rested-next-ncl-round-recent-issues-covid-19 https://www.espncricinfo.com/story/mominul-haque-rested-for-next-ncl-round-after-recent-issues-with-covid-19-1257118,"quote: Shadman Islam and Ebadot Hossain , both Test hopefuls who also tested positive recently, are also out of action in the upcoming round. | 'Recently'; no date; quote: Shadman Islam and Ebadot Hossain , both Test hopefuls who also tested positive recently, are also out of action in the upcoming round. | 'Recently'; no date",cricinfo_archive
Shahid Afridi,1,Pakistan / Multan Sultans,franchise,none (off-season),2020-06-13,announcement,yes,https://www.espn.com/cricket/story/_/id/29305647/shahid-afridi-tests-positive-covid-19 https://www.espncricinfo.com/story/_/id/29305647/shahid-afridi-tests-positive-covid-19 https://www.espncricinfo.com/story/shahid-afridi-tests-positive-for-covid-19-1225015,Retired from internationals but played PSL 2020; body aches from the Thursday before; quote: Former Pakistan captain Shahid Afridi has tested positive for Covid-19. | Revealed on Twitter on Saturday (= published date) that tests came out positive.; quote: Former Pakistan captain Shahid Afridi has tested positive for Covid-19. | Revealed on Twitter on Saturday (= published date) that tests came out positive.,2020
Shahid Afridi,2,Quetta Gladiators,franchise,PSL 2022,2022-01-27,announcement,unknown,https://www.dawn.com/news/1671762/psl-2022-quetta-gladiators-star-shahid-afridi-tests-positive-for-covid-19-out-for-multiple-games https://www.espncricinfo.com/story/https%3A%2F%2Fwww.espncricinfo.com%2Fstory%2Fpsl-2022-quetta-gladiators-allrounder-shahid-afridi-tests-covid-19-positive-1298962,Second infection (first was June 2020); isolated at home; quote: PSL 2022 - Quetta Gladiators allrounder Shahid Afridi tests Covid-19 positive | Quote is headline; story body missing (CSS junk),2022H1
Shai Hope,1,Barbados Pride / West Indies,domestic,CG Insurance Super50 Cup 2021,2021-01-24,test_date,unknown,"https://www.espncricinfo.com/story/_/id/28898417/list-all-cricket-series-affected-coronavirus-full-coverage https://www.espncricinfo.com/story/_/id/30785828/shai-hope,-kyle-hope-test-positive-covid-19,-ruled-super-50-cup https://www.espncricinfo.com/story/covid-19-list-of-all-the-cricket-series-affected-by-coronaviruss-full-coverage-1219320 https://www.espncricinfo.com/story/shai-hope-kyle-hope-test-positive-for-covid-19-ruled-out-of-super-50-cup-1249340 https://www.windiescricket.com/news/barbados-pride-and-guyana-jaguars-players-miss-cg-insurance-super50-cup/","Tested Jan 24, announced Jan 26-27. Seed date '1/26/20201' was a typo. Wikipedia says he was later added back to the Barbados squad (Feb 18).; quote: The players were tested on Sunday, January 24, ahead of the tournament which is scheduled to begin from February 7 in Antigua, and run until February 27.; quote: The players were tested on Sunday, January 24, ahead of the tournament which is scheduled to begin from February 7 in Antigua, and run until February 27.; quote: Shai Hope and Kyle Hope test positive for Covid-19, ruled out of Super 50 Cup | Headline in coverage-timeline list (PUBLISHED field 2020-03-13 is the page's original date); date is the list entry's day, year 2021 inferred from neighbouring entries (IPL 2021, Vijay Hazare 2020-21).; quote: Shai Hope and Kyle Hope test positive for Covid-19, ruled out of Super 50 Cup | Headline in coverage-timeline list (PUBLISHED field 2020-03-13 is the page's original date); date is the list entry's day, year 2021 inferred from neighbouring entries (IPL 2021, Vijay Hazare 2020-21).",2021H1
Shai Hope,2,West Indies,international,West Indies tour of Pakistan 2021-22,2021-12-15,test_date,unknown,https://www.espncricinfo.com/story/in-case-you-missed-it-covid-challenges-and-captaincy-changes-1293613 https://www.espncricinfo.com/story/west-indies-in-pakistan-2021-22-tour-in-doubt-as-shai-hope-akeal-hosein-justin-greaves-test-covid-19-positive-1293474 https://www.windiescricket.com/news/further-five-members-west-indies-touring-party-have-tested-positive-covid-19/,"PCR tests on Wed 15 Dec; announced 16 Dec. ODIs postponed.; quote: The five include players Shai Hope , Akeal Hosein , and Justin Greaves , along with assistant coach Roddy Estwick and team physician Dr Akshai Mansingh.; quote: Earlier, the game was in doubt after five West Indies players returned positive Covid Tests, including Shai Hope, Akeal Hosein and Justin Greaves. | weekly round-up; text says five players but other stories say 3 players + 2 staff",2021H2
Shaik Rasheed,1,India U19,international,Under-19 World Cup 2022,2022-01-19,test_date,unknown,https://www.espn.com/espn/print?id=33166642 https://www.espncricinfo.com/story/https%3A%2F%2Fwww.espncricinfo.com%2Fstory%2Fcovid-19-five-indian-players-including-yash-dhull-ruled-out-of-under-19-world-cup-game-against-uganda-1298239 https://www.espncricinfo.com/story/under-19-world-cup-2022-harnoor-and-raghuvanshi-fifties-guide-covid-hit-india-to-quarter-finals-1297603 https://www.espncricinfo.com/story/under-19-world-cup-bcci-sends-five-reserve-players-to-bolster-covid-hit-indian-squad-in-the-caribbean-1298284 https://www.espncricinfo.com/story/under-19-world-cup-captain-yash-dhull-and-five-others-test-positive-for-covid-19-and-miss-india-match-against-ireland-1297592 https://www.espncricinfo.com/story/under-19-world-cup-india-add-vasu-vats-as-temporary-covid-replacement-for-manav-parakh-1298371 https://www.thequint.com/sports/cricket/india-under-19-world-cup-squad-covid-positive-players-yash-dhull,"Positive rapid test; vice-captain; quote: Yash Dhull , captain of India's Under-19 team, Shaik Rasheed , the vice-captain, and four other players have returned positive tests for Covid-19 (or are suspected of being Covid positive), forcing them out of the Group B World Cup game against Ireland in Tarouba on Wednesday. | Positive Rapid Antigen Test before Wednesday's game; quote: Dhull, Aaradhya Yadav and Shaik Rasheed had all returned positive Rapid Antigen Tests (RATs) on Wednesday, while Manav Parakh and Vats had displayed symptoms of Covid-19 but returned negative RATs. | Positive RAT Wednesday; confirmed by fresh RT-PCR round; quote: Despite missing their captain Yash Dhull and vice-captain Shaikh Rasheed after both tested positive for Covid-19 , India thumped Ireland by 174 runs and in the process secured their quarter-final spot too. | Spelled Shaikh Rasheed in text; quote: The group included captain Yash Dhull and vice-captain Shaik Rasheed . | Story says five players of the original squad tested positive this week; names listed as ruled out; quote: Parakh, as well as designated captain Yash Dhull and vice-captain Shaik Rasheed , and Siddarth Yadav are currently in isolation. | Text says 'in isolation' amid Covid outbreak (Parakh replaced as temporary Covid replacement); positive status implied, not stated in this sentence",2022H1
Shakib Al Hasan,1,Bangladesh,international,Sri Lanka tour of Bangladesh Tests,2022-05-10,test_date,unknown,https://www.espn.com/cricket/story/_/id/33891618/ban-vs-sl-2022-shakib-al-hasan-first-sri-lanka-test-testing-positive-covid https://www.espncricinfo.com/story/_/id/33891618/ban-vs-sl-2022-shakib-al-hasan-first-sri-lanka-test-testing-positive-covid https://www.espncricinfo.com/story/ban-vs-sl-2022-shakib-al-hasan-out-of-first-sri-lanka-test-after-testing-positive-for-covid-1314385,"PCR and rapid test positive; retested negative days later and was back in contention; quote: He tested positive on Tuesday in a PCR and a rapid antigen test, pre-requisites for joining the team. | Tuesday = publication day; quote: He tested positive on Tuesday in a PCR and a rapid antigen test, pre-requisites for joining the team. | Tuesday = publication day",2022H1
Shams Mulani,1,Mumbai,,,2021-10-28,published,unknown,https://www.espncricinfo.com/story/syed-mushtaq-ali-trophy-2021-sarfaraz-khan-shams-mulani-among-four-mumbai-players-to-test-covid-19-positive-1285636,"quote: Press Trust of India (PTI) said the four players were middle-order mainstay Sarfaraz Khan , left-arm spin-bowling allrounder Shams Mulani , legspinner Prashant Solanki and allrounder Sairaj Patil . | names attributed to PTI",cricinfo_archive
Shane Getkate,1,Ireland,,,2021-12-30,published,unknown,https://www.bbc.co.uk/sport/cricket/59924371 https://www.espncricinfo.com/story/_/id/33013786/west-indies-vs-ireland-1st-odi-andy-balbirnie-playing-covid-more-challenging-pitch-it https://www.espncricinfo.com/story/https%3A%2F%2Fwww.espncricinfo.com%2Fstory%2Fire-vs-wi-2021-ireland-s-paul-stirling-shane-getkate-test-positive-for-covid-19-1294892 https://www.espncricinfo.com/story/kieron-pollard-fit-to-lead-west-indies-for-visits-of-ireland-england-1294985 https://www.espncricinfo.com/story/west-indies-vs-ireland-1st-odi-andy-balbirnie-playing-with-covid-more-challenging-off-the-pitch-than-on-it-1295919,"quote: Paul Stirling and Shane Getkate , the Ireland allrounders, are self-isolating in Florida hotel rooms after testing positive for Covid-19 and are set to miss at least the first ODI against West Indies in Jamaica. | Cricket Ireland: 'Overnight, three players have now tested positive'; As for Stirling.; quote: A string of Ireland players had tested positive before the T20Is against USA last month and once the ODIs were called off, Stirling and Getkate tested positive as well . | Tested positive in Florida after USA ODIs were called off (late December 2021); exact date not given; quote: A string of Ireland players had tested positive before the T20Is against USA last month and once the ODIs were called off, Stirling and Getkate tested positive as well . | Tested positive in Florida after USA ODIs were called off (late December 2021); exact date not given",cricinfo_archive
Sheldon Cottrell,1,West Indies,,,2021-12-09,test_date,unknown,https://www.espncricinfo.com/story/international-cricket-returns-to-pakistan-amid-covid-19-scare-in-wi-camp-1293175 https://www.espncricinfo.com/story/west-indies-tour-of-pakistan-2021-22-sheldon-cottrell-roston-chase-kyle-mayers-test-positive-for-covid-19-1293157 https://www.nationnews.com/2021/12/11/media-reports-wi-players-test-positive-covid-19-pakistan/,"quote: Sheldon Cottrell , Roston Chase and Kyle Mayers are among four members of the West Indies touring party who have tested positive for Covid-19 upon arrival in Pakistan on December 9. | arrival tests; arrival date Dec 9; Positive in arrival tests after landing 9 Dec. CWI said 'without major symptoms'. I did not open the second source.; quote: They'll have more than just hurt to deal with, given the positive Covid-19 tests for Sheldon Cottrell, Roston Chase and Kyle Mayers, which have ruled the trio out of all three T20Is. | match preview",cricinfo_archive
Shikhar Dhawan,1,India,international,West Indies tour of India ODIs,2022-01-31,test_date,unknown,https://africa.espn.com/cricket/story/_/id/33200868/ind-vs-wi-odi-series-shikhar-dhawan-shreyas-iyer-ruturaj-gaikwad-navdeep-saini-test-positive-covid-19 https://www.crictracker.com/reports-axar-patel-becomes-fifth-indian-player-to-test-positive-for-covid-19-ahead-of-west-indies-odis/ https://www.espncricinfo.com/story/https%3A%2F%2Fwww.espncricinfo.com%2Fstory%2Find-vs-wi-odi-series-shikhar-dhawan-shreyas-iyer-ruturaj-gaikwad-navdeep-saini-test-positive-for-covid-19-1299668,First round of RT-PCR in Ahmedabad; quote: Dhawan and Saini returned positive tests after the first round of testing on January 31.,2022H1
Shiran Fernando,1,Sri Lanka,international,Sri Lanka tour of Bangladesh 2021,2021-05-23,announcement,unknown,https://cricketaddictor.com/cricket-news/first-odi-between-bangladesh-and-sri-lanka-to-go-ahead-as-isuru-udana-and-chaminda-vaas-test-negative-for-covid-19-in-second-rt-pcr-test/,"Positive in two tests in Dhaka. A Sri Lanka Cricket official said 'Shiran had contracted Covid in April', so this may be leftover positivity from an April infection. Exact test dates not given. Only one source (Cricket Addictor); islandcricket.lk has the story but its certificate failed.",2021H1
Shivam Dube,1,Mumbai,,,2022-01-03,published,unknown,https://www.espncricinfo.com/story/_/id/32983231/covid-19-six-bengal-players-team-assistant-coach-test-positive-ahead-ranji-trophy-2021-22 https://www.espncricinfo.com/story/https%3A%2F%2Fwww.espncricinfo.com%2Fstory%2Fcovid-19-six-bengal-players-and-teams-assistant-coach-test-positive-ahead-of-ranji-trophy-2021-22-1295177,"quote: Mumbai's Dube tests positive; Patil named replacement ESPNcricinfo has learnt that Mumbai allrounder Shivam Dube * and the team's video analyst have also tested positive for Covid-19 prior to the team's departure for Kolkata today, and did not travel with the team. | tested before team departure for Kolkata; quote: Mumbai's Dube tests positive; Patil named replacement ESPNcricinfo has learnt that Mumbai allrounder Shivam Dube * and the team's video analyst have also tested positive for Covid-19 prior to the team's departure for Kolkata today, and did not travel with the team. | tested before team departure for Kolkata",cricinfo_archive
Shreyan Chakraborty,1,Bengal,,,2020-09-30,test_date,unknown,https://www.espncricinfo.com/story/_/id/30009386/bengal-cricketers-mukesh-kumar-shreyan-chakraborty-test-positive-covid-19 https://www.espncricinfo.com/story/bengal-cricketers-mukesh-kumar-and-shreyan-chakraborty-test-positive-for-covid-19-1234065,"quote: Bengal fast bowler Mukesh Kumar and left-arm spinner Shreyan Chakraborty have tested positive for Covid-19, it emerged on Wednesday, after the state association conducted RT-PCR tests on 63 people, including 37 cricketers - male and female. | CAB test camp held 'today' (Wednesday) = published date.; quote: Bengal fast bowler Mukesh Kumar and left-arm spinner Shreyan Chakraborty have tested positive for Covid-19, it emerged on Wednesday, after the state association conducted RT-PCR tests on 63 people, including 37 cricketers - male and female. | CAB test camp held 'today' (Wednesday) = published date.",cricinfo_archive
Shreyas Iyer,1,India,international,West Indies tour of India ODIs,2022-02-02,test_date,unknown,https://africa.espn.com/cricket/story/_/id/33200868/ind-vs-wi-odi-series-shikhar-dhawan-shreyas-iyer-ruturaj-gaikwad-navdeep-saini-test-positive-covid-19 https://www.crictracker.com/reports-axar-patel-becomes-fifth-indian-player-to-test-positive-for-covid-19-ahead-of-west-indies-odis/ https://www.espncricinfo.com/story/https%3A%2F%2Fwww.espncricinfo.com%2Fstory%2Find-vs-wi-odi-series-shikhar-dhawan-shreyas-iyer-ruturaj-gaikwad-navdeep-saini-test-positive-for-covid-19-1299668,"Third round; quote: Gaikwad, who had cleared the January 31 test, returned a positive test the next day, while Iyer and Rajeev returned positive tests on Wednesday during the third round of testing. | Wednesday = publication day",2022H1
Siddarth Yadav,1,India U19,international,Under-19 World Cup 2022,2022-01-19,test_date,unknown,https://www.espn.com/espn/print?id=33166642 https://www.espncricinfo.com/story/https%3A%2F%2Fwww.espncricinfo.com%2Fstory%2Fcovid-19-five-indian-players-including-yash-dhull-ruled-out-of-under-19-world-cup-game-against-uganda-1298239 https://www.espncricinfo.com/story/under-19-world-cup-bcci-sends-five-reserve-players-to-bolster-covid-hit-indian-squad-in-the-caribbean-1298284 https://www.espncricinfo.com/story/under-19-world-cup-india-add-vasu-vats-as-temporary-covid-replacement-for-manav-parakh-1298371 https://www.thequint.com/sports/cricket/india-under-19-world-cup-squad-covid-positive-players-yash-dhull,"Positive RT-PCR test; quote: Siddarth Yadav had, meanwhile, returned a positive RT-PCR test. | Positive RT-PCR around Wednesday 2022-01-19; quote: They, along with Aaradhya Yadav , Manav Parakh and Siddarth Yadav have also been ruled out of India's last group-stage game, against Uganda, scheduled for Saturday. | Story says five players of the original squad tested positive this week; names listed as ruled out; quote: Parakh, as well as designated captain Yash Dhull and vice-captain Shaik Rasheed , and Siddarth Yadav are currently in isolation. | Text says 'in isolation' amid Covid outbreak (Parakh replaced as temporary Covid replacement); positive status implied, not stated in this sentence",2022H1
Simi Singh,1,Ireland,international,Ireland tour of West Indies ODIs,2022-01-08,announcement,unknown,https://www.espncricinfo.com/story/paul-stirling-fears-players-will-pull-out-of-tours-as-financial-reasons-dictate-covid-rules-1296652 https://www.espncricinfo.com/story/wi-vs-ire-2021-22-west-indies-ireland-agree-to-postpone-second-odi-1296312 https://www.espncricinfo.com/story/wi-vs-ire-2022-paul-stirling-shane-getkate-to-join-with-ireland-squad-after-testing-negative-for-covid-19-1296177,"Positive routine rapid test; missed 1st ODI (8 Jan); read via Wayback; quote: Simi Singh and Ben White , who had missed the first ODI against West Indies on Saturday after testing positive via a routine antigen test, are still awaiting the results of their RT-PCR tests after a service delay. | Positive antigen test before first ODI on Saturday (Jan 8); RT-PCR result pending; quote: With Andy Balbirnie among the positive players - along with Lorcan Tucker , Simi Singh and Ben White - Stirling will stand in as captain for the rest of the series. | Test date not given",2022H1
Sohail Tanvir,1,Pakistan / Kandy Tuskers,franchise,Lanka Premier League 2020,2020-11-20,announcement,unknown,https://cricketpakistan.com.pk/en/news/detail/sohail-tanvir-tests-positive-for-covid-19-ahead-of-lpl https://www.espn.com/cricket/story/_/id/30351915/lpl-2020-sohail-tanvir-canada-batsman-ravinderpal-singh-test-positive-covid-19 https://www.espncricinfo.com/story/_/id/30351915/lpl-2020-sohail-tanvir-canada-batsman-ravinderpal-singh-test-positive-covid-19 https://www.espncricinfo.com/story/lpl-2020-sohail-tanvir-and-canada-batsman-ravinderpal-singh-test-positive-for-covid-19-1239635,"Negative in Pakistan on 17 and 18 Nov; positive on arrival in Colombo. Seed date was blank; quote: Pakistan quick Sohail Tanvir , who is a part of the Kandy Tuskers franchise, has become the second player* to test positive for Covid-19 after arriving in Sri Lanka for the Lanka Premier League (LPL). | Result conveyed shortly after midday Friday (= published date).; quote: Pakistan quick Sohail Tanvir , who is a part of the Kandy Tuskers franchise, has become the second player* to test positive for Covid-19 after arriving in Sri Lanka for the Lanka Premier League (LPL). | Result conveyed shortly after midday Friday (= published date).",2020
Solo Nqweni,1,Warriors / Eastern Province (South Africa),domestic,none,2020-05-07,announcement,unknown,https://africa.espn.com/cricket/story/_/id/29145747/south-african-allrounder-solo-nqweni-tests-positive-covid-19 https://www.espncricinfo.com/story/_/id/29145747/south-african-allrounder-solo-nqweni-announces-news-positive-coronavirus-test https://www.espncricinfo.com/story/south-african-allrounder-solo-nqweni-announces-news-of-positive-coronavirus-test-1222302,"Announced on Twitter; was already recovering from Guillain-Barre syndrome; quote: Now today I tested positive for corona virus. | Tweet dated May 7, 2020 says tested positive 'today'.; quote: Now today I tested positive for corona virus. | Tweet dated May 7, 2020 says tested positive 'today'.",2020
Soumya Sarkar,1,Khulna Tigers,franchise,BPL 2022,2022-01-21,announcement,unknown,https://africa.espn.com/cricket/story/_/id/33114163/bpl-2022-nurul-hasan-one-three-test-positive-fortune-barishal-lead-bpl-2022 https://www.crictracker.com/bpl-2022-nural-hasan-soumya-sarkar-among-few-players-to-test-positive-for-covid-19/ https://www.espncricinfo.com/story/bpl-2022-nurul-hasan-one-among-three-to-test-positive-from-fortune-barishal-in-lead-up-to-bpl-2022-1298214,"ESPN attributes it to ""reports in sections of local media""; not officially confirmed; quote: There are, however, reports in sections of local media of six positive cases in the Khulna Tigers side, including that of Soumya Sarkar , and 12 positive cases overall among the BCB's employees over the last four or five days. | Local media reports only, not confirmed",2022H1
Steven Taylor,1,USA,international,Ireland tour of USA 2021-22,2021-12-21,announcement,unknown,https://www.espncricinfo.com/story/united-states-of-america-v-ireland-steven-taylor-aaron-jones-among-four-covid-19-positive-cases-in-usa-camp-1294023,"Positive before the USA training camp began.; quote: A string of Covid-19 positive tests in the USA squads for the two-match T20I and three-match ODI series against Ireland in Lauderhill has knocked out several core contributors - including Steven Taylor , their leading scorer in T20 cricket, and Aaron Jones , the vice-captain.",2021H2
Sudip Chatterjee,1,Bengal,,,2022-01-03,published,unknown,https://www.espncricinfo.com/story/_/id/32983231/covid-19-six-bengal-players-team-assistant-coach-test-positive-ahead-ranji-trophy-2021-22 https://www.espncricinfo.com/story/https%3A%2F%2Fwww.espncricinfo.com%2Fstory%2Fcovid-19-six-bengal-players-and-teams-assistant-coach-test-positive-ahead-of-ranji-trophy-2021-22-1295177,"quote: A PTI report quoted sources as saying that the seven people in question are players Sudip Chatterjee , Anustup Majumdar , Kazi Junaid Saifi , Geet Puri , Pradipta Pramanik and Sujit Yadav , and assistant coach Saurasish Lahiri . | tested over the weekend (Jan 1-2, 2022); names via PTI; quote: A PTI report quoted sources as saying that the seven people in question are players Sudip Chatterjee , Anustup Majumdar , Kazi Junaid Saifi , Geet Puri , Pradipta Pramanik and Sujit Yadav , and assistant coach Saurasish Lahiri . | tested over the weekend (Jan 1-2, 2022); names via PTI",cricinfo_archive
Sujit Yadav,1,Bengal,,,2022-01-03,published,unknown,https://www.espncricinfo.com/story/_/id/32983231/covid-19-six-bengal-players-team-assistant-coach-test-positive-ahead-ranji-trophy-2021-22 https://www.espncricinfo.com/story/https%3A%2F%2Fwww.espncricinfo.com%2Fstory%2Fcovid-19-six-bengal-players-and-teams-assistant-coach-test-positive-ahead-of-ranji-trophy-2021-22-1295177,"quote: A PTI report quoted sources as saying that the seven people in question are players Sudip Chatterjee , Anustup Majumdar , Kazi Junaid Saifi , Geet Puri , Pradipta Pramanik and Sujit Yadav , and assistant coach Saurasish Lahiri . | tested over the weekend (Jan 1-2, 2022); names via PTI; quote: A PTI report quoted sources as saying that the seven people in question are players Sudip Chatterjee , Anustup Majumdar , Kazi Junaid Saifi , Geet Puri , Pradipta Pramanik and Sujit Yadav , and assistant coach Saurasish Lahiri . | tested over the weekend (Jan 1-2, 2022); names via PTI",cricinfo_archive
T Natarajan,1,Sunrisers Hyderabad (India),franchise,IPL 2021 (UAE leg),2021-09-22,announcement,no,https://www.espncricinfo.com/story/_/id/32255465/ipl-2021-dc-vs-srh-t-natarajan-sunrisers-hyderabad-tests-positive-covid-19 https://www.espncricinfo.com/story/ipl-2021-dc-vs-srh-t-natarajan-of-sunrisers-hyderabad-tests-positive-for-covid-19-1279004 https://www.espncricinfo.com/story/ipl-2021-srh-sunrisers-hyderabad-sign-umran-malik-as-covid-19-replacement-for-t-natarajan-1279326 https://www.thecricketer.com/Topics/news/t_natarajan_tests_positivecovid_19_vijay_shankar_five_sunrisers_hyderabad_backroom_staff_isolating.html,"Asymptomatic. Positive on the eve of the DC game.; quote: Sunrisers Hyderabad left-arm seamer T Natarajan has tested positive for Covid-19 during scheduled RT-PCR test in Dubai.; quote: Sunrisers Hyderabad left-arm seamer T Natarajan has tested positive for Covid-19 during scheduled RT-PCR test in Dubai.; quote: Sunrisers Hyderabad have signed up 21-year-old Jammu & Kashmir medium-pacer Umran Malik as a ""short-term Covid-19 replacement"" for T Natarajan , who had to be placed in isolation after testing positive for the virus before the start of the team's game against Delhi Capitals on September 22.",2021H2
Tahlia McGrath,1,Australia women,international,Commonwealth Games 2022 women's T20 final v India,2022-08-07,test_date,yes,https://africa.espn.com/cricket/story/_/id/34364579/aus-vs-ind-cwg-2022-tahlia-mcgrath-plays-final-testing-positive-covid-19 https://www.espncricinfo.com/story/_/id/34364579/aus-vs-ind-cwg-2022-tahlia-mcgrath-plays-final-testing-positive-covid-19 https://www.espncricinfo.com/story/aus-vs-ind-cwg-2022-tahlia-mcgrath-to-play-in-final-despite-testing-positive-for-covid-19-1328212,"PLAYED WHILE POSITIVE: mild symptoms, positive on match day; ICC cleared her; batted at No. 4 (2 off 4) and took a catch; first known Covid-positive player in an international match; quote: ""McGrath presented to team management with mild symptoms on Sunday and subsequently returned the positive test,"" the statement said. | Played CWG final despite positive; quote: ""McGrath presented to team management with mild symptoms on Sunday and subsequently returned the positive test,"" the statement said. | Played CWG final despite positive",2022H2
Tanveer Sangha,1,Sydney Thunder,franchise,BBL 2021-22,2021-12-30,test_date,unknown,https://www.espncricinfo.com/story/_/id/32966074/bbl-2021-22-sydney-thunder-melbourne-stars-report-multiple-covid-cases https://www.espncricinfo.com/story/bbl-2021-22-sydney-thunder-and-melbourne-stars-report-multiple-covid-cases-1294895,"quote: Alex Hales, Alex Ross, Tanveer Sangha and Sam Whiteman are the four players who tested positive. | PCR tests taken Thursday (Dec 30) after a positive rapid antigen test; quote: Alex Hales, Alex Ross, Tanveer Sangha and Sam Whiteman are the four players who tested positive. | PCR tests taken Thursday (Dec 30) after a positive rapid antigen test",2021H2
Taufeeq Umar,1,Pakistan,international,none (retired),2020-05-24,announcement,yes,https://www.dnaindia.com/cricket/report-former-pakistan-cricketer-taufeeq-umar-tests-positive-for-covid-19-says-symptoms-are-not-at-all-severe-2825800,Former Test opener (last international 2014); said his symptoms were mild; exclude if retired players are out of scope,2020
Tim David,1,Multan Sultans,franchise,PSL 2022,2022-02-23,test_date,unknown,https://www.thenews.com.pk/latest/936083-lq-vs-ms-big-blow-to-multan-sultans-as-tim-david-tests-covd-19-positive,"Routine PCR per Geo ""sources""; team neither confirmed nor denied; read via Wayback",2022H1
Tim Seifert,1,Kolkata Knight Riders / New Zealand,franchise,IPL 2021 (after suspension; pre-departure),2021-05-07,test_date,yes,https://www.espn.in/cricket/story/_/id/31407123/ipl-2021-kkr-tim-seifert-tests-positive-covid-19-treated-chennai-returning-new-zealand https://www.espncricinfo.com/story/_/id/31407123/ipl-2021-kkr-tim-seifert-tests-positive-covid-19-treated-chennai-returning-new-zealand https://www.espncricinfo.com/story/_/id/31408625/ipl-2021-kkr-prasidh-krishna-tests-positive-covid-19 https://www.espncricinfo.com/story/_/id/31419917/piyush-chawla-father-dies-post-covid-19-complications https://www.espncricinfo.com/story/ipl-2021-kkr-s-prasidh-krishna-tests-positive-for-covid-19-1262530 https://www.espncricinfo.com/story/ipl-2021-kkr-s-tim-seifert-tests-positive-for-covid-19-and-will-be-treated-in-chennai-before-returning-to-new-zealand-1262525 https://www.espncricinfo.com/story/ipl-2021-the-world-stops-a-little-bit-kkr-s-tim-seifert-recounts-covid-19-experience-in-india-1264011,"Failed his pre-departure PCR test the day after negative tests on May 6. Moderate symptoms. Announced May 8.; quote: But Seifert tested positive when another test was done the next day, prior to their flight to New Zealand. | 'Next day' after negative tests on May 6.; quote: New Zealand wicketkeeper-batter Tim Seifert , who was part of the Kolkata Knight Riders squad at the curtailed 2021 edition of the IPL , has tested positive for Covid-19. | Failed pre-departure PCR test per NZC release issued Saturday; moderate symptoms.; quote: New Zealand wicketkeeper-batter Tim Seifert , who was part of the Kolkata Knight Riders squad at the curtailed 2021 edition of the IPL , has tested positive for Covid-19. | Failed pre-departure PCR test per NZC release issued Saturday; moderate symptoms.; quote: On Saturday, NZC announced that Seifert had also tested positive and would stay back in India before flying back to New Zealand. | NZC announcement Saturday (= published date).; quote: On Saturday, NZC announced that Seifert had also tested positive and would stay back in India before flying back to New Zealand. | NZC announcement Saturday (= published date).; quote: Among the ones still in India are Mike Hussey, the Super Kings batting coach, and Tim Seifert, the Knight Riders wicketkeeper-batter, who are both being treated for Covid-19 in a hospital in Chennai. | Being treated for Covid-19; test date not stated.",2021H1
Tim Seifert,2,Delhi Capitals,franchise,IPL 2022,2022-04-20,test_date,unknown,https://www.espncricinfo.com/story/_/id/33783706/ipl-2022-covid-19-delhi-capitals-head-coach-ricky-ponting-isolation-family-member-tests-positive https://www.espncricinfo.com/story/ipl-2022-covid-19-delhi-capitals-head-coach-ricky-ponting-in-isolation-after-family-member-tests-positive-1311900 https://www.espncricinfo.com/story/ipl-2022-dc-vs-pbks-another-delhi-capitals-overseas-player-tests-positive-for-covid-19-1311604 https://www.espncricinfo.com/story/ipl-2022-dc-vs-pbks-delhi-capitals-player-tim-seifert-tests-positive-for-covid-19-1311604 https://www.outlookindia.com/sports/ipl-2022-after-mitchell-marsh-delhi-capitals-tim-seifert-tests-covid-positive-news-192371,"Rapid test morning of DC v PBKS; sixth DC case; cricinfo read via Wayback; quote: Tim Seifert has become the second overseas player, after Mitchell Marsh, in the Delhi Capitals camp to test positive for Covid-19. | Positive RAT Wednesday morning (publication day); quote: The following day, Seifert also returned positive results, and has since been shifted to a facility outside the team hotel. | Story says both 'On Wednesday' (Apr 20) and 'the following day' after April 18 (Apr 19); contemporaneous story 1311604 says Wednesday morning RAT; quote: The following day, Seifert also returned positive results, and has since been shifted to a facility outside the team hotel. | Story says both 'On Wednesday' (Apr 20) and 'the following day' after April 18 (Apr 19); contemporaneous story 1311604 says Wednesday morning RAT",2022H1
Timycen Maruma,1,Zimbabwe,international,Zimbabwe tour of Pakistan 2020 (standby group),2020-10-22,announcement,unknown,"https://www.espncricinfo.com/story/_/id/30168323/zimbabwe-players,-support-staff-test-positive-covid-19 https://www.espncricinfo.com/story/zimbabwe-players-support-staff-test-positive-for-covid-19-1236843 https://www.newzimbabwe.com/two-zimbabwe-cricket-players-test-covid-19-positive/","Same as Chakabva; quote: Regis Chakabva and Timycen Maruma , the two positive players, were both part of the provisional 25-man squad picked to travel to Pakistan, but were left out of the 20-man party that arrived in the country this week.; quote: Regis Chakabva and Timycen Maruma , the two positive players, were both part of the provisional 25-man squad picked to travel to Pakistan, but were left out of the 20-man party that arrived in the country this week.",2020
Tom Banton,1,Quetta Gladiators,franchise,PSL 2021,2021-03-02,announcement,unknown,https://www.dawn.com/news/1610364/two-more-overseas-players-one-official-test-positive-for-covid-19-in-psl https://www.espncricinfo.com/story/_/id/30996363/psl-2021-pcb-mulls-playing-entire-psl-karachi-recent-covid-19-cases https://www.espncricinfo.com/story/_/id/30997159/psl-2021-pcb-offers-covid-19-vaccine-all-participants https://www.espncricinfo.com/story/_/id/31001025/psl-2021-postponed-more-players-test-positive-covid-19 https://www.espncricinfo.com/story/_/id/31001768/a-line-how-covid-19-forced-psl-2021-suspended https://www.espncricinfo.com/story/a-timeline-of-how-covid-19-forced-the-psl-2021-to-be-suspended-1253711 https://www.espncricinfo.com/story/psl-2021-pcb-mulls-playing-entire-psl-in-karachi-after-recent-covid-19-cases-1253633 https://www.espncricinfo.com/story/psl-2021-pcb-offers-covid-19-vaccine-to-all-participants-1253638 https://www.espncricinfo.com/story/psl-2021-postponed-after-more-players-test-positive-for-covid-19-1253679,"The board announced two overseas players Mar 2 without names. Banton confirmed on Twitter that he was one; Dawn (Mar 3) names him.; quote: It was later revealed by Gladiators' Tom Banton on his Twitter handle that he was one of those who were among the positive cases. | Date = March 2, the day PCB announced two more overseas positives ('The following day' after March 1); quote: It was later revealed by Gladiators' Tom Banton on his Twitter handle that he was one of those who were among the positive cases. | Date = March 2, the day PCB announced two more overseas positives ('The following day' after March 1); quote: However, three overseas players - Fawad Ahmed, Tom Banton (who revealed his positive test publicly on Wednesday) and another Islamabad United player - and one support staff member with the Karachi Kings (Kamran Khan) testing positive for Covid-19 have led to concerns. | Revealed publicly Wednesday Mar 3; probably from Mar 2 PCR round (unnamed in 1253488) - inferred; quote: Legspinner Fawad Ahmed was the first player to test positive for Covid-19 in the ongoing PSL, followed by Tom Banton and another Islamabad United player, and a support staff member of the Karachi Kings, Kamran Khan.; quote: Legspinner Fawad Ahmed was the first player to test positive for Covid-19 in the ongoing PSL, followed by Tom Banton and another Islamabad United player, and a support staff member of the Karachi Kings, Kamran Khan.; quote: However, three overseas players - Fawad Ahmed, Tom Banton (who revealed his positive test publicly on Wednesday) and another Islamabad United player - and one support staff member with the Karachi Kings (Kamran Khan) testing positive for Covid-19 have led to concerns. | Date is when he revealed positive publicly (Wednesday); team not stated in this story (Quetta Gladiators elsewhere); quote: Two more players - including Tom Banton - and one support-staff member return positive tests. | Timeline story; no explicit date; quote: Two more players - including Tom Banton - and one support-staff member return positive tests. | Timeline story; no explicit date",2021H1
Tom Clark,1,Sussex,,,2021-06-29,relative_to_published,unknown,https://www.espncricinfo.com/story/_/id/31731512/vitality-t20-blast-2021-ollie-robinson-eight-sussex-players-self-isolating https://www.espncricinfo.com/story/vitality-t20-blast-2021-ollie-robinson-among-eight-sussex-players-self-isolating-1268217,"quote: Clark, who has played seven of Sussex's eight County Championship fixtures this season, tested positive on Tuesday and has entered self-isolation. | Tuesday = published date.; quote: Tom Clark tests positive for Covid, seven team-mates and staff member deemed close contacts | Only title/subtitle present in this copy; quote is the subtitle.",cricinfo_archive
Tom Helm,1,Middlesex,,,2021-06-16,published,unknown,https://www.espncricinfo.com/story/vitality-blast-2021-ollie-pope-to-miss-four-surrey-blast-fixtures-after-being-required-to-self-isolate-1266743 https://www.espncricinfo.com/story/vitality-t20-blast-2021-durham-hit-by-positive-covid-19-test-a-number-of-players-and-staff-forced-to-self-isolate-1266874,"quote: Ben Duckett missed Nottinghamshire's win against Northamptonshire on Sunday as a precaution, while Tom Helm, the Middlesex seamer, has been self-isolating after testing positive, ruling him out of the early rounds of the Blast. | Test date not stated.; quote: This week, Surrey announced that Ollie Pope would miss four fixtures after coming into contact with someone who had tested positive for Covid, while Tom Helm, the Middlesex seamer, is currently self-isolating after testing positive himself. | Test date not stated.",cricinfo_archive
Tom Rogers,1,Melbourne Stars,franchise,BBL 2021-22,2022-01-03,announcement,unknown,https://www.cricket.com.au/news/melbourne-stars-covid-19-cases-tom-rogers-joe-clarke-bbl-replacement-player-renegades/2022-01-03 https://www.espn.com/cricket/story/_/id/32983895/bbl-2021-22-stock-taking-how-teams-grappling-covid-19-departure-key-players https://www.espncricinfo.com/story/_/id/32987774/bbl-2021-22-bbl-hub-agenda-amid-covid-19-outbreaks https://www.espncricinfo.com/story/bbl-2021-22-stock-taking-how-the-teams-are-grappling-with-covid-19-and-departure-of-key-players-1295216 https://www.espncricinfo.com/story/https%3A%2F%2Fwww.espncricinfo.com%2Fstory%2Fbbl-2021-22-cartwright-opens-up-on-mental-impact-of-bbl-covid-19-outbreak-1295327,"Positive rapid test; quote: Stars have been clearly the most-affected team, with openers Joe Clarke and Tom Rogers the latest players to test positive for Covid-19.; quote: The former Australia Test player had talks with the Stars' wellbeing staff following opening batters Joe Clarke and Tom Rogers being forced out of the Melbourne derby at the MCG. | text only says 'forced out' amid Stars Covid outbreak; positive stated explicitly in story 1295216; quote: The former Australia Test player had talks with the Stars' wellbeing staff following opening batters Joe Clarke and Tom Rogers being forced out of the Melbourne derby at the MCG. | text only says 'forced out' amid Stars Covid outbreak; positive stated explicitly in story 1295216",2022H1
Travis Head,1,Australia,international,Ashes 2021-22,2021-12-31,test_date,no,https://www.abc.net.au/news/2021-12-31/travis-head-tests-positive-for-covid/100732904 https://www.espncricinfo.com/story/_/id/32966074/bbl-2021-22-sydney-thunder-melbourne-stars-report-multiple-covid-cases https://www.espncricinfo.com/story/ashes-2021-22-travis-head-tests-positive-for-covid-19-as-australia-scramble-for-replacements-1294893 https://www.espncricinfo.com/story/bbl-2021-22-sydney-thunder-and-melbourne-stars-report-multiple-covid-cases-1294895,Routine PCR test on Fri 31 Dec (AEDT); asymptomatic.; quote: Cricket Australia confirmed on Friday morning that Head had tested positive from a routine PCR test becoming the first player in either squad to be affected. | Friday Dec 31 local; asymptomatic; quote: Australian cricket is threatening to be severely impacted by the surge in cases with Australia batter Travis Head ruled out of the Sydney Test against England after testing positive in Melbourne following a routine PCR test.; quote: Australian cricket is threatening to be severely impacted by the surge in cases with Australia batter Travis Head ruled out of the Sydney Test against England after testing positive in Melbourne following a routine PCR test.,2021H2
Trevon Griffith,1,Guyana Jaguars,domestic,CG Insurance Super50 Cup 2021,2021-01-24,test_date,unknown,"https://www.espncricinfo.com/story/_/id/30785828/shai-hope,-kyle-hope-test-positive-covid-19,-ruled-super-50-cup https://www.espncricinfo.com/story/shai-hope-kyle-hope-test-positive-for-covid-19-ruled-out-of-super-50-cup-1249340 https://www.windiescricket.com/news/barbados-pride-and-guyana-jaguars-players-miss-cg-insurance-super50-cup/","Tested Jan 24. Replaced in the squad by Kemol Savory.; quote: The brothers are among three players who returned positive tests, alongside Guyana's Trevon Griffith . | Test date Jan 24 applies to players tested ahead of Super50 (stated for the players); quote: The brothers are among three players who returned positive tests, alongside Guyana's Trevon Griffith . | Test date Jan 24 applies to players tested ahead of Super50 (stated for the players)",2021H1
Usman Qadir,1,Peshawar Zalmi,franchise,PSL 2022,2022-02-23,announcement,unknown,https://www.thenews.com.pk/latest/936083-lq-vs-ms-big-blow-to-multan-sultans-as-tim-david-tests-covd-19-positive,"Attributed to ""sources""; reported as earlier than 23 Feb; to miss eliminators; read via Wayback",2022H1
Varun Chakravarthy,1,Kolkata Knight Riders,franchise,IPL 2021,2021-05-03,announcement,unknown,https://www.espn.co.uk/cricket/story/_/id/31382048/ipl-2021-varun-chakravarthy-sandeep-warrier-positive-covid-19-kkr-vs-rcb-rescheduled https://www.espncricinfo.com/story/_/id/31383619/ipl-2021-covid-19-effect-delhi-capitals-players-isolate-mumbai-indians-sunrisers-hyderabad-skip-practice https://www.espncricinfo.com/story/_/id/31386969/ipl-2021-sunrisers-hyderabad-wriddhiman-saha-tests-positive-covid-19 https://www.espncricinfo.com/story/_/id/31387020/ipl-2021-postponed-covid-19-count-increases https://www.espncricinfo.com/story/_/id/31389118/ipl-2021-delhi-capitals-amit-mishra-first-player-dc-test-positive-covid-19 https://www.espncricinfo.com/story/_/id/31393690/raging-covid-19-pandemic-sop-loopholes-why-ipl-2021-repeat-uae-success https://www.espncricinfo.com/story/_/id/31407123/ipl-2021-kkr-tim-seifert-tests-positive-covid-19-treated-chennai-returning-new-zealand https://www.espncricinfo.com/story/_/id/31408625/ipl-2021-kkr-prasidh-krishna-tests-positive-covid-19 https://www.espncricinfo.com/story/https%3A%2F%2Fwww.espncricinfo.com%2Fstory%2Fraging-covid-19-pandemic-and-sop-loopholes-why-ipl-2021-couldn-t-repeat-uae-success-1262354 https://www.espncricinfo.com/story/ipl-2021-covid-19-effect-delhi-capitals-players-isolate-as-mumbai-indians-and-sunrisers-hyderabad-skip-practice-1262242 https://www.espncricinfo.com/story/ipl-2021-delhi-capitals-amit-mishra-first-player-from-dc-to-test-positive-for-covid-19-1262303 https://www.espncricinfo.com/story/ipl-2021-kkr-s-prasidh-krishna-tests-positive-for-covid-19-1262530 https://www.espncricinfo.com/story/ipl-2021-kkr-s-tim-seifert-tests-positive-for-covid-19-and-will-be-treated-in-chennai-before-returning-to-new-zealand-1262525 https://www.espncricinfo.com/story/ipl-2021-postponed-as-covid-count-increases-1262269 https://www.espncricinfo.com/story/ipl-2021-sunrisers-hyderabad-s-wriddhiman-saha-tests-positive-for-covid-19-1262268 https://www.espncricinfo.com/story/ipl-2021-varun-chakravarthy-and-sandeep-warrier-positive-for-covid-19-kkr-vs-rcb-rescheduled-1262213,"First positive inside the IPL bubble. Possibly exposed during a hospital visit for a shoulder scan.; quote: Monday's IPL 2021 match between the Kolkata Knight Riders and the Royal Challenges Bangalore in Ahmedabad has been rescheduled after the Knight Riders' spinner Varun Chakravarthy and seam bowler Sandeep Warrier tested positive for Covid-19. | Found positive in third round of testing in last four days; announced Monday May 3.; quote: Monday started with the IPL confirming that the Knight Riders' Varun Chakravarthy and Sandeep Warrier had tested positive in Ahmedabad, and cancelled their match against the Royal Challengers Bangalore, scheduled for Monday. | Confirmed Monday (= published date).; quote: Monday started with the IPL confirming that the Knight Riders' Varun Chakravarthy and Sandeep Warrier had tested positive in Ahmedabad, and cancelled their match against the Royal Challengers Bangalore, scheduled for Monday. | Confirmed Monday (= published date).; quote: Two players from the Kolkata Knight Riders - spinner Varun Chakravarthy and seam bowler Sandeep Warrier - and two members of the Chennai Super Kings contingent - bowling coach L Balaji and a member of the maintenance staff - had also tested positive over the past two days. | Positive 'over the past two days'; their match 'yesterday' (May 3) was put off, so May 3 used.; quote: Two players from the Kolkata Knight Riders - spinner Varun Chakravarthy and seam bowler Sandeep Warrier - and two members of the Chennai Super Kings contingent - bowling coach L Balaji and a member of the maintenance staff - had also tested positive over the past two days. | Positive 'over the past two days'; their match 'yesterday' (May 3) was put off, so May 3 used.; quote: On Monday, the Kolkata Knight Riders' Varun Chakravarthy and Sandeep Warrier tested positive and the day's match between the Knight Riders and the Royal Challengers Bangalore in Ahmedabad was put off . | Monday relative to Tuesday May 4 publication.; quote: On Monday, the Kolkata Knight Riders' Varun Chakravarthy and Sandeep Warrier tested positive and the day's match between the Knight Riders and the Royal Challengers Bangalore in Ahmedabad was put off . | Monday relative to Tuesday May 4 publication.; quote: After Varun Chakravarthy and Sandeep Warrier , both Kolkata Knight Riders players, were said to have tested positive on Monday, all Delhi Capitals players had been asked to isolate themselves in their hotel in Ahmedabad. | Monday relative to Tuesday May 4 publication.; quote: After Varun Chakravarthy and Sandeep Warrier , both Kolkata Knight Riders players, were said to have tested positive on Monday, all Delhi Capitals players had been asked to isolate themselves in their hotel in Ahmedabad. | Monday relative to Tuesday May 4 publication.; quote: What this meant was that any departure from the team bubbles would incur a hugely magnified risk - as is likely to have happened with the Kolkata Knight Riders' Varun Chakravarthy, who tested positive on May 3 .; quote: What this meant was that any departure from the team bubbles would incur a hugely magnified risk - as is likely to have happened with the Kolkata Knight Riders' Varun Chakravarthy, who tested positive on May 3 .; quote: Earlier this week, the Knight Riders' Varun Chakravarthy and Sandeep Warrier had tested positive for Covid-19, which was the first instance of positive cases within an IPL team bubble since the 2021 season started. | 'Earlier this week'; exact date not stated here.; quote: Earlier this week, the Knight Riders' Varun Chakravarthy and Sandeep Warrier had tested positive for Covid-19, which was the first instance of positive cases within an IPL team bubble since the 2021 season started. | 'Earlier this week'; exact date not stated here.; quote: Krishna becomes the fourth player from the Knight Riders camp to test positive after Varun Chakravarthy, Sandeep Warrier and Tim Seifert. | Earlier positive; date not stated here.; quote: Krishna becomes the fourth player from the Knight Riders camp to test positive after Varun Chakravarthy, Sandeep Warrier and Tim Seifert. | Earlier positive; date not stated here.",2021H1
Wahab Riaz,1,Pakistan,international,Pakistan tour of England 2020 (pre-departure tests),2020-06-22,test_date,no,https://www.aa.com.tr/en/asia-pacific/pakistan-7-more-cricketers-test-positive-for-covid-19/1887245 https://www.espncricinfo.com/story/_/id/29352210/seven-more-pakistan-players-test-positive-covid-19 https://www.espncricinfo.com/story/seven-more-pakistan-players-test-positive-for-covid-19-1225513,"Tested 22 June; announced 23 June; quote: The new names on the list are Kashif Bhatti, Mohammad Hasnain, Fakhar Zaman, Mohammad Rizwan, Mohammad Hafeez, Wahab Riaz, and Imran Khan. | Announced Tuesday (= published date); asymptomatic.; quote: The new names on the list are Kashif Bhatti, Mohammad Hasnain, Fakhar Zaman, Mohammad Rizwan, Mohammad Hafeez, Wahab Riaz, and Imran Khan. | Announced Tuesday (= published date); asymptomatic.",2020
Wahab Riaz,2,Peshawar Zalmi,franchise,PSL 2022,2022-01-25,announcement,unknown,https://www.thenews.com.pk/latest/928010-psl-7-karachi-kingss-president-wasim-akram-skipper-wahab-riaz-contract-covid-19,Captain; same report names Karachi Kings president Wasim Akram (not a player; excluded),2022H1
Wanindu Hasaranga,1,Sri Lanka,international,Sri Lanka tour of Australia T20Is,2022-02-15,test_date,unknown,https://www.espncricinfo.com/story/_/id/33293137/aus-vs-sl-2022-wanindu-hasaranga-tests-positive-covid-19-ahead-third-t20i-australia https://www.espncricinfo.com/story/_/id/33352336/ind-vs-sl-t20i-series-wanindu-hasaranga-positive-covid-19-again-likely-miss-entire-t20i-series-india https://www.espncricinfo.com/story/aus-vs-sl-2022-wanindu-hasaranga-tests-positive-for-covid-19-ahead-of-third-t20i-against-australia-1301255 https://www.espncricinfo.com/story/ind-vs-sl-t20i-series-wanindu-hasaranga-positive-for-covid-19-again-and-is-likely-to-miss-entire-t20i-series-in-india-1302323,"Positive rapid test on the morning of the 3rd T20I in Canberra; read via Wayback; quote: Sri Lanka allrounder Wanindu Hasaranga has returned a Covid-19 positive Rapid Antigen Test (RAT) on the morning of the third T20I against Australia in Canberra. | RAT on morning of third T20I (publication day); quote: Sri Lanka allrounder Wanindu Hasaranga has returned a Covid-19 positive Rapid Antigen Test (RAT) on the morning of the third T20I against Australia in Canberra. | RAT on morning of third T20I (publication day); quote: Hasaranga, third in the ICC rankings for T20I bowlers, initially tested positive on February 15 , ahead of Sri Lanka's third T20I against Australia. | Initial positive Feb 15; further positive RT-PCR reported 2022-02-23 described as uncleared old infection, not new; quote: Hasaranga, third in the ICC rankings for T20I bowlers, initially tested positive on February 15 , ahead of Sri Lanka's third T20I against Australia. | Initial positive Feb 15; further positive RT-PCR reported 2022-02-23 described as uncleared old infection, not new",2022H1
Washington Sundar,1,India,,,2022-01-11,published,unknown,https://www.espncricinfo.com/story/sa-vs-ind-odi-series-2022-jayant-yadav-replaces-washington-sundar-for-south-africa-odi-series-1296601 https://www.espncricinfo.com/story/sa-vs-ind-odi-series-washington-sundar-a-doubt-for-south-africa-odis-after-testing-positive-for-covid-19-1296396,"quote: ESPNcricinfo understands that Washington tested positive last week and is on the verge of finishing the required week-long isolation. | Tested positive 'last week' (week before 2022-01-11); exact date not given; Article says he had ""recently"" tested positive, so the test was earlier than 12 Jan; replaced by Jayant Yadav; read via Wayback",cricinfo_archive
Wiaan Mulder,1,South Africa,international,Bangladesh tour of South Africa Tests,2022-04-11,test_date,yes,https://www.espncricinfo.com/story/_/id/33722083/sa-vs-ban-2022-2nd-test-khaya-zondo-glenton-stuurman-replace-sarel-erwee-wiaan-mulder-covid-19-subs https://www.espncricinfo.com/story/sa-vs-ban-2022-2nd-test-khaya-zondo-glenton-stuurman-replace-sarel-erwee-wiaan-mulder-as-covid-19-subs-1310368 https://www.news24.com/sport/cricket/proteas/mulder-erwee-test-positive-for-covid-19-as-khaya-zondo-earns-proteas-test-debut-20220411,Tested Monday morning after waking unwell; COVID substitute (Stuurman) used mid-Test; read via Wayback; quote: Sarel Erwee and Wiaan Mulder have been withdrawn from the ongoing Gqeberha Test after contracting Covid-19. | Tested Monday morning (publication day); quote: Sarel Erwee and Wiaan Mulder have been withdrawn from the ongoing Gqeberha Test after contracting Covid-19. | Tested Monday morning (publication day),2022H1
Will Sutherland,1,Victoria,domestic,Sheffield Shield 2021-22,2021-11-19,announcement,yes,https://www.abc.net.au/news/2021-11-19/sheffield-shield-match-postponed-will-sutherland-covid-19/100633450 https://www.espncricinfo.com/story/will-sutherland-tests-positive-for-covid-19-but-sheffield-shield-will-start-saturday-1290061 https://www.foxsports.com.au/cricket/domestic-cricket/sheffield-shield/breaking-shield-match-suspended-as-star-linked-to-house-party-covid-outbreak/news-story/a0309a9cc8f52afad0e60f95c05b949b,'Minor symptoms'. Second test confirmed positive on 19 Nov; NSW v Vic delayed a day.; quote: Will Sutherland has been confirmed as having tested positive for Covid-19 but the Sheffield Shield match between New South Wales and Victoria will begin on Saturday at the SCG providing all the other results come back negative. | initial result emerged Friday before scheduled toss (published 23:01 UTC Nov 18 = Fri Nov 19 AEDT); second PCR confirmed,2021H2
Wriddhiman Saha,1,Sunrisers Hyderabad,franchise,IPL 2021,2021-05-04,announcement,yes,"https://africa.espn.com/cricket/story/_/id/31466223/wriddhiman-saha-amit-mishra-prasidh-krishna-recover-covid-19 https://www.espn.com/cricket/story/_/id/31386969/ipl-2021-sunrisers-hyderabad-wriddhiman-saha-tests-positive-covid-19 https://www.espncricinfo.com/story/_/id/31386969/ipl-2021-sunrisers-hyderabad-wriddhiman-saha-tests-positive-covid-19 https://www.espncricinfo.com/story/_/id/31387020/ipl-2021-postponed-covid-19-count-increases https://www.espncricinfo.com/story/_/id/31389118/ipl-2021-delhi-capitals-amit-mishra-first-player-dc-test-positive-covid-19 https://www.espncricinfo.com/story/_/id/31392458/ipl-2020-chennai-super-kings-michael-hussey-tests-positive-covid-19 https://www.espncricinfo.com/story/_/id/31408625/ipl-2021-kkr-prasidh-krishna-tests-positive-covid-19 https://www.espncricinfo.com/story/_/id/31466223/wriddhiman-saha,-amit-mishra,-prasidh-krishna-recover-covid-19 https://www.espncricinfo.com/story/ipl-2020-chennai-super-kings-michael-hussey-tests-positive-for-covid-19-1262312 https://www.espncricinfo.com/story/ipl-2021-delhi-capitals-amit-mishra-first-player-from-dc-to-test-positive-for-covid-19-1262303 https://www.espncricinfo.com/story/ipl-2021-kkr-s-prasidh-krishna-tests-positive-for-covid-19-1262530 https://www.espncricinfo.com/story/ipl-2021-postponed-as-covid-count-increases-1262269 https://www.espncricinfo.com/story/ipl-2021-sunrisers-hyderabad-s-wriddhiman-saha-tests-positive-for-covid-19-1262268 https://www.espncricinfo.com/story/wriddhiman-saha-amit-mishra-prasidh-krishna-recover-from-covid-19-1263410","Fever from May 1. Positive in the Monday (May 3) testing round. Announced May 4.; quote: Wriddhiman Saha has tested positive for Covid-19, meaning the Sunrisers Hyderabad became the third franchise to register positive cases at IPL 2021. | Symptoms May 1 with negative test that day; positive in third round of testing (tests Sunday and Monday).; quote: Wriddhiman Saha has tested positive for Covid-19, meaning the Sunrisers Hyderabad became the third franchise to register positive cases at IPL 2021. | Symptoms May 1 with negative test that day; positive in third round of testing (tests Sunday and Monday).; quote: The Sunrisers Hyderabad became the third franchise to register cases when it was confirmed earlier on Tuesday that Wriddhiman Saha had tested positive for Covid-19 and was isolating from the rest of the squad. | Confirmed Tuesday (= published date).; quote: The Sunrisers Hyderabad became the third franchise to register cases when it was confirmed earlier on Tuesday that Wriddhiman Saha had tested positive for Covid-19 and was isolating from the rest of the squad. | Confirmed Tuesday (= published date).; quote: On Tuesday, Sunrisers Hyderabad's Wriddhiman Saha was said to be positive as well. | Tuesday = published date.; quote: On Tuesday, Sunrisers Hyderabad's Wriddhiman Saha was said to be positive as well. | Tuesday = published date.; quote: The Sunrisers Hyderabad wicketkeeper Wriddhiman Saha and the Delhi Capitals' legspinner Amit Mishra also tested positive for Covid-19 on Tuesday. | Tuesday relative to Wednesday May 5 publication.; quote: The Sunrisers Hyderabad wicketkeeper Wriddhiman Saha and the Delhi Capitals' legspinner Amit Mishra also tested positive for Covid-19 on Tuesday. | Tuesday relative to Wednesday May 5 publication.; quote: Both players had tested positive for the virus on May 4, the same day that IPL 2021 was suspended indefinitely . | Recovered, announced 2021-05-18.; quote: Both players had tested positive for the virus on May 4, the same day that IPL 2021 was suspended indefinitely . | Recovered, announced 2021-05-18.; quote: It later emerged that Wriddhiman Saha of the Sunrisers Hyderabad and Amit Mishra of the Delhi Capitals had also tested positive among players. | Earlier positive; date not stated here.; quote: It later emerged that Wriddhiman Saha of the Sunrisers Hyderabad and Amit Mishra of the Delhi Capitals had also tested positive among players. | Earlier positive; date not stated here.",2021H1
Yash Dhull,1,India U19,international,Under-19 World Cup 2022,2022-01-19,test_date,unknown,https://www.espn.com/espn/print?id=33166642 https://www.espncricinfo.com/story/https%3A%2F%2Fwww.espncricinfo.com%2Fstory%2Fcovid-19-five-indian-players-including-yash-dhull-ruled-out-of-under-19-world-cup-game-against-uganda-1298239 https://www.espncricinfo.com/story/under-19-world-cup-2022-harnoor-and-raghuvanshi-fifties-guide-covid-hit-india-to-quarter-finals-1297603 https://www.espncricinfo.com/story/under-19-world-cup-bcci-sends-five-reserve-players-to-bolster-covid-hit-indian-squad-in-the-caribbean-1298284 https://www.espncricinfo.com/story/under-19-world-cup-captain-yash-dhull-and-five-others-test-positive-for-covid-19-and-miss-india-match-against-ireland-1297592 https://www.espncricinfo.com/story/under-19-world-cup-india-add-vasu-vats-as-temporary-covid-replacement-for-manav-parakh-1298371 https://www.thequint.com/sports/cricket/india-under-19-world-cup-squad-covid-positive-players-yash-dhull,"Positive rapid test before the Ireland match; missed 2 group games; recovered for knockouts; quote: Yash Dhull , captain of India's Under-19 team, Shaik Rasheed , the vice-captain, and four other players have returned positive tests for Covid-19 (or are suspected of being Covid positive), forcing them out of the Group B World Cup game against Ireland in Tarouba on Wednesday. | Positive Rapid Antigen Test before Wednesday's game; quote: Dhull, Aaradhya Yadav and Shaik Rasheed had all returned positive Rapid Antigen Tests (RATs) on Wednesday, while Manav Parakh and Vats had displayed symptoms of Covid-19 but returned negative RATs. | Positive RAT Wednesday; confirmed by fresh RT-PCR round; quote: Despite missing their captain Yash Dhull and vice-captain Shaikh Rasheed after both tested positive for Covid-19 , India thumped Ireland by 174 runs and in the process secured their quarter-final spot too. | Missed Ireland game on 2022-01-19; quote: The group included captain Yash Dhull and vice-captain Shaik Rasheed . | Story says five players of the original squad tested positive this week; names listed as ruled out; quote: Parakh, as well as designated captain Yash Dhull and vice-captain Shaik Rasheed , and Siddarth Yadav are currently in isolation. | Text says 'in isolation' amid Covid outbreak (Parakh replaced as temporary Covid replacement); positive status implied, not stated in this sentence",2022H1
Yusuf Pathan,1,India Legends (retired),international,Road Safety World Series 2021 (Raipur; retired players),2021-03-27,announcement,yes,https://www.espncricinfo.com/story/_/id/31159443/irfan-pathan-fourth-player-test-covid-19-positive-road-safety-world-series https://www.espncricinfo.com/story/_/id/31163258/india-women-t20i-captain-harmanpreet-kaur-tests-positive-covid-19 https://www.espncricinfo.com/story/_/id/31181122/covid-19-sachin-tendulkar-hospitalised-matter-abundant-precaution https://www.espncricinfo.com/story/_/id/31214647/covid-19-sachin-tendulkar-discharged-hospital-testing-negative https://www.espncricinfo.com/story/after-sachin-tendulkar-and-yusuf-pathan-s-badrinath-also-tests-covid-19-positive-1256976 https://www.espncricinfo.com/story/covid-19-sachin-tendulkar-discharged-from-hospital-after-testing-negative-1258244 https://www.espncricinfo.com/story/covid-19-sachin-tendulkar-hospitalised-as-a-matter-of-abundant-precaution-1257568 https://www.espncricinfo.com/story/india-women-s-t20i-captain-harmanpreet-kaur-tests-positive-for-covid-19-1257236 https://www.espncricinfo.com/story/irfan-pathan-fourth-player-to-test-covid-19-positive-in-road-safety-world-series-1257196 https://www.india.com/sports/yusuf-pathan-tests-coronavirus-positive-after-sachin-tendulkar-both-cricketers-participated-in-road-safety-world-series-4540926/,"Retired from international cricket. Tweeted 'tested positive for COVID-19 today with mild symptoms'.; quote: I've tested positive for COVID-19 today with mild symptoms. | Tweet dated March 27, 2021 says 'today'; quote: On Saturday, Sachin Tendulkar announced that he had tested positive for the virus, and his announcement was followed by similar ones from Irfan's half-brother Yusuf Pathan , and S Badrinath . | Announcement after Tendulkar's; date not given; quote: On Saturday, Sachin Tendulkar announced that he had tested positive for the virus, and his announcement was followed by similar ones from Irfan's half-brother Yusuf Pathan , and S Badrinath . | Announcement after Tendulkar's; date not given; quote: Separately, a number of former Indian cricketers, who were part of the Road Safety Series in Raipur, have tested positive for Covid-19 : Sachin Tendulkar, Yusuf Pathan, S Badrinath and Irfan Pathan have returned positive tests. | Recap; date not given; quote: Separately, a number of former Indian cricketers, who were part of the Road Safety Series in Raipur, have tested positive for Covid-19 : Sachin Tendulkar, Yusuf Pathan, S Badrinath and Irfan Pathan have returned positive tests. | Recap; date not given; quote: Tendulkar, as well as the Pathans Yusuf and Irfan, and S Badrinath were the players to have taken part in the Road Safety World Series to test positive for the virus over the past few days. | Recap; 'over the past few days'; quote: Tendulkar, as well as the Pathans Yusuf and Irfan, and S Badrinath were the players to have taken part in the Road Safety World Series to test positive for the virus over the past few days. | Recap; 'over the past few days'; quote: A week after Tendulkar led India Legends to the title, he was among four players - Irfan and Yusuf Pathan and S Badrinath - to test positive. | Recap; about a week after Mar 21 final; quote: A week after Tendulkar led India Legends to the title, he was among four players - Irfan and Yusuf Pathan and S Badrinath - to test positive. | Recap; about a week after Mar 21 final",2021H1
Yuzvendra Chahal,1,India,,,2021-07-29,test_date,unknown,https://www.espncricinfo.com/story/krunal-pandya-yuzvendra-chahal-and-k-gowtham-return-to-india-after-testing-negative-for-covid-19-in-sri-lanka-1272506 https://www.espncricinfo.com/story/sl-vs-ind-t20i-series-yuzvendra-chahal-and-k-gowtham-test-positive-for-covid-19-in-sri-lanka-1271507 https://www.livemint.com/news/india/two-more-indian-cricketers-test-covid-positive-in-sri-lanka-11627642015120.html,"quote: Chahal and Gowtham, who were part of this group of close contacts, and had initially tested negative, returned positive tests two days later. | 'Two days later' than July 27 = July 29 per this text (story 1271507 says Friday July 30); One of Krunal's eight close contacts. Tested negative 29 Jul, then positive Fri 30 Jul.; quote: ESPNcricinfo has learned that Chahal and Gowtham tested positive on Friday. | Previously a close contact of Krunal Pandya; tested negative Thursday",cricinfo_archive
Zafar Sarfraz,1,Peshawar (Pakistan),domestic,none (retired),2020-04-13,death_date,yes,https://www.dawn.com/news/1549181 https://www.espncricinfo.com/story/_/id/29030327/covid-19-claims-pakistan-first-class-cricketer-zafar-sarfraz- https://www.espncricinfo.com/story/covid-19-claims-pakistan-first-class-cricketer-zafar-sarfraz-1220625 https://www.thenews.com.pk/print/643902-first-class-cricketer-zafar-dies-of-corona,Retired first-class player (retired 1994) and later coach; died of COVID-19; articles say he 'was infected by coronavirus' and had symptoms but give no test date; exclude if retired players are out of scope; quote: Former Pakistan first-class cricketer Zafar Sarfraz has died after testing positive for Covid-19. | Former first-class player; died Monday 13 Apr 2020; test date not stated.; quote: Former Pakistan first-class cricketer Zafar Sarfraz has died after testing positive for Covid-19. | Former first-class player; died Monday 13 Apr 2020; test date not stated.,2020
