1210058	https://www.espncricinfo.com/story/bcb-chief-positive-about-getting-security-clearance-for-pakistan-tour-1210058	bcb-chief-positive-about-getting-security-clearance-for-pakistan-tour
1214665	https://www.espncricinfo.com/story/the-hundred-to-take-place-in-2021-after-coronavirus-postponement-1214665	the-hundred-to-take-place-in-2021-after-coronavirus-postponement
1216343	https://www.espncricinfo.com/story/experiences-like-this-are-so-valuable-eoin-morgan-takes-positives-ahead-of-t20-world-cup-1216343	experiences-like-this-are-so-valuable-eoin-morgan-takes-positives-ahead-of-t20-world-cup
1218412	https://www.espncricinfo.com/story/psl-games-to-go-ahead-in-karachi-as-scheduled-amid-coronavirus-fears-1218412	psl-games-to-go-ahead-in-karachi-as-scheduled-amid-coronavirus-fears
1218462	https://www.espncricinfo.com/story/everest-premier-league-postponed-due-to-coronavirus-fears-1218462	everest-premier-league-postponed-due-to-coronavirus-fears
1218493	https://www.espncricinfo.com/story/ipl-on-with-all-precautions-against-coronavirus-ganguly-1218493	ipl-on-with-all-precautions-against-coronavirus-ganguly
1218843	https://www.espncricinfo.com/story/one-ticket-per-person-for-first-t20i-bcb-reacts-to-coronavirus-concerns-1218843	one-ticket-per-person-for-first-t20i-bcb-reacts-to-coronavirus-concerns
1218937	https://www.espncricinfo.com/story/coronavirus-newsfile-nzc-deputy-ceo-resigns-as-workforce-is-trimmed-1218937	coronavirus-newsfile-nzc-deputy-ceo-resigns-as-workforce-is-trimmed
1219002	https://www.espncricinfo.com/story/england-ban-selfies-with-fans-limit-public-engagements-amid-coronavirus-fears-1219002	england-ban-selfies-with-fans-limit-public-engagements-amid-coronavirus-fears
1219034	https://www.espncricinfo.com/story/world-xi-v-asia-xi-matches-postponed-amid-coronavirus-fears-1219034	world-xi-v-asia-xi-matches-postponed-amid-coronavirus-fears
1219106	https://www.espncricinfo.com/story/ipl-governing-council-likely-to-meet-on-march-14-to-discuss-coronavirus-pandemic-1219106	ipl-governing-council-likely-to-meet-on-march-14-to-discuss-coronavirus-pandemic
1219220	https://www.espncricinfo.com/story/australia-women-s-tour-of-south-africa-postponed-because-of-coronavirus-1219220	australia-women-s-tour-of-south-africa-postponed-because-of-coronavirus
1219221	https://www.espncricinfo.com/story/west-indies-tests-in-spotlight-as-uk-moves-to-covid-19-delay-phase-1219221	west-indies-tests-in-spotlight-as-uk-moves-to-covid-19-delay-phase
1219226	https://www.espncricinfo.com/story/kane-richardson-tests-negative-for-covid-19-1219226	kane-richardson-tests-negative-for-covid-19
1219265	https://www.espncricinfo.com/story/coronavirus-four-days-shaved-off-psl-schedule-following-rejig-14-overseas-players-depart-1219265	coronavirus-four-days-shaved-off-psl-schedule-following-rejig-14-overseas-players-depart
1219267	https://www.espncricinfo.com/story/coronavirus-threat-ipl-2020-deferred-until-april-15-1219267	coronavirus-threat-ipl-2020-deferred-until-april-15
1219281	https://www.espncricinfo.com/story/england-tour-of-sri-lanka-postponed-amid-covid-19-spread-1219281	england-tour-of-sri-lanka-postponed-amid-covid-19-spread
1219300	https://www.espncricinfo.com/story/newsfile-county-pre-season-tours-affected-by-covid-19-pandemic-1219300	newsfile-county-pre-season-tours-affected-by-covid-19-pandemic
1219302	https://www.espncricinfo.com/story/coronavirus-india-v-south-africa-odi-series-rescheduled-1219302	coronavirus-india-v-south-africa-odi-series-rescheduled
1219320	https://www.espncricinfo.com/story/covid-19-list-of-all-the-cricket-series-affected-by-coronaviruss-full-coverage-1219320	covid-19-list-of-all-the-cricket-series-affected-by-coronaviruss-full-coverage
1219355	https://www.espncricinfo.com/story/sheffield-shield-cancelled-as-australia-attempts-to-combat-coronavirus-1219355	sheffield-shield-cancelled-as-australia-attempts-to-combat-coronavirus
1219387	https://www.espncricinfo.com/story/i-just-had-very-very-mild-cold-lockie-ferguson-after-coronavirus-concerns-1219387	i-just-had-very-very-mild-cold-lockie-ferguson-after-coronavirus-concerns
1219406	https://www.espncricinfo.com/story/stuart-broad-backs-tough-but-necessary-decision-to-return-home-from-sri-lanka-over-covid-19-fears-1219406	stuart-broad-backs-tough-but-necessary-decision-to-return-home-from-sri-lanka-over-covid-19-fears
1219431	https://www.espncricinfo.com/story/plunket-shield-cancelled-due-to-coronavirus-measures-wellington-named-champions-1219431	plunket-shield-cancelled-due-to-coronavirus-measures-wellington-named-champions
1219441	https://www.espncricinfo.com/story/coronavirus-final-leg-of-bangladesh-s-tour-of-pakistan-postponed-1219441	coronavirus-final-leg-of-bangladesh-s-tour-of-pakistan-postponed
1219473	https://www.espncricinfo.com/story/cricket-australia-guards-cash-and-venues-ahead-of-coronavirus-winter-1219473	cricket-australia-guards-cash-and-venues-ahead-of-coronavirus-winter
1219491	https://www.espncricinfo.com/story/psl-playoffs-postponed-after-overseas-player-develops-coronavirus-symptoms-1219491	psl-playoffs-postponed-after-overseas-player-develops-coronavirus-symptoms
1219506	https://www.espncricinfo.com/story/alex-hales-confirms-covid-19-symptoms-yet-to-be-tested-1219506	alex-hales-confirms-covid-19-symptoms-yet-to-be-tested
1219524	https://www.espncricinfo.com/story/south-africa-cricketers-asked-to-self-isolate-social-distance-themselves-upon-return-from-india-1219524	south-africa-cricketers-asked-to-self-isolate-social-distance-themselves-upon-return-from-india
1219538	https://www.espncricinfo.com/story/crunch-time-for-english-cricket-as-domestic-game-feels-the-covid-19-squeeze-1219538	crunch-time-for-english-cricket-as-domestic-game-feels-the-covid-19-squeeze
1219567	https://www.espncricinfo.com/story/sambit-bal-sport-still-matters-despite-the-covid-19-pandemic-perhaps-more-than-we-think-1219567	sambit-bal-sport-still-matters-despite-the-covid-19-pandemic-perhaps-more-than-we-think
1219600	https://www.espncricinfo.com/story/hundred-blast-set-to-be-prioritised-as-ecb-draws-up-covid-19-contingency-plans-1219600	hundred-blast-set-to-be-prioritised-as-ecb-draws-up-covid-19-contingency-plans
1219631	https://www.espncricinfo.com/story/coronavirus-what-s-at-stake-for-cricket-in-2020-1219631	coronavirus-what-s-at-stake-for-cricket-in-2020
1219638	https://www.espncricinfo.com/story/scotland-s-majid-haq-tweets-news-of-positive-coronavirus-test-1219638	scotland-s-majid-haq-tweets-news-of-positive-coronavirus-test
1219672	https://www.espncricinfo.com/story/coronavirus-all-domestic-cricket-in-sri-lanka-postponed-1219672	coronavirus-all-domestic-cricket-in-sri-lanka-postponed
1219688	https://www.espncricinfo.com/story/pcb-takes-coronavirus-hit-but-finances-absolutely-fine-for-next-12-14-months-1219688	pcb-takes-coronavirus-hit-but-finances-absolutely-fine-for-next-12-14-months
1219737	https://www.espncricinfo.com/story/hanuma-vihari-on-life-during-the-covid-19-pandemic-i-ve-been-cheating-a-little-1219737	hanuma-vihari-on-life-during-the-covid-19-pandemic-i-ve-been-cheating-a-little
1219765	https://www.espncricinfo.com/story/r-ashwin-on-how-covid-19-has-affected-his-life-and-cricket-1219765	r-ashwin-on-how-covid-19-has-affected-his-life-and-cricket
1219836	https://www.espncricinfo.com/story/lauren-winfield-amy-jones-stuck-in-australia-due-to-coronavirus-pandemic-1219836	lauren-winfield-amy-jones-stuck-in-australia-due-to-coronavirus-pandemic
1219837	https://www.espncricinfo.com/story/coronavirus-bangladesh-players-fear-salary-loss-amid-uncertainty-1219837	coronavirus-bangladesh-players-fear-salary-loss-amid-uncertainty
1219844	https://www.espncricinfo.com/story/coronavirus-adelaide-strikers-chief-among-23-saca-job-losses-1219844	coronavirus-adelaide-strikers-chief-among-23-saca-job-losses
1219846	https://www.espncricinfo.com/story/mark-nicholas-the-covid-19-hiatus-is-a-time-for-healing-and-we-are-all-in-charge-1219846	mark-nicholas-the-covid-19-hiatus-is-a-time-for-healing-and-we-are-all-in-charge
1219866	https://www.espncricinfo.com/story/the-hitchhiker-s-guide-to-the-ipl-the-coronavirus-edition-1219866	the-hitchhiker-s-guide-to-the-ipl-the-coronavirus-edition
1219868	https://www.espncricinfo.com/story/coronavirus-outbreak-county-cricket-latest-1219868	coronavirus-outbreak-county-cricket-latest
1219900	https://www.espncricinfo.com/story/coronavirus-outbreak-heather-knight-signs-up-for-nhs-volunteer-scheme-1219900	coronavirus-outbreak-heather-knight-signs-up-for-nhs-volunteer-scheme
1219921	https://www.espncricinfo.com/story/cricket-australia-contracts-delayed-by-coronavirus-planning-1219921	cricket-australia-contracts-delayed-by-coronavirus-planning
1219957	https://www.espncricinfo.com/story/david-hodgkiss-lancashire-chairman-dies-after-contracting-coronavirus-1219957	david-hodgkiss-lancashire-chairman-dies-after-contracting-coronavirus
1219961	https://www.espncricinfo.com/story/hundred-ticket-sale-delayed-due-to-coronavirus-concern-1219961	hundred-ticket-sale-delayed-due-to-coronavirus-concern
1219963	https://www.espncricinfo.com/story/joe-root-expects-discussion-on-pay-cuts-as-coronavirus-uncertainty-rules-1219963	joe-root-expects-discussion-on-pay-cuts-as-coronavirus-uncertainty-rules
1220006	https://www.espncricinfo.com/story/tabraiz-shamsi-on-life-during-the-covid-19-pandemic-i-didn-t-know-fatherhood-was-this-hard-1220006	tabraiz-shamsi-on-life-during-the-covid-19-pandemic-i-didn-t-know-fatherhood-was-this-hard
1220036	https://www.espncricinfo.com/story/javeria-khan-on-life-at-home-during-the-covid-19-pandemic-1220036	javeria-khan-on-life-at-home-during-the-covid-19-pandemic
1220075	https://www.espncricinfo.com/story/fees-waived-as-recreational-cricket-feels-coronavirus-strain-1220075	fees-waived-as-recreational-cricket-feels-coronavirus-strain
1220089	https://www.espncricinfo.com/story/construction-work-continues-at-lord-s-despite-covid-19-outbreak-1220089	construction-work-continues-at-lord-s-despite-covid-19-outbreak
1220100	https://www.espncricinfo.com/story/edgbaston-to-become-covid-19-testing-centre-1220100	edgbaston-to-become-covid-19-testing-centre
1220118	https://www.espncricinfo.com/story/tammy-beaumont-on-life-during-the-covid-19-pandemic-i-got-sucked-into-i-tiger-king-i-1220118	tammy-beaumont-on-life-during-the-covid-19-pandemic-i-got-sucked-into-i-tiger-king-i
1220210	https://www.espncricinfo.com/story/dane-paterson-seeks-nottinghamshire-kolpak-deal-despite-covid-19-uncertainty-1220210	dane-paterson-seeks-nottinghamshire-kolpak-deal-despite-covid-19-uncertainty
1220317	https://www.espncricinfo.com/story/former-india-seamer-joginder-sharma-talks-about-life-as-a-policeman-in-the-fight-against-covid-19-1220317	former-india-seamer-joginder-sharma-talks-about-life-as-a-policeman-in-the-fight-against-covid-19
1220373	https://www.espncricinfo.com/story/brendan-taylor-on-life-during-the-covid-19-pandemic-i-wash-my-hands-about-20-times-a-day-now-1220373	brendan-taylor-on-life-during-the-covid-19-pandemic-i-wash-my-hands-about-20-times-a-day-now
1220402	https://www.espncricinfo.com/story/bangladesh-australia-test-series-postponed-amid-covid-19-threat-1220402	bangladesh-australia-test-series-postponed-amid-covid-19-threat
1220428	https://www.espncricinfo.com/story/ashley-giles-remains-positive-as-west-indies-pin-hopes-on-touring-in-july-1220428	ashley-giles-remains-positive-as-west-indies-pin-hopes-on-touring-in-july
1220500	https://www.espncricinfo.com/story/brendan-taylor-rues-covid-19-s-impact-on-zimbabwe-cricket-1220500	brendan-taylor-rues-covid-19-s-impact-on-zimbabwe-cricket
1220625	https://www.espncricinfo.com/story/covid-19-claims-pakistan-first-class-cricketer-zafar-sarfraz-1220625	covid-19-claims-pakistan-first-class-cricketer-zafar-sarfraz
1220735	https://www.espncricinfo.com/story/matt-henry-s-kent-contract-cancelled-due-to-coronavirus-pandemic-1220735	matt-henry-s-kent-contract-cancelled-due-to-coronavirus-pandemic
1220745	https://www.espncricinfo.com/story/pcb-chairman-ehsan-mani-warns-of-financial-fallout-if-covid-19-disrupts-t20-world-cup-1220745	pcb-chairman-ehsan-mani-warns-of-financial-fallout-if-covid-19-disrupts-t20-world-cup
1220811	https://www.espncricinfo.com/story/ireland-s-home-summer-at-high-risk-due-to-coronavirus-1220811	ireland-s-home-summer-at-high-risk-due-to-coronavirus
1220814	https://www.espncricinfo.com/story/ravi-bopara-on-life-during-the-covid-19-pandemic-who-s-going-to-deliver-my-son-s-birthday-gift-1220814	ravi-bopara-on-life-during-the-covid-19-pandemic-who-s-going-to-deliver-my-son-s-birthday-gift
1220904	https://www.espncricinfo.com/story/laura-wolvaardt-on-life-during-the-covid-19-pandemic-this-year-i-opted-for-cricket-as-a-career-1220904	laura-wolvaardt-on-life-during-the-covid-19-pandemic-this-year-i-opted-for-cricket-as-a-career
1221066	https://www.espncricinfo.com/story/use-saliva-on-the-ball-or-not-what-s-the-post-coronavirus-future-1221066	use-saliva-on-the-ball-or-not-what-s-the-post-coronavirus-future
1221141	https://www.espncricinfo.com/story/cheteshwar-pujara-on-life-during-the-covid-19-pandemic-i-can-t-let-my-wife-win-at-badminton-1221141	cheteshwar-pujara-on-life-during-the-covid-19-pandemic-i-can-t-let-my-wife-win-at-badminton
1221375	https://www.espncricinfo.com/story/jason-gillespie-in-limbo-as-covid-19-travel-bans-leave-county-coaches-grounded-1221375	jason-gillespie-in-limbo-as-covid-19-travel-bans-leave-county-coaches-grounded
1221553	https://www.espncricinfo.com/story/cricket-to-consider-legalised-ball-tampering-in-wake-of-coronavirus-1221553	cricket-to-consider-legalised-ball-tampering-in-wake-of-coronavirus
1221592	https://www.espncricinfo.com/story/case-for-the-hundred-much-greater-due-to-covid-19-tom-harrison-1221592	case-for-the-hundred-much-greater-due-to-covid-19-tom-harrison
1221654	https://www.espncricinfo.com/story/five-key-issues-for-the-ecb-in-face-of-covid-19-disruption-1221654	five-key-issues-for-the-ecb-in-face-of-covid-19-disruption
1221751	https://www.espncricinfo.com/story/michael-holding-on-life-during-the-covid-19-pandemic-i-got-a-text-mandela-did-this-for-27-years-1221751	michael-holding-on-life-during-the-covid-19-pandemic-i-got-a-text-mandela-did-this-for-27-years
1221987	https://www.espncricinfo.com/story/saliva-and-sweat-to-shine-the-ball-restricted-under-australian-covid-19-guidelines-1221987	saliva-and-sweat-to-shine-the-ball-restricted-under-australian-covid-19-guidelines
1222003	https://www.espncricinfo.com/story/tom-harrison-faces-dcms-committee-to-assess-covid-s-impact-on-cricket-1222003	tom-harrison-faces-dcms-committee-to-assess-covid-s-impact-on-cricket
1222059	https://www.espncricinfo.com/story/ecb-and-cwi-hold-positive-talks-on-rescheduling-west-indies-tour-1222059	ecb-and-cwi-hold-positive-talks-on-rescheduling-west-indies-tour
1222089	https://www.espncricinfo.com/story/jahanara-alam-on-life-during-the-covid-19-pandemic-this-time-i-will-fast-for-ramadan-1222089	jahanara-alam-on-life-during-the-covid-19-pandemic-this-time-i-will-fast-for-ramadan
1222092	https://www.espncricinfo.com/story/kyle-coetzer-on-life-during-the-covid-19-pandemic-i-baked-a-cake-with-my-kids-1222092	kyle-coetzer-on-life-during-the-covid-19-pandemic-i-baked-a-cake-with-my-kids
1222173	https://www.espncricinfo.com/story/covid-19-crisis-could-force-australian-players-to-be-more-self-reliant-1222173	covid-19-crisis-could-force-australian-players-to-be-more-self-reliant
1222197	https://www.espncricinfo.com/story/brendon-mccullum-sees-opportunity-for-new-zealand-in-post-covid-19-bbl-1222197	brendon-mccullum-sees-opportunity-for-new-zealand-in-post-covid-19-bbl
1222302	https://www.espncricinfo.com/story/south-african-allrounder-solo-nqweni-announces-news-of-positive-coronavirus-test-1222302	south-african-allrounder-solo-nqweni-announces-news-of-positive-coronavirus-test
1222316	https://www.espncricinfo.com/story/bcci-says-india-ready-for-two-week-quarantine-to-make-australia-tour-happen-1222316	bcci-says-india-ready-for-two-week-quarantine-to-make-australia-tour-happen
1222350	https://www.espncricinfo.com/story/megan-schutt-braced-for-women-s-game-to-feel-impact-of-covid-19-1222350	megan-schutt-braced-for-women-s-game-to-feel-impact-of-covid-19
1222406	https://www.espncricinfo.com/story/bangladesh-players-body-hopes-to-conduct-elections-after-covid-19-public-holiday-1222406	bangladesh-players-body-hopes-to-conduct-elections-after-covid-19-public-holiday
1222554	https://www.espncricinfo.com/story/covid-19-effect-women-s-world-cup-qualifier-2021-postponed-1222554	covid-19-effect-women-s-world-cup-qualifier-2021-postponed
1222651	https://www.espncricinfo.com/story/jemimah-rodrigues-on-life-during-the-covid-19-pandemic-this-break-has-helped-us-recharge-1222651	jemimah-rodrigues-on-life-during-the-covid-19-pandemic-this-break-has-helped-us-recharge
1223045	https://www.espncricinfo.com/story/babar-azam-fears-for-growth-of-cricket-due-to-covid-19-pandemic-1223045	babar-azam-fears-for-growth-of-cricket-due-to-covid-19-pandemic
1223062	https://www.espncricinfo.com/story/cricket-s-comeback-from-covid-19-the-state-of-the-game-1223062	cricket-s-comeback-from-covid-19-the-state-of-the-game
1223135	https://www.espncricinfo.com/story/mickey-arthur-on-life-during-the-covid-19-pandemic-spent-my-birthday-with-sangakkara-1223135	mickey-arthur-on-life-during-the-covid-19-pandemic-spent-my-birthday-with-sangakkara
1223139	https://www.espncricinfo.com/story/ca-considering-disinfecting-the-ball-to-adapt-to-covid-19-risks-1223139	ca-considering-disinfecting-the-ball-to-adapt-to-covid-19-risks
1223418	https://www.espncricinfo.com/story/chris-woakes-admits-realities-of-post-covid-training-take-up-headspace-1223418	chris-woakes-admits-realities-of-post-covid-training-take-up-headspace
1223509	https://www.espncricinfo.com/story/covid-19-kyle-coetzer-fears-cricket-will-start-to-be-forgotten-in-scotland-1223509	covid-19-kyle-coetzer-fears-cricket-will-start-to-be-forgotten-in-scotland
1223906	https://www.espncricinfo.com/story/most-county-clubs-built-to-last-through-covid-19-crisis-surrey-chief-says-1223906	most-county-clubs-built-to-last-through-covid-19-crisis-surrey-chief-says
1223909	https://www.espncricinfo.com/story/new-zealand-cricket-set-to-suffer-job-losses-amid-covid-19-fallout-1223909	new-zealand-cricket-set-to-suffer-job-losses-amid-covid-19-fallout
1224035	https://www.espncricinfo.com/story/ecb-backs-covid-19-substitutes-as-plans-for-bio-secure-internationals-ramp-up-1224035	ecb-backs-covid-19-substitutes-as-plans-for-bio-secure-internationals-ramp-up
1224043	https://www.espncricinfo.com/story/covid-19-crisis-cricket-west-indies-announces-temporary-salary-and-fund-cuts-1224043	covid-19-crisis-cricket-west-indies-announces-temporary-salary-and-fund-cuts
1224131	https://www.espncricinfo.com/story/jasprit-bumrah-wants-alternative-to-saliva-for-shining-ball-in-covid-19-era-1224131	jasprit-bumrah-wants-alternative-to-saliva-for-shining-ball-in-covid-19-era
1224268	https://www.espncricinfo.com/story/ecb-announces-record-turnover-as-it-prepares-for-covid-19-financial-hit-1224268	ecb-announces-record-turnover-as-it-prepares-for-covid-19-financial-hit
1224360	https://www.espncricinfo.com/story/bio-secure-venues-can-withstand-covid-second-wave-steve-elworthy-1224360	bio-secure-venues-can-withstand-covid-second-wave-steve-elworthy
1224436	https://www.espncricinfo.com/story/coronavirus-newsfile-three-members-of-south-africa-women-s-high-performance-set-up-test-positive-1224436	coronavirus-newsfile-three-members-of-south-africa-women-s-high-performance-set-up-test-positive
1224657	https://www.espncricinfo.com/story/west-indies-embark-for-historic-england-tour-after-passing-covid-tests-1224657	west-indies-embark-for-historic-england-tour-after-passing-covid-tests
1224726	https://www.espncricinfo.com/story/full-coverage-cricket-australia-s-covid-19-financial-battle-1224726	full-coverage-cricket-australia-s-covid-19-financial-battle
1224776	https://www.espncricinfo.com/story/pcb-scraps-plans-for-lahore-training-camp-over-covid-19-concerns-1224776	pcb-scraps-plans-for-lahore-training-camp-over-covid-19-concerns
1224793	https://www.espncricinfo.com/story/icc-approves-use-of-substitute-if-player-shows-covid-19-symptoms-in-tests-1224793	icc-approves-use-of-substitute-if-player-shows-covid-19-symptoms-in-tests
1225015	https://www.espncricinfo.com/story/shahid-afridi-tests-positive-for-covid-19-1225015	shahid-afridi-tests-positive-for-covid-19
1225175	https://www.espncricinfo.com/story/scotland-cancel-australia-t20-fixture-due-to-covid-19-pandemic-1225175	scotland-cancel-australia-t20-fixture-due-to-covid-19-pandemic
1225331	https://www.espncricinfo.com/story/bunbury-festival-cancelled-due-to-impact-of-covid-19-1225331	bunbury-festival-cancelled-due-to-impact-of-covid-19
1225366	https://www.espncricinfo.com/story/mashrafe-mortaza-nazmul-islam-nafees-iqbal-test-positive-for-covid-19-1225366	mashrafe-mortaza-nazmul-islam-nafees-iqbal-test-positive-for-covid-19
1225395	https://www.espncricinfo.com/story/https%3A%2F%2Fwww.espncricinfo.com%2Fstory%2Fdavid-warner-positive-that-we-ll-be-able-to-play-ipl-if-that-replaces-t20-world-cup-1225395	https%3A%2F%2Fwww.espncricinfo.com%2Fstory%2Fdavid-warner-positive-that-we-ll-be-able-to-play-ipl-if-that-replaces-t20-world-cup
1225449	https://www.espncricinfo.com/story/shadab-khan-haris-rauf-haider-ali-test-positive-for-covid-19-1225449	shadab-khan-haris-rauf-haider-ali-test-positive-for-covid-19
1225499	https://www.espncricinfo.com/story/ashley-giles-concerned-by-pakistan-trio-s-positive-covid-19-tests-1225499	ashley-giles-concerned-by-pakistan-trio-s-positive-covid-19-tests
1225513	https://www.espncricinfo.com/story/seven-more-pakistan-players-test-positive-for-covid-19-1225513	seven-more-pakistan-players-test-positive-for-covid-19
1225571	https://www.espncricinfo.com/story/mohammad-hafeez-says-he-s-negative-for-covid-19-day-after-pcb-announces-positive-result-1225571	mohammad-hafeez-says-he-s-negative-for-covid-19-day-after-pcb-announces-positive-result
1225586	https://www.espncricinfo.com/story/bangladesh-postpone-sri-lanka-tour-due-to-covid-19-pandemic-1225586	bangladesh-postpone-sri-lanka-tour-due-to-covid-19-pandemic
1225679	https://www.espncricinfo.com/story/jofra-archer-tests-negative-for-covid-19-1225679	jofra-archer-tests-negative-for-covid-19
1225780	https://www.espncricinfo.com/story/infrastructure-development-takes-a-hit-as-pcb-slash-budget-after-covid-19-1225780	infrastructure-development-takes-a-hit-as-pcb-slash-budget-after-covid-19
1225782	https://www.espncricinfo.com/story/pakistan-prepare-to-fly-to-england-without-10-covid-positive-players-1225782	pakistan-prepare-to-fly-to-england-without-10-covid-positive-players
1225794	https://www.espncricinfo.com/story/mohammad-hafeez-five-others-return-negative-results-in-pcb-covid-19-retests-1225794	mohammad-hafeez-five-others-return-negative-results-in-pcb-covid-19-retests
1225806	https://www.espncricinfo.com/story/phil-simmons-enters-self-isolation-as-alzarri-joseph-downplays-disruption-1225806	phil-simmons-enters-self-isolation-as-alzarri-joseph-downplays-disruption
1225883	https://www.espncricinfo.com/story/ben-stokes-promises-to-take-positive-route-as-england-captaincy-looms-1225883	ben-stokes-promises-to-take-positive-route-as-england-captaincy-looms
1225902	https://www.espncricinfo.com/story/mohammad-hafeez-five-others-to-join-pakistan-squad-in-england-after-second-negative-covid-19-test-1225902	mohammad-hafeez-five-others-to-join-pakistan-squad-in-england-after-second-negative-covid-19-test
1226121	https://www.espncricinfo.com/story/sam-curran-self-isolating-after-sickness-and-diarrhoea-1226121	sam-curran-self-isolating-after-sickness-and-diarrhoea
1226173	https://www.espncricinfo.com/story/sam-curran-tests-negative-for-covid-19-after-sickness-bout-1226173	sam-curran-tests-negative-for-covid-19-after-sickness-bout
1226267	https://www.espncricinfo.com/story/haider-ali-imran-khan-and-kashif-bhatti-return-two-negative-tests-for-covid-19-1226267	haider-ali-imran-khan-and-kashif-bhatti-return-two-negative-tests-for-covid-19
1226346	https://www.espncricinfo.com/story/https%3A%2F%2Fwww.espncricinfo.com%2Fstory%2Fcricket-after-covid-19-what-we-missed-the-most-1226346	https%3A%2F%2Fwww.espncricinfo.com%2Fstory%2Fcricket-after-covid-19-what-we-missed-the-most
1226536	https://www.espncricinfo.com/story/covid-19-lockdown-threatens-to-push-bangladesh-s-fringe-cricketers-out-of-the-game-1226536	covid-19-lockdown-threatens-to-push-bangladesh-s-fringe-cricketers-out-of-the-game
1226733	https://www.espncricinfo.com/story/longest-big-bash-brings-broadcast-cash-and-covid-19-flexibility-1226733	longest-big-bash-brings-broadcast-cash-and-covid-19-flexibility
1226761	https://www.espncricinfo.com/story/mashrafe-mortaza-recovers-from-covid-19-1226761	mashrafe-mortaza-recovers-from-covid-19
1226766	https://www.espncricinfo.com/story/wbbl-to-feature-three-week-sydney-hub-amid-covid-19-contingencies-1226766	wbbl-to-feature-three-week-sydney-hub-amid-covid-19-contingencies
1226990	https://www.espncricinfo.com/story/pakistan-s-kashif-bhatti-to-join-squad-after-covid-19-scare-in-england-1226990	pakistan-s-kashif-bhatti-to-join-squad-after-covid-19-scare-in-england
1227061	https://www.espncricinfo.com/story/no-more-player-tests-csa-certain-of-covid-19-free-3tc-1227061	no-more-player-tests-csa-certain-of-covid-19-free-3tc
1227070	https://www.espncricinfo.com/story/county-friendlies-to-be-pilot-events-for-fans-post-covid-return-1227070	county-friendlies-to-be-pilot-events-for-fans-post-covid-return
1227275	https://www.espncricinfo.com/story/icc-postpones-t20-world-cup-due-to-covid-19-pandemic-1227275	icc-postpones-t20-world-cup-due-to-covid-19-pandemic
1227277	https://www.espncricinfo.com/story/covid-19-india-women-set-to-pull-out-of-england-tour-1227277	covid-19-india-women-set-to-pull-out-of-england-tour
1227314	https://www.espncricinfo.com/story/adelaide-quarantine-camp-firming-ahead-of-india-test-series-1227314	adelaide-quarantine-camp-firming-ahead-of-india-test-series
1227356	https://www.espncricinfo.com/story/jofra-archer-cleared-to-rejoin-england-squad-after-negative-covid-test-1227356	jofra-archer-cleared-to-rejoin-england-squad-after-negative-covid-test
1227415	https://www.espncricinfo.com/story/jofra-archer-reveals-racist-abuse-on-social-media-during-isolation-1227415	jofra-archer-reveals-racist-abuse-on-social-media-during-isolation
1227486	https://www.espncricinfo.com/story/euro-t20-slam-postponed-again-due-to-covid-19-pandemic-1227486	euro-t20-slam-postponed-again-due-to-covid-19-pandemic
1227565	https://www.espncricinfo.com/story/joe-root-backs-jofra-archer-to-put-isolation-troubles-behind-him-for-test-recall-1227565	joe-root-backs-jofra-archer-to-put-isolation-troubles-behind-him-for-test-recall
1227637	https://www.espncricinfo.com/story/mohammad-amir-cleared-to-join-pakistan-squad-in-england-after-two-negative-covid-19-results-1227637	mohammad-amir-cleared-to-join-pakistan-squad-in-england-after-two-negative-covid-19-results
1227714	https://www.espncricinfo.com/story/there-s-positive-conflict-gary-stead-on-relationship-with-kane-williamson-1227714	there-s-positive-conflict-gary-stead-on-relationship-with-kane-williamson
1227771	https://www.espncricinfo.com/story/pcb-came-under-pressure-over-england-tour-after-positive-covid-19-tests-says-ceo-1227771	pcb-came-under-pressure-over-england-tour-after-positive-covid-19-tests-says-ceo
1227901	https://www.espncricinfo.com/story/a-triumphant-post-covid-return-just-don-t-touch-the-ball-1227901	a-triumphant-post-covid-return-just-don-t-touch-the-ball
1227914	https://www.espncricinfo.com/story/covid-19-restrictions-might-make-david-warner-rethink-international-future-1227914	covid-19-restrictions-might-make-david-warner-rethink-international-future
1228065	https://www.espncricinfo.com/story/haris-rauf-finally-tests-negative-for-covid-19-set-to-fly-to-england-1228065	haris-rauf-finally-tests-negative-for-covid-19-set-to-fly-to-england
1228068	https://www.espncricinfo.com/story/ahead-of-ipl-governing-council-meeting-questions-on-covid-19-testing-and-bio-bubbles-1228068	ahead-of-ipl-governing-council-meeting-questions-on-covid-19-testing-and-bio-bubbles
1228102	https://www.espncricinfo.com/story/curtis-campher-a-huge-positive-for-ireland-after-accomplished-debut-1228102	curtis-campher-a-huge-positive-for-ireland-after-accomplished-debut
1228338	https://www.espncricinfo.com/story/can-t-let-our-lives-grind-to-a-halt-arun-lal-on-bcci-s-covid-19-guidelines-to-states-for-senior-1228338	can-t-let-our-lives-grind-to-a-halt-arun-lal-on-bcci-s-covid-19-guidelines-to-states-for-senior
1228530	https://www.espncricinfo.com/story/stirling-and-balbirnie-underline-importance-as-ireland-benefit-from-positive-approach-1228530	stirling-and-balbirnie-underline-importance-as-ireland-benefit-from-positive-approach
1228591	https://www.espncricinfo.com/story/victoria-training-paused-as-covid-19-lockdown-clarity-is-sought-1228591	victoria-training-paused-as-covid-19-lockdown-clarity-is-sought
1228611	https://www.espncricinfo.com/story/covid-19-pcb-offers-financial-support-to-25-unemployed-pakistan-women-cricketers-1228611	covid-19-pcb-offers-financial-support-to-25-unemployed-pakistan-women-cricketers
1228624	https://www.espncricinfo.com/story/ipl-franchises-begin-quarantining-and-testing-for-covid-19-1228624	ipl-franchises-begin-quarantining-and-testing-for-covid-19
1228741	https://www.espncricinfo.com/story/cpl-2020-all-players-test-negative-for-covid-19-on-arrival-1228741	cpl-2020-all-players-test-negative-for-covid-19-on-arrival
1228903	https://www.espncricinfo.com/story/covid-19-impact-zimbabwe-v-afghanistan-t20i-series-called-off-1228903	covid-19-impact-zimbabwe-v-afghanistan-t20i-series-called-off
1229134	https://www.espncricinfo.com/story/slc-hopeful-lpl-can-start-on-august-28-despite-covid-19-hurdles-1229134	slc-hopeful-lpl-can-start-on-august-28-despite-covid-19-hurdles
1229157	https://www.espncricinfo.com/story/csk-eye-short-camp-in-chennai-rcb-players-to-quarantine-before-uae-flight-1229157	csk-eye-short-camp-in-chennai-rcb-players-to-quarantine-before-uae-flight
1229246	https://www.espncricinfo.com/story/jordan-cox-kent-double-centurion-dropped-after-breaching-covid-19-protocols-1229246	jordan-cox-kent-double-centurion-dropped-after-breaching-covid-19-protocols
1229285	https://www.espncricinfo.com/story/rajasthan-royals-fielding-coach-dishant-yagnik-tests-positive-for-covid-19-1229285	rajasthan-royals-fielding-coach-dishant-yagnik-tests-positive-for-covid-19
1229352	https://www.espncricinfo.com/story/mohammad-hafeez-self-isolating-after-biosecurity-protocol-breach-1229352	mohammad-hafeez-self-isolating-after-biosecurity-protocol-breach
1229374	https://www.espncricinfo.com/story/karun-nair-recovers-from-covid-19-1229374	karun-nair-recovers-from-covid-19
1229436	https://www.espncricinfo.com/story/ipl-2020-no-relaxation-likely-in-quarantine-rules-for-english-and-australian-players-1229436	ipl-2020-no-relaxation-likely-in-quarantine-rules-for-english-and-australian-players
1229449	https://www.espncricinfo.com/story/mohammad-hafeez-back-with-pakistan-squad-after-negative-covid-19-test-1229449	mohammad-hafeez-back-with-pakistan-squad-after-negative-covid-19-test
1229574	https://www.espncricinfo.com/story/chetan-chauhan-the-former-india-opener-critical-after-testing-positive-for-covid-19-1229574	chetan-chauhan-the-former-india-opener-critical-after-testing-positive-for-covid-19
1229575	https://www.espncricinfo.com/story/nick-gubbins-withdrawn-from-middlesex-game-in-order-to-self-isolate-1229575	nick-gubbins-withdrawn-from-middlesex-game-in-order-to-self-isolate
1229957	https://www.espncricinfo.com/story/two-south-africa-men-s-players-test-positive-for-covid-19-1229957	two-south-africa-men-s-players-test-positive-for-covid-19
1230074	https://www.espncricinfo.com/story/ipl-franchises-wrestle-with-sponsorship-challenges-in-covid-hit-economy-1230074	ipl-franchises-wrestle-with-sponsorship-challenges-in-covid-hit-economy
1230404	https://www.espncricinfo.com/story/ipl-2020-chris-gayle-set-to-link-up-with-kings-xi-punjab-on-time-after-negative-covid-19-tests-1230404	ipl-2020-chris-gayle-set-to-link-up-with-kings-xi-punjab-on-time-after-negative-covid-19-tests
1230543	https://www.espncricinfo.com/story/ipl-2020-still-no-schedule-as-covid-19-protocols-in-abu-dhabi-raise-concerns-1230543	ipl-2020-still-no-schedule-as-covid-19-protocols-in-abu-dhabi-raise-concerns
1230696	https://www.espncricinfo.com/story/ipl-2020-csk-extend-quarantine-to-train-from-september-1-1230696	ipl-2020-csk-extend-quarantine-to-train-from-september-1
1230715	https://www.espncricinfo.com/story/ipl-2020-india-player-among-at-least-ten-csk-squad-members-to-test-positive-for-covid-19-1230715	ipl-2020-india-player-among-at-least-ten-csk-squad-members-to-test-positive-for-covid-19
1230730	https://www.espncricinfo.com/story/ipl-2020-covid-19-in-csk-ranks-five-day-chepauk-camp-in-sharp-focus-1230730	ipl-2020-covid-19-in-csk-ranks-five-day-chepauk-camp-in-sharp-focus
1230744	https://www.espncricinfo.com/story/ipl-2020-dishant-yagnik-to-rejoin-rajasthan-royals-after-testing-negative-for-covid-19-1230744	ipl-2020-dishant-yagnik-to-rejoin-rajasthan-royals-after-testing-negative-for-covid-19
1230751	https://www.espncricinfo.com/story/two-week-quarantine-for-australia-s-victoria-and-new-south-wales-players-before-new-zealand-series-1230751	two-week-quarantine-for-australia-s-victoria-and-new-south-wales-players-before-new-zealand-series
1230761	https://www.espncricinfo.com/story/ipl-2020-one-more-csk-player-tests-positive-for-covid-19-1230761	ipl-2020-one-more-csk-player-tests-positive-for-covid-19
1230789	https://www.espncricinfo.com/story/how-other-sports-are-tackling-cases-of-athletes-testing-positive-for-covid-19-1230789	how-other-sports-are-tackling-cases-of-athletes-testing-positive-for-covid-19
1230815	https://www.espncricinfo.com/story/ipl-2020-suresh-raina-s-exit-from-csk-camp-due-to-concerns-over-bubble-isolation-1230815	ipl-2020-suresh-raina-s-exit-from-csk-camp-due-to-concerns-over-bubble-isolation
1230933	https://www.espncricinfo.com/story/ipl-2020-josh-hazlewood-says-csk-s-covid-19-outbreak-obviously-a-little-bit-of-concern-1230933	ipl-2020-josh-hazlewood-says-csk-s-covid-19-outbreak-obviously-a-little-bit-of-concern
1230999	https://www.espncricinfo.com/story/ipl-2020-franchises-look-at-glass-half-full-despite-covid-19-hit-on-finances-1230999	ipl-2020-franchises-look-at-glass-half-full-despite-covid-19-hit-on-finances
1231016	https://www.espncricinfo.com/story/ipl-2020-csk-camp-negative-in-fresh-covid-19-test-will-train-from-september-4-after-another-test-1231016	ipl-2020-csk-camp-negative-in-fresh-covid-19-test-will-train-from-september-4-after-another-test
1231045	https://www.espncricinfo.com/story/new-ecb-chairman-ian-watmore-backs-hundred-but-warns-job-cuts-are-inevitable-after-covid-19-outbre-1231045	new-ecb-chairman-ian-watmore-backs-hundred-but-warns-job-cuts-are-inevitable-after-covid-19-outbre
1231052	https://www.espncricinfo.com/story/ipl-2020-mumbai-indians-hardik-pandya-focusing-only-on-cricket-despite-covid-19-entering-ipl-bu-1231052	ipl-2020-mumbai-indians-hardik-pandya-focusing-only-on-cricket-despite-covid-19-entering-ipl-bu
1231085	https://www.espncricinfo.com/story/ipl-2020-sunrisers-kane-williamson-shows-little-bit-of-apprehension-after-csk-s-covid-19-outbre-1231085	ipl-2020-sunrisers-kane-williamson-shows-little-bit-of-apprehension-after-csk-s-covid-19-outbre
1231138	https://www.espncricinfo.com/story/https%3A%2F%2Fwww.espncricinfo.com%2Fstory%2Flpl-2020-lanka-premier-league-rescheduled-with-expectations-of-reduced-quarantine-period-1231138	https%3A%2F%2Fwww.espncricinfo.com%2Fstory%2Flpl-2020-lanka-premier-league-rescheduled-with-expectations-of-reduced-quarantine-period
1231241	https://www.espncricinfo.com/story/wbbl-season-to-be-held-entirely-in-sydney-hub-amid-covid-19-challenges-1231241	wbbl-season-to-be-held-entirely-in-sydney-hub-amid-covid-19-challenges
1231264	https://www.espncricinfo.com/story/ipl-2020-chennai-super-kings-set-for-training-after-extended-quarantine-1231264	ipl-2020-chennai-super-kings-set-for-training-after-extended-quarantine
1231268	https://www.espncricinfo.com/story/australia-women-in-quarantine-coffee-machines-xbox-and-three-hours-of-training-1231268	australia-women-in-quarantine-coffee-machines-xbox-and-three-hours-of-training
1231286	https://www.espncricinfo.com/story/the-week-in-cricket-the-ipl-s-first-covid-casualties-1231286	the-week-in-cricket-the-ipl-s-first-covid-casualties
1231587	https://www.espncricinfo.com/story/ipl-2020-virat-kohli-in-much-better-shape-rcb-s-fitness-coach-on-effects-of-covid-19-lockdown-1231587	ipl-2020-virat-kohli-in-much-better-shape-rcb-s-fitness-coach-on-effects-of-covid-19-lockdown
1231614	https://www.espncricinfo.com/story/bob-willis-trophy-match-abandoned-after-northamptonshire-player-tests-positive-for-covid-19-1231614	bob-willis-trophy-match-abandoned-after-northamptonshire-player-tests-positive-for-covid-19
1231632	https://www.espncricinfo.com/story/ipl-2020-delhi-capitals-assistant-physio-tests-positive-for-covid-19-1231632	ipl-2020-delhi-capitals-assistant-physio-tests-positive-for-covid-19
1231648	https://www.espncricinfo.com/story/western-australia-quarantine-snub-forces-india-tour-to-the-east-1231648	western-australia-quarantine-snub-forces-india-tour-to-the-east
1231711	https://www.espncricinfo.com/story/rachael-heyhoe-flint-trophy-two-lightning-players-self-isolating-after-breaching-covid-19-guidelin-1231711	rachael-heyhoe-flint-trophy-two-lightning-players-self-isolating-after-breaching-covid-19-guidelin
1231738	https://www.espncricinfo.com/story/cricket-ireland-cancels-interprovincial-t20-over-links-to-northamptonshire-covid-case-1231738	cricket-ireland-cancels-interprovincial-t20-over-links-to-northamptonshire-covid-case
1231764	https://www.espncricinfo.com/story/bangladesh-batsman-saif-hassan-tests-positive-for-covid-19-1231764	bangladesh-batsman-saif-hassan-tests-positive-for-covid-19
1231785	https://www.espncricinfo.com/story/covid-resurgence-would-leave-global-game-in-crisis-warns-ian-watmore-new-ecb-chairman-1231785	covid-resurgence-would-leave-global-game-in-crisis-warns-ian-watmore-new-ecb-chairman
1231835	https://www.espncricinfo.com/story/covid-19-crisis-indian-domestic-cricketers-brace-for-massive-financial-loss-1231835	covid-19-crisis-indian-domestic-cricketers-brace-for-massive-financial-loss
1231890	https://www.espncricinfo.com/story/ipl-2020-deepak-chahar-rejoins-chennai-super-kings-squad-after-recovering-from-covid-19-1231890	ipl-2020-deepak-chahar-rejoins-chennai-super-kings-squad-after-recovering-from-covid-19
1231926	https://www.espncricinfo.com/story/ten-nights-only-bbl-roadshow-on-drawing-board-to-navigate-covid-19-1231926	ten-nights-only-bbl-roadshow-on-drawing-board-to-navigate-covid-19
1232125	https://www.espncricinfo.com/story/australia-men-s-squad-to-quarantine-and-train-at-adelaide-oval-on-return-from-england-1232125	australia-men-s-squad-to-quarantine-and-train-at-adelaide-oval-on-return-from-england
1232143	https://www.espncricinfo.com/story/sl-v-bangladesh-2020-slc-says-bangladesh-need-one-week-quarantine-according-to-bcb-ceo-1232143	sl-v-bangladesh-2020-slc-says-bangladesh-need-one-week-quarantine-according-to-bcb-ceo
1232292	https://www.espncricinfo.com/story/bcb-president-nazmul-hassan-says-no-to-slc-s-14-day-quarantine-requirement-1232292	bcb-president-nazmul-hassan-says-no-to-slc-s-14-day-quarantine-requirement
1232349	https://www.espncricinfo.com/story/england-news-ecb-announce-62-job-cuts-as-covid-realities-hit-home-1232349	england-news-ecb-announce-62-job-cuts-as-covid-realities-hit-home
1232385	https://www.espncricinfo.com/story/cricket-and-covid-19-england-players-cannot-be-exempt-from-ecb-cuts-says-chris-woakes-1232385	cricket-and-covid-19-england-players-cannot-be-exempt-from-ecb-cuts-says-chris-woakes
1232402	https://www.espncricinfo.com/story/covid-19-bangladesh-batsman-saif-hassan-returns-positive-again-in-second-test-1232402	covid-19-bangladesh-batsman-saif-hassan-returns-positive-again-in-second-test
1232453	https://www.espncricinfo.com/story/sri-lanka-cricket-proposes-split-quarantine-to-bangladesh-cricket-board-1232453	sri-lanka-cricket-proposes-split-quarantine-to-bangladesh-cricket-board
1232460	https://www.espncricinfo.com/story/david-willey-tests-positive-for-covid-19-ruling-three-yorkshire-team-mates-out-of-blast-group-games-1232460	david-willey-tests-positive-for-covid-19-ruling-three-yorkshire-team-mates-out-of-blast-group-games
1232539	https://www.espncricinfo.com/story/ipl-2020-varying-quarantine-period-for-ipl-bound-players-from-england-bubble-1232539	ipl-2020-varying-quarantine-period-for-ipl-bound-players-from-england-bubble
1232660	https://www.espncricinfo.com/story/heather-knight-making-cricket-more-inclusive-would-be-a-small-positive-from-the-pandemic-1232660	heather-knight-making-cricket-more-inclusive-would-be-a-small-positive-from-the-pandemic
1232805	https://www.espncricinfo.com/story/https%3A%2F%2Fwww.espncricinfo.com%2Fstory%2Fbangladesh-player-shows-classical-covid-like-symptoms-isolated-from-training-camp-1232805	https%3A%2F%2Fwww.espncricinfo.com%2Fstory%2Fbangladesh-player-shows-classical-covid-like-symptoms-isolated-from-training-camp
1232852	https://www.espncricinfo.com/story/women-s-cricket-during-covid-19-return-to-action-for-some-teams-but-not-all-1232852	women-s-cricket-during-covid-19-return-to-action-for-some-teams-but-not-all
1232859	https://www.espncricinfo.com/story/ipl-2020-csk-s-ruturaj-gaikwad-resumes-training-after-negative-covid-19-tests-1232859	ipl-2020-csk-s-ruturaj-gaikwad-resumes-training-after-negative-covid-19-tests
1232871	https://www.espncricinfo.com/story/justin-langer-s-plans-to-handle-the-era-of-covid-cricket-hubs-boxing-family-keeping-perspective-1232871	justin-langer-s-plans-to-handle-the-era-of-covid-cricket-hubs-boxing-family-keeping-perspective
1233106	https://www.espncricinfo.com/story/ipl-2020-rr-vs-csk-sanju-samson-i-worked-on-my-range-hitting-skills-during-covid-19-break-1233106	ipl-2020-rr-vs-csk-sanju-samson-i-worked-on-my-range-hitting-skills-during-covid-19-break
1233136	https://www.espncricinfo.com/story/bangladesh-bowler-abu-jayed-tests-positive-for-covid-19-1233136	bangladesh-bowler-abu-jayed-tests-positive-for-covid-19
1233153	https://www.espncricinfo.com/story/covid-19-policy-changes-leave-women-cricketers-in-a-flap-in-pakistan-1233153	covid-19-policy-changes-leave-women-cricketers-in-a-flap-in-pakistan
1233214	https://www.espncricinfo.com/story/ipl-2020-cricket-australia-juggles-flight-and-quarantine-challenges-to-get-mitchell-marsh-home-1233214	ipl-2020-cricket-australia-juggles-flight-and-quarantine-challenges-to-get-mitchell-marsh-home
1233359	https://www.espncricinfo.com/story/australia-afghanistan-test-postponed-due-to-covid-19-scheduling-difficulties-1233359	australia-afghanistan-test-postponed-due-to-covid-19-scheduling-difficulties
1233550	https://www.espncricinfo.com/story/women-s-cricket-fundamental-to-ecb-s-future-despite-covid-financial-crunch-insists-tom-harrison-1233550	women-s-cricket-fundamental-to-ecb-s-future-despite-covid-financial-crunch-insists-tom-harrison
1233567	https://www.espncricinfo.com/story/neetu-david-covid-19-has-made-picking-women-s-t20-challenge-squads-a-challenging-first-assignment-1233567	neetu-david-covid-19-has-made-picking-women-s-t20-challenge-squads-a-challenging-first-assignment
1233636	https://www.espncricinfo.com/story/england-cricket-and-covid-19-county-staff-face-return-to-furlough-from-october-1233636	england-cricket-and-covid-19-county-staff-face-return-to-furlough-from-october
1233708	https://www.espncricinfo.com/story/bangladesh-tour-of-sri-lanka-postponed-again-as-bcb-slc-stalemate-over-covid-19-quarantine-continues-1233708	bangladesh-tour-of-sri-lanka-postponed-again-as-bcb-slc-stalemate-over-covid-19-quarantine-continues
1233725	https://www.espncricinfo.com/story/sourav-ganguly-priority-is-to-host-england-series-in-india-despite-covid-19-threat-1233725	sourav-ganguly-priority-is-to-host-england-series-in-india-despite-covid-19-threat
1233728	https://www.espncricinfo.com/story/msl-2020-no-mzansi-super-league-this-year-because-of-covid-19-pandemic-1233728	msl-2020-no-mzansi-super-league-this-year-because-of-covid-19-pandemic
1233810	https://www.espncricinfo.com/story/covid-19-and-cricket-lingering-snapshots-of-summer-will-carry-cricket-s-family-through-an-uncertain-winter-1233810	covid-19-and-cricket-lingering-snapshots-of-summer-will-carry-cricket-s-family-through-an-uncertain-winter
1234065	https://www.espncricinfo.com/story/bengal-cricketers-mukesh-kumar-and-shreyan-chakraborty-test-positive-for-covid-19-1234065	bengal-cricketers-mukesh-kumar-and-shreyan-chakraborty-test-positive-for-covid-19
1234598	https://www.espncricinfo.com/story/india-women-to-tour-sri-lanka-for-five-odis-and-three-t20is-pending-sri-lanka-s-quarantine-regulations-1234598	india-women-to-tour-sri-lanka-for-five-odis-and-three-t20is-pending-sri-lanka-s-quarantine-regulations
1234635	https://www.espncricinfo.com/story/england-cricket-and-covid-19-player-welfare-a-priority-for-2021-as-wtc-final-at-lord-s-remains-on-ecb-agenda-1234635	england-cricket-and-covid-19-player-welfare-a-priority-for-2021-as-wtc-final-at-lord-s-remains-on-ecb-agenda
1234857	https://www.espncricinfo.com/story/new-south-wales-depart-early-for-sheffield-shield-after-sydney-covid-19-cases-1234857	new-south-wales-depart-early-for-sheffield-shield-after-sydney-covid-19-cases
1234892	https://www.espncricinfo.com/story/sheffield-shield-edges-back-from-covid-19-precipice-but-uncertainty-will-remain-1234892	sheffield-shield-edges-back-from-covid-19-precipice-but-uncertainty-will-remain
1235733	https://www.espncricinfo.com/story/england-tour-to-sri-lanka-mickey-arthur-really-positive-fixtures-will-go-ahead-1235733	england-tour-to-sri-lanka-mickey-arthur-really-positive-fixtures-will-go-ahead
1235823	https://www.espncricinfo.com/story/covid-19-impact-bangladesh-to-hold-preliminary-age-group-trials-over-whatsapp-1235823	covid-19-impact-bangladesh-to-hold-preliminary-age-group-trials-over-whatsapp
1236030	https://www.espncricinfo.com/story/cricket-australia-confident-wbbl-plans-can-adapt-to-changing-covid-19-situation-1236030	cricket-australia-confident-wbbl-plans-can-adapt-to-changing-covid-19-situation
1236049	https://www.espncricinfo.com/story/wbbl-2020-sarah-glenn-reveals-she-battled-covid-19-in-april-ahead-of-wbbl-debut-1236049	wbbl-2020-sarah-glenn-reveals-she-battled-covid-19-in-april-ahead-of-wbbl-debut
1236181	https://www.espncricinfo.com/story/mansi-joshi-tests-positive-for-covid-19-to-miss-women-s-t20-challenge-1236181	mansi-joshi-tests-positive-for-covid-19-to-miss-women-s-t20-challenge
1236242	https://www.espncricinfo.com/story/national-t20-cup-pcb-disturbed-as-nine-pakistan-players-breach-covid-19-protocols-1236242	national-t20-cup-pcb-disturbed-as-nine-pakistan-players-breach-covid-19-protocols
1236500	https://www.espncricinfo.com/story/australia-vs-india-2020-21-india-could-quarantine-in-sydney-1236500	australia-vs-india-2020-21-india-could-quarantine-in-sydney
1236554	https://www.espncricinfo.com/story/england-in-south-africa-2020-21-england-expect-south-africa-tour-go-ahead-after-quarantine-agreement-is-reached-1236554	england-in-south-africa-2020-21-england-expect-south-africa-tour-go-ahead-after-quarantine-agreement-is-reached
1236575	https://www.espncricinfo.com/story/plunket-shield-auckland-seamer-ben-lister-becomes-first-covid-19-replacement-1236575	plunket-shield-auckland-seamer-ben-lister-becomes-first-covid-19-replacement
1236660	https://www.espncricinfo.com/story/three-bangladesh-under-19-players-test-positive-for-covid-19-1236660	three-bangladesh-under-19-players-test-positive-for-covid-19
1236722	https://www.espncricinfo.com/story/world-test-championship-icc-plans-to-split-points-for-covid-19-affected-games-to-complete-cycle-1236722	world-test-championship-icc-plans-to-split-points-for-covid-19-affected-games-to-complete-cycle
1236843	https://www.espncricinfo.com/story/zimbabwe-players-support-staff-test-positive-for-covid-19-1236843	zimbabwe-players-support-staff-test-positive-for-covid-19
1237261	https://www.espncricinfo.com/story/australia-vs-india-2020-21-sourav-ganguly-says-australia-tour-on-positive-about-players-families-allowed-on-tour-1237261	australia-vs-india-2020-21-sourav-ganguly-says-australia-tour-on-positive-about-players-families-allowed-on-tour
1237539	https://www.espncricinfo.com/story/indian-summer-to-give-true-insight-into-covid-s-new-normal-for-cricket-australia-funding-1237539	indian-summer-to-give-true-insight-into-covid-s-new-normal-for-cricket-australia-funding
1237613	https://www.espncricinfo.com/story/csk-vs-kkr-ipl-2020-ruturaj-gaikwad-covid-has-made-me-tough-1237613	csk-vs-kkr-ipl-2020-ruturaj-gaikwad-covid-has-made-me-tough
1237669	https://www.espncricinfo.com/story/covid-19-effect-he-was-a-bit-confused-at-the-start-of-ipl-2020-admits-mumbai-indians-quinton-de-kock-1237669	covid-19-effect-he-was-a-bit-confused-at-the-start-of-ipl-2020-admits-mumbai-indians-quinton-de-kock
1237697	https://www.espncricinfo.com/story/https%3A%2F%2Fwww.espncricinfo.com%2Fstory%2Fwest-indies-begin-quarantine-period-in-new-zealand-after-54-hour-journey-1237697	https%3A%2F%2Fwww.espncricinfo.com%2Fstory%2Fwest-indies-begin-quarantine-period-in-new-zealand-after-54-hour-journey
1237883	https://www.espncricinfo.com/story/phil-simmons-confident-prolonged-isolation-wont-affect-sharp-west-indies-for-new-zealand-t20is-1237883	phil-simmons-confident-prolonged-isolation-wont-affect-sharp-west-indies-for-new-zealand-t20is
1238021	https://www.espncricinfo.com/story/covid-19-4-day-franchise-series-six-warriors-players-withdrawn-from-opening-round-1238021	covid-19-4-day-franchise-series-six-warriors-players-withdrawn-from-opening-round
1238095	https://www.espncricinfo.com/story/west-indies-contingent-clears-first-covid-19-test-in-new-zealand-1238095	west-indies-contingent-clears-first-covid-19-test-in-new-zealand
1238225	https://www.espncricinfo.com/story/balochistan-bismillah-khan-tests-positive-for-covid-19-1238225	balochistan-bismillah-khan-tests-positive-for-covid-19
1238263	https://www.espncricinfo.com/story/cricket-ireland-awarded-1-5-million-from-government-s-covid-19-sports-rescue-package-1238263	cricket-ireland-awarded-1-5-million-from-government-s-covid-19-sports-rescue-package
1238330	https://www.espncricinfo.com/story/bbl-clubs-face-juggling-act-around-quarantined-england-players-1238330	bbl-clubs-face-juggling-act-around-quarantined-england-players
1238449	https://www.espncricinfo.com/story/west-indies-contingent-in-new-zealand-clear-second-covid-19-test-1238449	west-indies-contingent-in-new-zealand-clear-second-covid-19-test
1238669	https://www.espncricinfo.com/story/mahmudullah-to-miss-psl-playoffs-after-testing-positive-for-covid-19-1238669	mahmudullah-to-miss-psl-playoffs-after-testing-positive-for-covid-19
1238799	https://www.espncricinfo.com/story/james-vince-set-to-miss-psl-playoffs-after-positive-covid-19-test-1238799	james-vince-set-to-miss-psl-playoffs-after-positive-covid-19-test
1238918	https://www.espncricinfo.com/story/mominul-haque-bangladesh-s-test-captain-positive-for-covid-19-with-mild-symptoms-1238918	mominul-haque-bangladesh-s-test-captain-positive-for-covid-19-with-mild-symptoms
1239001	https://www.espncricinfo.com/story/new-zeland-vs-west-indies-2020-21-west-indies-barred-from-training-after-isolation-protocol-breaches-in-christchurch-1239001	new-zeland-vs-west-indies-2020-21-west-indies-barred-from-training-after-isolation-protocol-breaches-in-christchurch
1239084	https://www.espncricinfo.com/story/new-zealand-vs-west-indies-2020-21-west-indies-coach-phil-simmons-apologises-for-embarrassing-covid-19-breaches-1239084	new-zealand-vs-west-indies-2020-21-west-indies-coach-phil-simmons-apologises-for-embarrassing-covid-19-breaches
1239102	https://www.espncricinfo.com/story/bangladesh-selector-habibul-bashar-tests-positive-for-covid-19-1239102	bangladesh-selector-habibul-bashar-tests-positive-for-covid-19
1239119	https://www.espncricinfo.com/story/australia-vs-india-2020-21-indians-land-in-sydney-and-go-into-quarantine-1239119	australia-vs-india-2020-21-indians-land-in-sydney-and-go-into-quarantine
1239222	https://www.espncricinfo.com/story/india-tour-of-australia-india-begin-training-after-clearing-covid-19-test-1239222	india-tour-of-australia-india-begin-training-after-clearing-covid-19-test
1239279	https://www.espncricinfo.com/story/australia-vs-india-2020-21-quality-training-during-quarantine-key-to-sean-abbott-s-success-1239279	australia-vs-india-2020-21-quality-training-during-quarantine-key-to-sean-abbott-s-success
1239325	https://www.espncricinfo.com/story/australia-vs-india-state-cricketers-forced-to-self-isolate-cricket-australia-assesses-adelaide-covid-19-outbreak-1239325	australia-vs-india-state-cricketers-forced-to-self-isolate-cricket-australia-assesses-adelaide-covid-19-outbreak
1239341	https://www.espncricinfo.com/story/the-buzz-virat-kohli-is-netflix-and-chillin-in-quarantine-1239341	the-buzz-virat-kohli-is-netflix-and-chillin-in-quarantine
1239441	https://www.espncricinfo.com/story/scotland-pull-out-of-women-s-series-against-ireland-in-spain-over-covid-concerns-1239441	scotland-pull-out-of-women-s-series-against-ireland-in-spain-over-covid-concerns
1239469	https://www.espncricinfo.com/story/aus-vs-ind-2020-21-cricket-australia-optimistic-about-adelaide-test-despite-covid-19-outbreak-1239469	aus-vs-ind-2020-21-cricket-australia-optimistic-about-adelaide-test-despite-covid-19-outbreak
1239553	https://www.espncricinfo.com/story/south-africa-vs-england-three-south-africa-players-isolated-after-one-tests-positive-for-covid-19-1239553	south-africa-vs-england-three-south-africa-players-isolated-after-one-tests-positive-for-covid-19
1239556	https://www.espncricinfo.com/story/nz-vs-wi-2020-21-new-zealand-and-west-indies-ipl-contingent-clear-covid-19-tests-ahead-of-t20is-1239556	nz-vs-wi-2020-21-new-zealand-and-west-indies-ipl-contingent-clear-covid-19-tests-ahead-of-t20is
1239601	https://www.espncricinfo.com/story/south-africa-vs-england-2020-21-mark-boucher-focused-on-care-factor-after-three-sa-players-forced-to-self-isolate-1239601	south-africa-vs-england-2020-21-mark-boucher-focused-on-care-factor-after-three-sa-players-forced-to-self-isolate
1239635	https://www.espncricinfo.com/story/lpl-2020-sohail-tanvir-and-canada-batsman-ravinderpal-singh-test-positive-for-covid-19-1239635	lpl-2020-sohail-tanvir-and-canada-batsman-ravinderpal-singh-test-positive-for-covid-19
1239650	https://www.espncricinfo.com/story/south-africa-vs-england-2020-21-sa-hit-by-second-positive-covid-19-test-ahead-of-england-series-1239650	south-africa-vs-england-2020-21-sa-hit-by-second-positive-covid-19-test-ahead-of-england-series
1239739	https://www.espncricinfo.com/story/new-zealand-vs-pakistan-fakhar-zaman-ruled-out-of-nz-tour-after-developing-covid-symptoms-1239739	new-zealand-vs-pakistan-fakhar-zaman-ruled-out-of-nz-tour-after-developing-covid-symptoms
1239810	https://www.espncricinfo.com/story/pca-response-to-covid-19-vindicated-by-limited-county-job-losses-1239810	pca-response-to-covid-19-vindicated-by-limited-county-job-losses
1239884	https://www.espncricinfo.com/story/west-indies-in-bangladesh-2020-21-cwi-send-inspection-team-to-assess-covid-19-plans-and-protocols-1239884	west-indies-in-bangladesh-2020-21-cwi-send-inspection-team-to-assess-covid-19-plans-and-protocols
1239976	https://www.espncricinfo.com/story/nepal-captain-gyanendra-malla-two-others-covid-19-positive-1239976	nepal-captain-gyanendra-malla-two-others-covid-19-positive
1239990	https://www.espncricinfo.com/story/new-zealand-vs-pakistan-six-members-of-pakistan-contingent-test-positive-for-covid-19-1239990	new-zealand-vs-pakistan-six-members-of-pakistan-contingent-test-positive-for-covid-19
1240035	https://www.espncricinfo.com/story/south-africa-vs-england-2020-risk-of-matches-being-cancelled-if-covid-19-cases-rise-remains-real-csa-doctor-1240035	south-africa-vs-england-2020-risk-of-matches-being-cancelled-if-covid-19-cases-rise-remains-real-csa-doctor
1240058	https://www.espncricinfo.com/story/pakistan-in-new-zealand-2020-21-new-zealand-director-of-public-health-takes-dim-view-of-pakistan-covid-breaches-1240058	pakistan-in-new-zealand-2020-21-new-zealand-director-of-public-health-takes-dim-view-of-pakistan-covid-breaches
1240153	https://www.espncricinfo.com/story/lpl-2020-shahid-afridi-to-end-his-quarantine-early-cleared-to-play-galle-gladiators-opening-game-1240153	lpl-2020-shahid-afridi-to-end-his-quarantine-early-cleared-to-play-galle-gladiators-opening-game
1240241	https://www.espncricinfo.com/story/sandeep-lamichhane-tests-positive-for-covid-19-1240241	sandeep-lamichhane-tests-positive-for-covid-19
1240242	https://www.espncricinfo.com/story/bangabandhu-t20-cup-reserve-umpire-ali-arman-tests-positive-for-covid-19-1240242	bangabandhu-t20-cup-reserve-umpire-ali-arman-tests-positive-for-covid-19
1240248	https://www.espncricinfo.com/story/new-zealand-vs-pakistan-one-more-member-of-pakistan-camp-tests-positive-for-covid-19-1240248	new-zealand-vs-pakistan-one-more-member-of-pakistan-camp-tests-positive-for-covid-19
1240504	https://www.espncricinfo.com/story/raza-hasan-expelled-from-quaid-e-azam-trophy-after-covid-19-protocol-breach-1240504	raza-hasan-expelled-from-quaid-e-azam-trophy-after-covid-19-protocol-breach
1240632	https://www.espncricinfo.com/story/new-zealand-vs-pakistan-2020-21-one-further-covid-19-positive-in-pakistan-touring-squad-1240632	new-zealand-vs-pakistan-2020-21-one-further-covid-19-positive-in-pakistan-touring-squad
1240742	https://www.espncricinfo.com/story/cricket-west-indies-officials-happy-with-concise-and-tight-covid-19-protocols-in-bangladesh-1240742	cricket-west-indies-officials-happy-with-concise-and-tight-covid-19-protocols-in-bangladesh
1240759	https://www.espncricinfo.com/story/pakistan-tour-of-new-zealand-how-did-so-many-pakistan-players-test-covid-positive-1240759	pakistan-tour-of-new-zealand-how-did-so-many-pakistan-players-test-covid-positive
1240952	https://www.espncricinfo.com/story/south-africa-vs-england-1st-odi-cape-town-match-called-off-amid-covid-scare-1240952	south-africa-vs-england-1st-odi-cape-town-match-called-off-amid-covid-scare
1240988	https://www.espncricinfo.com/story/bbl-2020-21-brisbane-heat-s-afghanistan-spinner-mujeeb-ur-rahman-tests-positive-for-covid-19-1240988	bbl-2020-21-brisbane-heat-s-afghanistan-spinner-mujeeb-ur-rahman-tests-positive-for-covid-19
1241021	https://www.espncricinfo.com/story/in-case-you-missed-it-cricket-aplenty-but-the-shadow-of-covid-looms-large-1241021	in-case-you-missed-it-cricket-aplenty-but-the-shadow-of-covid-looms-large
1241083	https://www.espncricinfo.com/story/south-africa-squad-clears-covid-19-tests-england-odi-series-to-take-place-1241083	south-africa-squad-clears-covid-19-tests-england-odi-series-to-take-place
1241188	https://www.espncricinfo.com/story/south-africa-vs-england-2020-1st-odi-monday-s-rescheduled-odi-postponed-after-positive-covid-tests-leave-tour-on-a-kn-1241188	south-africa-vs-england-2020-1st-odi-monday-s-rescheduled-odi-postponed-after-positive-covid-tests-leave-tour-on-a-kn
1241328	https://www.espncricinfo.com/story/south-africa-vs-england-2020-21-will-odi-series-still-go-ahead-after-covid-19-outbreak-1241328	south-africa-vs-england-2020-21-will-odi-series-still-go-ahead-after-covid-19-outbreak
1241351	https://www.espncricinfo.com/story/nz-vs-pak-2020-21-pakistan-set-to-train-after-entire-squad-found-covid-negative-in-final-round-of-testing-1241351	nz-vs-pak-2020-21-pakistan-set-to-train-after-entire-squad-found-covid-negative-in-final-round-of-testing
1241391	https://www.espncricinfo.com/story/england-in-south-africa-2020-21-england-blame-unacceptable-newlands-facilities-after-claims-of-covid-19-protocols-br-1241391	england-in-south-africa-2020-21-england-blame-unacceptable-newlands-facilities-after-claims-of-covid-19-protocols-br
1241397	https://www.espncricinfo.com/story/south-africa-vs-england-2020-tour-called-off-after-covid-19-outbreak-1241397	south-africa-vs-england-2020-tour-called-off-after-covid-19-outbreak
1241531	https://www.espncricinfo.com/story/south-africa-vs-england-squad-cleared-to-fly-home-after-confirmation-of-false-positives-1241531	south-africa-vs-england-squad-cleared-to-fly-home-after-confirmation-of-false-positives
1242086	https://www.espncricinfo.com/story/australia-s-tour-of-south-africa-may-move-to-perth-amid-covid-19-fallout-1242086	australia-s-tour-of-south-africa-may-move-to-perth-amid-covid-19-fallout
1242089	https://www.espncricinfo.com/story/covid-19-outbreak-sri-lanka-consider-cancelling-tour-of-south-africa-1242089	covid-19-outbreak-sri-lanka-consider-cancelling-tour-of-south-africa
1243375	https://www.espncricinfo.com/story/pakistan-tour-of-new-zealand-we-collectively-accepted-this-challenge-shan-masood-on-isolation-in-new-zealand-1243375	pakistan-tour-of-new-zealand-we-collectively-accepted-this-challenge-shan-masood-on-isolation-in-new-zealand
1243544	https://www.espncricinfo.com/story/nepal-s-paras-khadka-tests-positive-for-covid-19-1243544	nepal-s-paras-khadka-tests-positive-for-covid-19
1243597	https://www.espncricinfo.com/story/bbl-2020-21-mujeeb-ur-rahman-links-up-with-brisbane-heat-after-covid-recovery-1243597	bbl-2020-21-mujeeb-ur-rahman-links-up-with-brisbane-heat-after-covid-recovery
1243626	https://www.espncricinfo.com/story/aus-vs-ind-bcci-rohit-sharma-clinically-fit-but-must-work-on-his-endurance-while-in-quarantine-1243626	aus-vs-ind-bcci-rohit-sharma-clinically-fit-but-must-work-on-his-endurance-while-in-quarantine
1243802	https://www.espncricinfo.com/story/nz-vs-wi-2nd-test-if-players-can-travel-and-quarantine-why-can-t-umpires-jason-holder-1243802	nz-vs-wi-2nd-test-if-players-can-travel-and-quarantine-why-can-t-umpires-jason-holder
1243804	https://www.espncricinfo.com/story/brisbane-heat-vs-sydney-thunder-bbl-2020-chris-lynn-dan-lawrence-investigated-for-covid-19-protocol-breach-1243804	brisbane-heat-vs-sydney-thunder-bbl-2020-chris-lynn-dan-lawrence-investigated-for-covid-19-protocol-breach
1243816	https://www.espncricinfo.com/story/south-africa-domestic-match-called-off-after-dolphins-player-tests-covid-19-positive-as-sri-lanka-series-looms-1243816	south-africa-domestic-match-called-off-after-dolphins-player-tests-covid-19-positive-as-sri-lanka-series-looms
1243951	https://www.espncricinfo.com/story/bbl-2020-21-chris-lynn-dan-lawrence-and-brisbane-heat-fined-for-covid-19-breach-1243951	bbl-2020-21-chris-lynn-dan-lawrence-and-brisbane-heat-fined-for-covid-19-breach
1244484	https://www.espncricinfo.com/story/south-africa-vs-sri-lanka-2020-21-sa-face-first-test-selection-headaches-amid-domestic-covid-19-scare-1244484	south-africa-vs-sri-lanka-2020-21-sa-face-first-test-selection-headaches-amid-domestic-covid-19-scare
1244496	https://www.espncricinfo.com/story/final-round-of-south-africa-domestic-fixtures-postponed-to-2021-due-to-covid-19-1244496	final-round-of-south-africa-domestic-fixtures-postponed-to-2021-due-to-covid-19
1244497	https://www.espncricinfo.com/story/australia-vs-india-1st-test-adelaide-cricket-australia-on-alert-after-sydney-covid-19-outbreak-1244497	australia-vs-india-1st-test-adelaide-cricket-australia-on-alert-after-sydney-covid-19-outbreak
1244620	https://www.espncricinfo.com/story/sa-vs-sl-raynard-van-tonder-lutho-sipamla-earn-maiden-test-call-ups-for-sri-lanka-series-covid-19-1244620	sa-vs-sl-raynard-van-tonder-lutho-sipamla-earn-maiden-test-call-ups-for-sri-lanka-series-covid-19
1244679	https://www.espncricinfo.com/story/aus-vs-ind-2nd-test-sydney-covid-19-outbreak-david-warner-sean-abbott-to-be-flown-into-melbourne-early-1244679	aus-vs-ind-2nd-test-sydney-covid-19-outbreak-david-warner-sean-abbott-to-be-flown-into-melbourne-early
1244909	https://www.espncricinfo.com/story/sri-lanka-worried-about-new-covid-19-strain-but-england-tour-likely-to-be-on-schedule-1244909	sri-lanka-worried-about-new-covid-19-strain-but-england-tour-likely-to-be-on-schedule
1244910	https://www.espncricinfo.com/story/suresh-raina-arrested-and-let-out-on-bail-for-flouting-covid-19-rules-1244910	suresh-raina-arrested-and-let-out-on-bail-for-flouting-covid-19-rules
1245038	https://www.espncricinfo.com/story/england-in-sri-lanka-2020-21-england-players-exempt-from-quarantine-in-spite-of-south-africa-covid-mutation-1245038	england-in-sri-lanka-2020-21-england-players-exempt-from-quarantine-in-spite-of-south-africa-covid-mutation
1245722	https://www.espncricinfo.com/story/bbl-2020-21-sam-billings-embracing-the-challenges-of-cricket-in-the-covid-era-1245722	bbl-2020-21-sam-billings-embracing-the-challenges-of-cricket-in-the-covid-era
1245812	https://www.espncricinfo.com/story/aus-vs-ind-3rd-test-scg-sydney-cricket-ground-retains-third-test-in-spite-of-covid-doubts-1245812	aus-vs-ind-3rd-test-scg-sydney-cricket-ground-retains-third-test-in-spite-of-covid-doubts
1245862	https://www.espncricinfo.com/story/australia-vs-india-2020-21-sydney-covid-19-spike-raises-scg-test-crowd-doubts-1245862	australia-vs-india-2020-21-sydney-covid-19-spike-raises-scg-test-crowd-doubts
1245926	https://www.espncricinfo.com/story/australia-vs-india-2020-21-rohit-sharma-joins-india-squad-after-two-week-quarantine-1245926	australia-vs-india-2020-21-rohit-sharma-joins-india-squad-after-two-week-quarantine
1245974	https://www.espncricinfo.com/story/england-in-sri-lanka-2020-21-joe-root-england-prepared-for-positive-tests-as-they-attempt-to-manage-covid-threat-1245974	england-in-sri-lanka-2020-21-joe-root-england-prepared-for-positive-tests-as-they-attempt-to-manage-covid-threat
1246072	https://www.espncricinfo.com/story/aus-vs-ind-rohit-pant-gill-shaw-saini-placed-in-isolation-post-outing-in-melbourne-1246072	aus-vs-ind-rohit-pant-gill-shaw-saini-placed-in-isolation-post-outing-in-melbourne
1246177	https://www.espncricinfo.com/story/zimbabwe-cricket-puts-all-cricket-activities-on-hold-due-to-rising-covid-19-cases-1246177	zimbabwe-cricket-puts-all-cricket-activities-on-hold-due-to-rising-covid-19-cases
1246199	https://www.espncricinfo.com/story/aus-vs-ind-2020-21-india-and-australia-players-and-staff-all-test-negative-for-covid-19-1246199	aus-vs-ind-2020-21-india-and-australia-players-and-staff-all-test-negative-for-covid-19
1246276	https://www.espncricinfo.com/story/sri-lanka-vs-england-moeen-ali-tests-positive-for-covid-19-as-england-arrive-in-sri-lanka-1246276	sri-lanka-vs-england-moeen-ali-tests-positive-for-covid-19-as-england-arrive-in-sri-lanka
1246279	https://www.espncricinfo.com/story/alarm-bells-for-pcb-as-sana-mir-tests-positive-for-covid-19-1246279	alarm-bells-for-pcb-as-sana-mir-tests-positive-for-covid-19
1246295	https://www.espncricinfo.com/story/sydney-bbl-fixtures-to-move-interstate-due-to-covid-19-border-restrictions-1246295	sydney-bbl-fixtures-to-move-interstate-due-to-covid-19-border-restrictions
1246402	https://www.espncricinfo.com/story/england-in-sri-lanka-2021-england-touring-party-in-sri-lanka-faces-anxious-wait-on-covid-19-test-results-1246402	england-in-sri-lanka-2021-england-touring-party-in-sri-lanka-faces-anxious-wait-on-covid-19-test-results
1246545	https://www.espncricinfo.com/story/australia-vs-india-2020-21-fears-covid-19-case-acquired-virus-at-mcg-test-1246545	australia-vs-india-2020-21-fears-covid-19-case-acquired-virus-at-mcg-test
1246600	https://www.espncricinfo.com/story/england-in-sri-lanka-2020-21-no-new-positive-tests-for-england-gives-boost-to-sri-lanka-series-prospects-1246600	england-in-sri-lanka-2020-21-no-new-positive-tests-for-england-gives-boost-to-sri-lanka-series-prospects
1246883	https://www.espncricinfo.com/story/india-to-not-travel-to-brisbane-if-there-s-hard-quarantine-bcci-to-ca-1246883	india-to-not-travel-to-brisbane-if-there-s-hard-quarantine-bcci-to-ca
1246884	https://www.espncricinfo.com/story/jack-leach-admits-covid-19-concerns-meant-he-feared-he-had-played-his-last-test-1246884	jack-leach-admits-covid-19-concerns-meant-he-feared-he-had-played-his-last-test
1246936	https://www.espncricinfo.com/story/two-uae-players-test-positive-for-covid-19-ahead-of-ireland-odis-1246936	two-uae-players-test-positive-for-covid-19-ahead-of-ireland-odis
1246968	https://www.espncricinfo.com/story/england-in-sri-lanka-2020-21-joe-root-finds-form-as-england-clear-next-round-of-covid-tests-1246968	england-in-sri-lanka-2020-21-joe-root-finds-form-as-england-clear-next-round-of-covid-tests
1247207	https://www.espncricinfo.com/story/aus-vs-ind-gabba-test-india-fear-multiple-quarantines-will-impact-home-series-against-england-1247207	aus-vs-ind-gabba-test-india-fear-multiple-quarantines-will-impact-home-series-against-england
1247252	https://www.espncricinfo.com/story/another-covid-case-in-uae-camp-postpones-ireland-odi-to-january-16-1247252	another-covid-case-in-uae-camp-postpones-ireland-odi-to-january-16
1247496	https://www.espncricinfo.com/story/bbl-2020-21-seven-bbl-fixtures-relocated-due-to-travel-restrictions-from-covid-hotspots-1247496	bbl-2020-21-seven-bbl-fixtures-relocated-due-to-travel-restrictions-from-covid-hotspots
1247552	https://www.espncricinfo.com/story/ireland-in-the-uae-2020-21-uae-ireland-odi-called-off-after-covid-19-outbreak-worsens-1247552	ireland-in-the-uae-2020-21-uae-ireland-odi-called-off-after-covid-19-outbreak-worsens
1247605	https://www.espncricinfo.com/story/england-in-sri-lanka-2021-moeen-ali-faces-extended-quarantine-set-to-miss-second-sri-lanka-test-1247605	england-in-sri-lanka-2021-moeen-ali-faces-extended-quarantine-set-to-miss-second-sri-lanka-test
1247609	https://www.espncricinfo.com/story/sri-lanka-vs-england-2020-21-chris-woakes-resigned-to-first-test-absence-after-release-from-covid-quarantine-1247609	sri-lanka-vs-england-2020-21-chris-woakes-resigned-to-first-test-absence-after-release-from-covid-quarantine
1247849	https://www.espncricinfo.com/story/ban-vs-wi-2021-22-hayden-walsh-ruled-out-of-bangladesh-odi-series-after-testing-positive-for-covid-19-1247849	ban-vs-wi-2021-22-hayden-walsh-ruled-out-of-bangladesh-odi-series-after-testing-positive-for-covid-19
1247955	https://www.espncricinfo.com/story/sri-lanka-vs-england-england-unconcerned-by-hotel-staff-s-positive-covid-tests-1247955	sri-lanka-vs-england-england-unconcerned-by-hotel-staff-s-positive-covid-tests
1247972	https://www.espncricinfo.com/story/uae-ireland-odi-series-held-up-again-despite-no-further-covid-positives-1247972	uae-ireland-odi-series-held-up-again-despite-no-further-covid-positives
1248083	https://www.espncricinfo.com/story/sri-lanka-vs-england-1st-test-galle-moeen-ali-returns-to-england-bubble-after-release-from-quarantine-1248083	sri-lanka-vs-england-1st-test-galle-moeen-ali-returns-to-england-bubble-after-release-from-quarantine
1248116	https://www.espncricinfo.com/story/bbl-2020-21-aaron-finch-returns-to-the-top-in-bid-for-positive-end-to-difficult-bbl-1248116	bbl-2020-21-aaron-finch-returns-to-the-top-in-bid-for-positive-end-to-difficult-bbl
1248735	https://www.espncricinfo.com/story/wi-vs-sl-2021-22-sri-lanka-s-binura-fernando-chamika-karunaratne-test-covid-19-positive-ahead-of-west-indies-tour-1248735	wi-vs-sl-2021-22-sri-lanka-s-binura-fernando-chamika-karunaratne-test-covid-19-positive-ahead-of-west-indies-tour
1248875	https://www.espncricinfo.com/story/quarantine-restrictions-to-force-south-africa-to-use-separate-t20i-and-test-squads-1248875	quarantine-restrictions-to-force-south-africa-to-use-separate-t20i-and-test-squads
1249164	https://www.espncricinfo.com/story/ban-vs-wi-2020-21-richard-illingworth-to-become-first-neutral-umpire-in-test-cricket-since-covid-19-pandemic-1249164	ban-vs-wi-2020-21-richard-illingworth-to-become-first-neutral-umpire-in-test-cricket-since-covid-19-pandemic
1249192	https://www.espncricinfo.com/story/james-harris-ready-for-huge-challenge-of-covid-19-after-election-as-pca-chair-1249192	james-harris-ready-for-huge-challenge-of-covid-19-after-election-as-pca-chair
1249306	https://www.espncricinfo.com/story/bbl-2020-21-bbl-finals-week-fixtures-to-navigate-covid-19-border-restrictions-1249306	bbl-2020-21-bbl-finals-week-fixtures-to-navigate-covid-19-border-restrictions
1249340	https://www.espncricinfo.com/story/shai-hope-kyle-hope-test-positive-for-covid-19-ruled-out-of-super-50-cup-1249340	shai-hope-kyle-hope-test-positive-for-covid-19-ruled-out-of-super-50-cup
1249662	https://www.espncricinfo.com/story/england-in-india-2020-21-moeen-ali-urges-people-to-take-covid-19-vaccine-1249662	england-in-india-2020-21-moeen-ali-urges-people-to-take-covid-19-vaccine
1249760	https://www.espncricinfo.com/story/ind-vs-eng-1st-test-india-and-england-squad-members-clear-covid-19-tests-1249760	ind-vs-eng-1st-test-india-and-england-squad-members-clear-covid-19-tests
1249841	https://www.espncricinfo.com/story/australia-call-off-south-africa-tour-because-of-unacceptable-level-of-covid-19-risk-1249841	australia-call-off-south-africa-tour-because-of-unacceptable-level-of-covid-19-risk
1249895	https://www.espncricinfo.com/story/covid-19-cricket-south-africa-rejected-formal-australia-offer-to-host-test-series-1249895	covid-19-cricket-south-africa-rejected-formal-australia-offer-to-host-test-series
1249954	https://www.espncricinfo.com/story/sl-tour-of-wi-mickey-arthur-and-lahiru-thirimanne-test-positive-for-covid-19-1249954	sl-tour-of-wi-mickey-arthur-and-lahiru-thirimanne-test-positive-for-covid-19
1249976	https://www.espncricinfo.com/story/chris-jordan-hopes-to-be-positive-influence-on-bame-communities-1249976	chris-jordan-hopes-to-be-positive-influence-on-bame-communities
1250571	https://www.espncricinfo.com/story/raza-hasan-expelled-from-quaid-e-azam-trophy-after-covid-19-protocol-breach-1250571	raza-hasan-expelled-from-quaid-e-azam-trophy-after-covid-19-protocol-breach
1250789	https://www.espncricinfo.com/story/zim-vs-ire-2021-22-ireland-white-ball-tour-of-zimbabwe-postponed-amid-covid-19-reshuffle-1250789	zim-vs-ire-2021-22-ireland-white-ball-tour-of-zimbabwe-postponed-amid-covid-19-reshuffle
1250854	https://www.espncricinfo.com/story/pak-vs-sa-t20is-heinrich-klaasen-on-covid-19-could-not-run-20-30-metres-without-heart-rate-going-up-too-high-1250854	pak-vs-sa-t20is-heinrich-klaasen-on-covid-19-could-not-run-20-30-metres-without-heart-rate-going-up-too-high
1251359	https://www.espncricinfo.com/story/zim-women-vs-pak-w-2021-22-covid-19-pakistan-women-tour-of-zimbabwe-ends-abruptly-because-of-flight-restrictions-1251359	zim-women-vs-pak-w-2021-22-covid-19-pakistan-women-tour-of-zimbabwe-ends-abruptly-because-of-flight-restrictions
1251365	https://www.espncricinfo.com/story/when-kyle-jarvis-had-covid-19-malaria-and-tick-bite-fever-1251365	when-kyle-jarvis-had-covid-19-malaria-and-tick-bite-fever
1251382	https://www.espncricinfo.com/story/covid-19-vaccines-key-to-bangladesh-s-2020-21-domestic-season-1251382	covid-19-vaccines-key-to-bangladesh-s-2020-21-domestic-season
1251450	https://www.espncricinfo.com/story/https%3A%2F%2Fwww.espncricinfo.com%2Fstory%2Fqualification-for-2023-world-cup-covid-19-forces-postponement-of-three-men-s-world-cup-league-2-series-1251450	https%3A%2F%2Fwww.espncricinfo.com%2Fstory%2Fqualification-for-2023-world-cup-covid-19-forces-postponement-of-three-men-s-world-cup-league-2-series
1251534	https://www.espncricinfo.com/story/australia-covid-19-victoria-cleared-to-travel-to-nsw-new-south-wales-for-domestic-fixtures-despite-melbourne-lockdown-1251534	australia-covid-19-victoria-cleared-to-travel-to-nsw-new-south-wales-for-domestic-fixtures-despite-melbourne-lockdown
1252173	https://www.espncricinfo.com/story/first-round-of-covid-19-vaccines-administered-to-new-zealand-bound-bangladesh-squad-members-1252173	first-round-of-covid-19-vaccines-administered-to-new-zealand-bound-bangladesh-squad-members
1252462	https://www.espncricinfo.com/story/psl-2021-wahab-riaz-and-daren-sammy-in-quarantine-after-breaching-biosecure-protocols-1252462	psl-2021-wahab-riaz-and-daren-sammy-in-quarantine-after-breaching-biosecure-protocols
1252612	https://www.espncricinfo.com/story/sri-lanka-s-lahiru-kumara-tests-positive-for-covid-19-to-miss-west-indies-tour-1252612	sri-lanka-s-lahiru-kumara-tests-positive-for-covid-19-to-miss-west-indies-tour
1252766	https://www.espncricinfo.com/story/indian-domestic-cricket-vijay-hazare-trophy-2020-21-bihar-player-tests-positive-for-covid-19-1252766	indian-domestic-cricket-vijay-hazare-trophy-2020-21-bihar-player-tests-positive-for-covid-19
1253254	https://www.espncricinfo.com/story/ind-vs-sa-women-s-cricket-no-squads-yet-but-india-and-south-africa-go-into-quarantine-1253254	ind-vs-sa-women-s-cricket-no-squads-yet-but-india-and-south-africa-go-into-quarantine
1253304	https://www.espncricinfo.com/story/covid-19-wellington-to-host-matches-as-auckland-goes-into-lockdown-1253304	covid-19-wellington-to-host-matches-as-auckland-goes-into-lockdown
1253400	https://www.espncricinfo.com/story/nz-covid-19-lockdown-wellington-to-host-remainder-of-australia-men-and-england-women-matches-1253400	nz-covid-19-lockdown-wellington-to-host-remainder-of-australia-men-and-england-women-matches
1253435	https://www.espncricinfo.com/story/afghanistan-vs-zimbabwe-1st-test-sean-williams-playing-in-covid-19-times-not-for-the-faint-hearted-1253435	afghanistan-vs-zimbabwe-1st-test-sean-williams-playing-in-covid-19-times-not-for-the-faint-hearted
1253438	https://www.espncricinfo.com/story/delayed-start-to-islamabad-quetta-game-after-united-player-tests-positive-for-covid-19-1253438	delayed-start-to-islamabad-quetta-game-after-united-player-tests-positive-for-covid-19
1253451	https://www.espncricinfo.com/story/ipl-2021-mumbai-set-to-miss-out-on-ipl-staging-due-to-covid-19-spike-1253451	ipl-2021-mumbai-set-to-miss-out-on-ipl-staging-due-to-covid-19-spike
1253488	https://www.espncricinfo.com/story/psl-after-fawad-ahmed-two-overseas-players-and-one-support-staffer-test-positive-for-covid-19-1253488	psl-after-fawad-ahmed-two-overseas-players-and-one-support-staffer-test-positive-for-covid-19
1253496	https://www.espncricinfo.com/story/covid-19-and-cricket-english-cricket-anticipates-government-bail-out-in-wednesday-s-budget-1253496	covid-19-and-cricket-english-cricket-anticipates-government-bail-out-in-wednesday-s-budget
1253633	https://www.espncricinfo.com/story/psl-2021-pcb-mulls-playing-entire-psl-in-karachi-after-recent-covid-19-cases-1253633	psl-2021-pcb-mulls-playing-entire-psl-in-karachi-after-recent-covid-19-cases
1253638	https://www.espncricinfo.com/story/psl-2021-pcb-offers-covid-19-vaccine-to-all-participants-1253638	psl-2021-pcb-offers-covid-19-vaccine-to-all-participants
1253679	https://www.espncricinfo.com/story/psl-2021-postponed-after-more-players-test-positive-for-covid-19-1253679	psl-2021-postponed-after-more-players-test-positive-for-covid-19
1253711	https://www.espncricinfo.com/story/a-timeline-of-how-covid-19-forced-the-psl-2021-to-be-suspended-1253711	a-timeline-of-how-covid-19-forced-the-psl-2021-to-be-suspended
1253815	https://www.espncricinfo.com/story/bangladesh-emerging-team-vs-ireland-a-game-called-off-after-ruhan-pretorius-tests-positive-for-covid-19-1253815	bangladesh-emerging-team-vs-ireland-a-game-called-off-after-ruhan-pretorius-tests-positive-for-covid-19
1253894	https://www.espncricinfo.com/story/india-women-just-lost-a-year-but-not-all-the-blame-goes-to-covid-1253894	india-women-just-lost-a-year-but-not-all-the-blame-goes-to-covid
1254152	https://www.espncricinfo.com/story/psl-2021-non-playing-psl-franchise-member-left-bubble-despite-testing-covid-19-positive-1254152	psl-2021-non-playing-psl-franchise-member-left-bubble-despite-testing-covid-19-positive
1254179	https://www.espncricinfo.com/story/covid-summer-brings-australia-back-to-the-field-after-defeats-against-india-and-new-zealand-1254179	covid-summer-brings-australia-back-to-the-field-after-defeats-against-india-and-new-zealand
1254259	https://www.espncricinfo.com/story/ireland-a-tour-of-bangladesh-ruhan-pretorius-opens-up-on-bizarre-few-days-after-false-covid-positive-1254259	ireland-a-tour-of-bangladesh-ruhan-pretorius-opens-up-on-bizarre-few-days-after-false-covid-positive
1254276	https://www.espncricinfo.com/story/ireland-a-support-staff-tests-positive-for-covid-19-prompts-two-hour-delay-1254276	ireland-a-support-staff-tests-positive-for-covid-19-prompts-two-hour-delay
1255082	https://www.espncricinfo.com/story/covid-19-impact-bcci-suspends-under-19-men-s-50-over-domestic-tournament-1255082	covid-19-impact-bcci-suspends-under-19-men-s-50-over-domestic-tournament
1255107	https://www.espncricinfo.com/story/member-of-pakistan-s-touring-party-to-africa-tests-positive-for-covid-19-1255107	member-of-pakistan-s-touring-party-to-africa-tests-positive-for-covid-19
1255196	https://www.espncricinfo.com/story/psl-2021-likely-to-resume-in-early-june-following-a-week-of-quarantine-1255196	psl-2021-likely-to-resume-in-early-june-following-a-week-of-quarantine
1255856	https://www.espncricinfo.com/story/pakistan-pm-and-former-cricket-captain-imran-khan-tests-positive-for-covid-19-enters-self-isolation-1255856	pakistan-pm-and-former-cricket-captain-imran-khan-tests-positive-for-covid-19-enters-self-isolation
1256546	https://www.espncricinfo.com/story/new-zealand-cricketers-could-be-on-covid-19-vaccine-priority-list-1256546	new-zealand-cricketers-could-be-on-covid-19-vaccine-priority-list
1256976	https://www.espncricinfo.com/story/after-sachin-tendulkar-and-yusuf-pathan-s-badrinath-also-tests-covid-19-positive-1256976	after-sachin-tendulkar-and-yusuf-pathan-s-badrinath-also-tests-covid-19-positive
1257118	https://www.espncricinfo.com/story/mominul-haque-rested-for-next-ncl-round-after-recent-issues-with-covid-19-1257118	mominul-haque-rested-for-next-ncl-round-after-recent-issues-with-covid-19
1257121	https://www.espncricinfo.com/story/icc-regulations-non-neutral-umpires-and-covid-19-regulations-to-extend-until-july-1257121	icc-regulations-non-neutral-umpires-and-covid-19-regulations-to-extend-until-july
1257164	https://www.espncricinfo.com/story/final-rounds-of-marsh-cup-sheffield-shield-set-to-resume-amid-latest-covid-outbreak-1257164	final-rounds-of-marsh-cup-sheffield-shield-set-to-resume-amid-latest-covid-outbreak
1257196	https://www.espncricinfo.com/story/irfan-pathan-fourth-player-to-test-covid-19-positive-in-road-safety-world-series-1257196	irfan-pathan-fourth-player-to-test-covid-19-positive-in-road-safety-world-series
1257236	https://www.espncricinfo.com/story/india-women-s-t20i-captain-harmanpreet-kaur-tests-positive-for-covid-19-1257236	india-women-s-t20i-captain-harmanpreet-kaur-tests-positive-for-covid-19
1257322	https://www.espncricinfo.com/story/county-game-expected-to-report-100-million-losses-due-to-covid-19-neil-snowball-1257322	county-game-expected-to-report-100-million-losses-due-to-covid-19-neil-snowball
1257533	https://www.espncricinfo.com/story/limit-on-squads-at-icc-events-increased-to-30-in-response-to-covid-19-1257533	limit-on-squads-at-icc-events-increased-to-30-in-response-to-covid-19
1257556	https://www.espncricinfo.com/story/https%3A%2F%2Fwww.espncricinfo.com%2Fstory%2Fbangladesh-domestic-ncl-2021-matches-postponed-amid-surge-in-covid-19-cases-1257556	https%3A%2F%2Fwww.espncricinfo.com%2Fstory%2Fbangladesh-domestic-ncl-2021-matches-postponed-amid-surge-in-covid-19-cases
1257568	https://www.espncricinfo.com/story/covid-19-sachin-tendulkar-hospitalised-as-a-matter-of-abundant-precaution-1257568	covid-19-sachin-tendulkar-hospitalised-as-a-matter-of-abundant-precaution
1257583	https://www.espncricinfo.com/story/covid-19-effect-icc-sets-up-fund-for-financially-hit-members-1257583	covid-19-effect-icc-sets-up-fund-for-financially-hit-members
1257671	https://www.espncricinfo.com/story/ipl-2021-bcci-keeps-hyderabad-in-contingency-plans-because-of-covid-19-surge-1257671	ipl-2021-bcci-keeps-hyderabad-in-contingency-plans-because-of-covid-19-surge
1257680	https://www.espncricinfo.com/story/ipl-2021-delhi-capitals-axar-patel-tests-positive-for-covid-19-1257680	ipl-2021-delhi-capitals-axar-patel-tests-positive-for-covid-19
1257755	https://www.espncricinfo.com/story/ipl-2021-devdutt-padikkal-in-quarantine-at-home-after-testing-positive-for-covid-19-1257755	ipl-2021-devdutt-padikkal-in-quarantine-at-home-after-testing-positive-for-covid-19
1257813	https://www.espncricinfo.com/story/county-championship-2021-wayne-parnell-to-miss-northants-season-opener-after-quarantine-extended-by-nhs-system-1257813	county-championship-2021-wayne-parnell-to-miss-northants-season-opener-after-quarantine-extended-by-nhs-system
1257901	https://www.espncricinfo.com/story/ipl-2021-mumbai-indians-kiran-more-first-person-to-test-covid-19-positive-in-ipl-bubble-1257901	ipl-2021-mumbai-indians-kiran-more-first-person-to-test-covid-19-positive-in-ipl-bubble
1257936	https://www.espncricinfo.com/story/ipl-2021-devdutt-padikkal-links-up-with-royal-challengers-bangalore-after-testing-negative-for-covid-19-1257936	ipl-2021-devdutt-padikkal-links-up-with-royal-challengers-bangalore-after-testing-negative-for-covid-19
1257957	https://www.espncricinfo.com/story/tracker-how-covid-19-has-affected-ipl-2021-1257957	tracker-how-covid-19-has-affected-ipl-2021
1258013	https://www.espncricinfo.com/story/ipl-2021-glenn-maxwell-wants-to-be-positive-influence-on-rcb-performances-can-take-care-of-themselves-1258013	ipl-2021-glenn-maxwell-wants-to-be-positive-influence-on-rcb-performances-can-take-care-of-themselves
1258063	https://www.espncricinfo.com/story/icc-ceo-geoff-allardice-covid-19-has-made-it-very-difficult-to-re-establish-the-calendar-for-women-s-cricket-1258063	icc-ceo-geoff-allardice-covid-19-has-made-it-very-difficult-to-re-establish-the-calendar-for-women-s-cricket
1258065	https://www.espncricinfo.com/story/global-t20-canada-set-to-be-held-in-malaysia-due-to-covid-19-1258065	global-t20-canada-set-to-be-held-in-malaysia-due-to-covid-19
1258200	https://www.espncricinfo.com/story/covid-19-two-remaining-men-s-world-cup-challenge-league-a-series-rescheduled-1258200	covid-19-two-remaining-men-s-world-cup-challenge-league-a-series-rescheduled
1258234	https://www.espncricinfo.com/story/ipl-2021-virat-kohli-royal-challengers-bangalore-rcb-captain-says-no-home-advantage-is-a-positive-1258234	ipl-2021-virat-kohli-royal-challengers-bangalore-rcb-captain-says-no-home-advantage-is-a-positive
1258244	https://www.espncricinfo.com/story/covid-19-sachin-tendulkar-discharged-from-hospital-after-testing-negative-1258244	covid-19-sachin-tendulkar-discharged-from-hospital-after-testing-negative
1258247	https://www.espncricinfo.com/story/ipl-2021-faqs-strongest-team-covid-effect-overseas-captains-and-more-1258247	ipl-2021-faqs-strongest-team-covid-effect-overseas-captains-and-more
1258374	https://www.espncricinfo.com/story/sa-vs-pak-1st-t20i-heinrich-klaasen-hopes-south-africa-are-positive-and-streetwise-1258374	sa-vs-pak-1st-t20i-heinrich-klaasen-hopes-south-africa-are-positive-and-streetwise
1258457	https://www.espncricinfo.com/story/pakistan-under-19-tour-of-bangladesh-called-off-due-to-covid-19-surge-1258457	pakistan-under-19-tour-of-bangladesh-called-off-due-to-covid-19-surge
1258673	https://www.espncricinfo.com/story/srh-vs-kkr-ipl-2021-nitish-rana-jumps-into-match-winning-mode-after-covid-19-bout-1258673	srh-vs-kkr-ipl-2021-nitish-rana-jumps-into-match-winning-mode-after-covid-19-bout
1258764	https://www.espncricinfo.com/story/ireland-suspends-elite-men-s-training-after-player-tests-positive-for-covid-19-1258764	ireland-suspends-elite-men-s-training-after-player-tests-positive-for-covid-19
1258836	https://www.espncricinfo.com/story/five-south-africa-emerging-women-players-test-positive-for-covid-19-1258836	five-south-africa-emerging-women-players-test-positive-for-covid-19
1258858	https://www.espncricinfo.com/story/ipl-2021-royal-challengers-bangalore-being-rcb-s-death-bowler-a-privilege-and-a-positive-for-harshal-patel-1258858	ipl-2021-royal-challengers-bangalore-being-rcb-s-death-bowler-a-privilege-and-a-positive-for-harshal-patel
1258879	https://www.espncricinfo.com/story/covid-19-india-a-tour-of-england-postponed-india-test-team-to-travel-with-larger-squad-instead-1258879	covid-19-india-a-tour-of-england-postponed-india-test-team-to-travel-with-larger-squad-instead
1258951	https://www.espncricinfo.com/story/ipl-2021-delay-in-covid-19-test-results-rules-anrich-nortje-out-but-kagiso-rabada-available-for-rajasthan-royals-game-1258951	ipl-2021-delay-in-covid-19-test-results-rules-anrich-nortje-out-but-kagiso-rabada-available-for-rajasthan-royals-game
1259132	https://www.espncricinfo.com/story/ipl-2021-dc-rope-in-shams-mulani-as-short-term-covid-19-replacement-for-axar-patel-aniruddha-joshi-for-shreyas-iyer-1259132	ipl-2021-dc-rope-in-shams-mulani-as-short-term-covid-19-replacement-for-axar-patel-aniruddha-joshi-for-shreyas-iyer
1259257	https://www.espncricinfo.com/story/ipl-2021-delhi-capitals-anrich-nortje-joins-delhi-capitals-bubble-after-testing-negative-for-covid-19-1259257	ipl-2021-delhi-capitals-anrich-nortje-joins-delhi-capitals-bubble-after-testing-negative-for-covid-19
1259867	https://www.espncricinfo.com/story/ecb-confident-that-summer-schedule-will-survive-despite-india-joining-covid-19-red-list-1259867	ecb-confident-that-summer-schedule-will-survive-despite-india-joining-covid-19-red-list
1259900	https://www.espncricinfo.com/story/eng-vs-nz-2021-surgery-done-colin-de-grandhomme-should-be-ready-for-england-tour-nz-players-get-covid-vaccine-1259900	eng-vs-nz-2021-surgery-done-colin-de-grandhomme-should-be-ready-for-england-tour-nz-players-get-covid-vaccine
1260306	https://www.espncricinfo.com/story/cricket-and-coronavirus-1260306	cricket-and-coronavirus
1260356	https://www.espncricinfo.com/story/pbks-vs-srh-ipl-2021-injured-natarajan-not-leaving-sunrisers-bubble-for-scans-due-to-quarantine-rule-1260356	pbks-vs-srh-ipl-2021-injured-natarajan-not-leaving-sunrisers-bubble-for-scans-due-to-quarantine-rule
1260399	https://www.espncricinfo.com/story/covid-19-ms-dhoni-s-parents-hospitalised-support-has-been-set-up-says-csk-coach-stephen-fleming-1260399	covid-19-ms-dhoni-s-parents-hospitalised-support-has-been-set-up-says-csk-coach-stephen-fleming
1260504	https://www.espncricinfo.com/story/ipl-2021-being-out-of-quarantine-best-moment-of-my-life-after-test-debut-says-axar-patel-1260504	ipl-2021-being-out-of-quarantine-best-moment-of-my-life-after-test-debut-says-axar-patel
1260670	https://www.espncricinfo.com/story/ipl-2021-officials-back-covid-19-bubble-have-no-plans-of-shifting-ipl-matches-from-delhi-1260670	ipl-2021-officials-back-covid-19-bubble-have-no-plans-of-shifting-ipl-matches-from-delhi
1261009	https://www.espncricinfo.com/story/ricky-ponting-covid-19-situation-quite-grim-but-ipl-can-still-bring-a-lot-of-joy-ipl-2021-1261009	ricky-ponting-covid-19-situation-quite-grim-but-ipl-can-still-bring-a-lot-of-joy-ipl-2021
1261029	https://www.espncricinfo.com/story/ipl-2021-rajasthan-royals-andrew-tye-leaves-for-home-as-anxiety-about-worsening-covid-19-situation-builds-1261029	ipl-2021-rajasthan-royals-andrew-tye-leaves-for-home-as-anxiety-about-worsening-covid-19-situation-builds
1261202	https://www.espncricinfo.com/story/covid-19-kkr-s-pat-cummins-donates-50-000-to-purchase-oxygen-supplies-for-india-s-hospitals-ipl-2021-1261202	covid-19-kkr-s-pat-cummins-donates-50-000-to-purchase-oxygen-supplies-for-india-s-hospitals-ipl-2021
1261231	https://www.espncricinfo.com/story/sl-vs-ban-2nd-test-bangladesh-s-new-positive-outlook-bodes-well-for-their-test-future-1261231	sl-vs-ban-2nd-test-bangladesh-s-new-positive-outlook-bodes-well-for-their-test-future
1261259	https://www.espncricinfo.com/story/psl-to-conduct-replacement-draft-ahead-of-2021-season-resumption-following-postponement-because-of-covid-19-1261259	psl-to-conduct-replacement-draft-ahead-of-2021-season-resumption-following-postponement-because-of-covid-19
1261402	https://www.espncricinfo.com/story/2021-women-s-t20-challenge-likely-to-be-postponed-amid-covid-19-wave-in-india-1261402	2021-women-s-t20-challenge-likely-to-be-postponed-amid-covid-19-wave-in-india
1261593	https://www.espncricinfo.com/story/bcci-gives-nod-for-tnpl-season-5-to-be-held-with-covid-19-precautions-in-place-1261593	bcci-gives-nod-for-tnpl-season-5-to-be-held-with-covid-19-precautions-in-place
1261895	https://www.espncricinfo.com/story/covid-19-shikhar-dhawan-sachin-tendulkar-and-jaydev-unadkat-contribute-to-relief-efforts-1261895	covid-19-shikhar-dhawan-sachin-tendulkar-and-jaydev-unadkat-contribute-to-relief-efforts
1261934	https://www.espncricinfo.com/story/ipl-2021-how-r-ashwin-s-family-has-been-dealing-with-a-covid-19-crisis-1261934	ipl-2021-how-r-ashwin-s-family-has-been-dealing-with-a-covid-19-crisis
1261974	https://www.espncricinfo.com/story/county-championship-2021-covid-19-substitution-jack-brooks-in-for-somerset-after-lewis-gregory-ruled-out-1261974	county-championship-2021-covid-19-substitution-jack-brooks-in-for-somerset-after-lewis-gregory-ruled-out
1262005	https://www.espncricinfo.com/story/mi-vs-csk-ipl-2021-hardik-krunal-pandya-to-donate-200-oxygen-concentrators-in-rural-areas-for-covid-19-1262005	mi-vs-csk-ipl-2021-hardik-krunal-pandya-to-donate-200-oxygen-concentrators-in-rural-areas-for-covid-19
1262071	https://www.espncricinfo.com/story/ipl-2021-virat-kohli-says-rcb-will-support-india-s-covid-19-relief-to-wear-special-blue-jersey-to-raise-funds-1262071	ipl-2021-virat-kohli-says-rcb-will-support-india-s-covid-19-relief-to-wear-special-blue-jersey-to-raise-funds
1262213	https://www.espncricinfo.com/story/ipl-2021-varun-chakravarthy-and-sandeep-warrier-positive-for-covid-19-kkr-vs-rcb-rescheduled-1262213	ipl-2021-varun-chakravarthy-and-sandeep-warrier-positive-for-covid-19-kkr-vs-rcb-rescheduled
1262223	https://www.espncricinfo.com/story/ipl-2021-covid-19-at-csk-three-members-of-csk-contingent-test-positive-none-of-them-players-1262223	ipl-2021-covid-19-at-csk-three-members-of-csk-contingent-test-positive-none-of-them-players
1262232	https://www.espncricinfo.com/story/ipl-2021-kl-rahul-undergoes-surgery-for-appendicitis-likely-to-rejoin-ipl-bubble-after-quarantine-1262232	ipl-2021-kl-rahul-undergoes-surgery-for-appendicitis-likely-to-rejoin-ipl-bubble-after-quarantine
1262242	https://www.espncricinfo.com/story/ipl-2021-covid-19-effect-delhi-capitals-players-isolate-as-mumbai-indians-and-sunrisers-hyderabad-skip-practice-1262242	ipl-2021-covid-19-effect-delhi-capitals-players-isolate-as-mumbai-indians-and-sunrisers-hyderabad-skip-practice
1262252	https://www.espncricinfo.com/story/ipl-2021-amid-covid-concerns-bcci-considers-moving-the-ipl-to-mumbai-1262252	ipl-2021-amid-covid-concerns-bcci-considers-moving-the-ipl-to-mumbai
1262268	https://www.espncricinfo.com/story/ipl-2021-sunrisers-hyderabad-s-wriddhiman-saha-tests-positive-for-covid-19-1262268	ipl-2021-sunrisers-hyderabad-s-wriddhiman-saha-tests-positive-for-covid-19
1262269	https://www.espncricinfo.com/story/ipl-2021-postponed-as-covid-count-increases-1262269	ipl-2021-postponed-as-covid-count-increases
1262277	https://www.espncricinfo.com/story/covid-19-in-pakistan-franchises-write-to-pcb-asking-for-psl-2021-to-be-moved-from-karachi-to-uae-1262277	covid-19-in-pakistan-franchises-write-to-pcb-asking-for-psl-2021-to-be-moved-from-karachi-to-uae
1262303	https://www.espncricinfo.com/story/ipl-2021-delhi-capitals-amit-mishra-first-player-from-dc-to-test-positive-for-covid-19-1262303	ipl-2021-delhi-capitals-amit-mishra-first-player-from-dc-to-test-positive-for-covid-19
1262312	https://www.espncricinfo.com/story/ipl-2020-chennai-super-kings-michael-hussey-tests-positive-for-covid-19-1262312	ipl-2020-chennai-super-kings-michael-hussey-tests-positive-for-covid-19
1262339	https://www.espncricinfo.com/story/ipl-2021-postponed-covid-19-australians-head-to-maldives-new-zealand-and-bangladesh-on-chartered-flights-1262339	ipl-2021-postponed-covid-19-australians-head-to-maldives-new-zealand-and-bangladesh-on-chartered-flights
1262354	https://www.espncricinfo.com/story/https%3A%2F%2Fwww.espncricinfo.com%2Fstory%2Fraging-covid-19-pandemic-and-sop-loopholes-why-ipl-2021-couldn-t-repeat-uae-success-1262354	https%3A%2F%2Fwww.espncricinfo.com%2Fstory%2Fraging-covid-19-pandemic-and-sop-loopholes-why-ipl-2021-couldn-t-repeat-uae-success
1262382	https://www.espncricinfo.com/story/covid-19-hits-ipl-2021-bcci-president-sourav-ganguly-on-bubble-breach-travelling-could-have-been-an-issue-1262382	covid-19-hits-ipl-2021-bcci-president-sourav-ganguly-on-bubble-breach-travelling-could-have-been-an-issue
1262399	https://www.espncricinfo.com/story/india-women-batter-veda-krishnamurthy-loses-mother-and-sister-to-covid-19-two-weeks-apart-1262399	india-women-batter-veda-krishnamurthy-loses-mother-and-sister-to-covid-19-two-weeks-apart
1262453	https://www.espncricinfo.com/story/india-captain-virat-kohli-and-wife-anushka-sharma-donate-inr-2-crore-in-fundariser-for-india-s-covid-19-fight-1262453	india-captain-virat-kohli-and-wife-anushka-sharma-donate-inr-2-crore-in-fundariser-for-india-s-covid-19-fight
1262460	https://www.espncricinfo.com/story/three-men-s-t20-world-cup-2022-qualifying-events-called-off-because-of-covid-19-1262460	three-men-s-t20-world-cup-2022-qualifying-events-called-off-because-of-covid-19
1262470	https://www.espncricinfo.com/story/covid-19-in-pakistan-pcb-approaches-emirates-cricket-board-to-host-remainder-of-psl-2021-in-the-uae-1262470	covid-19-in-pakistan-pcb-approaches-emirates-cricket-board-to-host-remainder-of-psl-2021-in-the-uae
1262525	https://www.espncricinfo.com/story/ipl-2021-kkr-s-tim-seifert-tests-positive-for-covid-19-and-will-be-treated-in-chennai-before-returning-to-new-zealand-1262525	ipl-2021-kkr-s-tim-seifert-tests-positive-for-covid-19-and-will-be-treated-in-chennai-before-returning-to-new-zealand
1262530	https://www.espncricinfo.com/story/ipl-2021-kkr-s-prasidh-krishna-tests-positive-for-covid-19-1262530	ipl-2021-kkr-s-prasidh-krishna-tests-positive-for-covid-19
1262581	https://www.espncricinfo.com/story/rajasthan-royals-chetan-sakariya-loses-his-father-to-covid-19-1262581	rajasthan-royals-chetan-sakariya-loses-his-father-to-covid-19
1262656	https://www.espncricinfo.com/story/piyush-chawla-s-father-dies-of-post-covid-19-complications-1262656	piyush-chawla-s-father-dies-of-post-covid-19-complications
1262662	https://www.espncricinfo.com/story/former-rajasthan-legspinner-vivek-yadav-dies-of-covid-19-related-complications-1262662	former-rajasthan-legspinner-vivek-yadav-dies-of-covid-19-related-complications
1262717	https://www.espncricinfo.com/story/virat-kohli-and-other-india-players-take-first-jab-of-covid-19-vaccination-1262717	virat-kohli-and-other-india-players-take-first-jab-of-covid-19-vaccination
1262743	https://www.espncricinfo.com/story/covid-19-deaths-in-cricket-1262743	covid-19-deaths-in-cricket
1262913	https://www.espncricinfo.com/story/ecb-chairman-ian-watmore-lays-out-vision-for-repairing-cricket-s-covid-wounds-1262913	ecb-chairman-ian-watmore-lays-out-vision-for-repairing-cricket-s-covid-wounds
1263091	https://www.espncricinfo.com/story/hanuma-vihari-s-network-of-volunteers-helps-out-during-unthinkable-covid-19-crisis-1263091	hanuma-vihari-s-network-of-volunteers-helps-out-during-unthinkable-covid-19-crisis
1263190	https://www.espncricinfo.com/story/eng-women-vs-ind-women-2021-rajeshwari-gayakwad-recovering-from-covid-19-left-out-of-india-squads-for-england-tour-1263190	eng-women-vs-ind-women-2021-rajeshwari-gayakwad-recovering-from-covid-19-left-out-of-india-squads-for-england-tour
1263230	https://www.espncricinfo.com/story/covid-19-at-ipl-2021-michael-hussey-and-rest-of-australia-contingent-in-maldives-set-to-fly-home-1263230	covid-19-at-ipl-2021-michael-hussey-and-rest-of-australia-contingent-in-maldives-set-to-fly-home
1263331	https://www.espncricinfo.com/story/india-brace-for-long-quarantine-two-weeks-in-mumbai-10-days-in-southampton-1263331	india-brace-for-long-quarantine-two-weeks-in-mumbai-10-days-in-southampton
1263374	https://www.espncricinfo.com/story/tim-seifert-now-covid-negative-after-kkr-stint-will-soon-fly-back-to-new-zealand-nz-head-coach-gary-stead-1263374	tim-seifert-now-covid-negative-after-kkr-stint-will-soon-fly-back-to-new-zealand-nz-head-coach-gary-stead
1263386	https://www.espncricinfo.com/story/shakib-al-hasan-mustafizur-rahman-join-bangladesh-team-bubble-after-quarantine-1263386	shakib-al-hasan-mustafizur-rahman-join-bangladesh-team-bubble-after-quarantine
1263410	https://www.espncricinfo.com/story/wriddhiman-saha-amit-mishra-prasidh-krishna-recover-from-covid-19-1263410	wriddhiman-saha-amit-mishra-prasidh-krishna-recover-from-covid-19
1263593	https://www.espncricinfo.com/story/surrey-record-1-2-million-losses-during-covid-ruined-2020-season-1263593	surrey-record-1-2-million-losses-during-covid-ruined-2020-season
1263599	https://www.espncricinfo.com/story/cricket-west-indies-begins-covid-19-vaccinations-for-men-s-squad-1263599	cricket-west-indies-begins-covid-19-vaccinations-for-men-s-squad
1263763	https://www.espncricinfo.com/story/county-championship-2021-peter-siddle-six-for-scant-reward-as-chelmsford-diehards-brave-post-covid-ice-age-1263763	county-championship-2021-peter-siddle-six-for-scant-reward-as-chelmsford-diehards-brave-post-covid-ice-age
1263767	https://www.espncricinfo.com/story/recovering-from-covid-is-like-experiencing-an-episode-of-man-vs-wild-1263767	recovering-from-covid-is-like-experiencing-an-episode-of-man-vs-wild
1263808	https://www.espncricinfo.com/story/khaled-mahmud-former-bangladesh-captain-and-bcb-director-tests-positive-for-covid-19-1263808	khaled-mahmud-former-bangladesh-captain-and-bcb-director-tests-positive-for-covid-19
1263864	https://www.espncricinfo.com/story/ban-vs-sl-2021-two-sri-lanka-players-and-a-coach-test-positive-for-covid-19-hours-before-first-odi-1263864	ban-vs-sl-2021-two-sri-lanka-players-and-a-coach-test-positive-for-covid-19-hours-before-first-odi
1263961	https://www.espncricinfo.com/story/covid-19-west-indies-marquino-mindley-tests-positive-1263961	covid-19-west-indies-marquino-mindley-tests-positive
1263986	https://www.espncricinfo.com/story/india-covid-relief-bcci-to-contribute-2000-oxygen-concentrators-1263986	india-covid-relief-bcci-to-contribute-2000-oxygen-concentrators
1263990	https://www.espncricinfo.com/story/rachael-heyhoe-flint-trophy-2021-katie-levick-battles-suspected-long-covid-ahead-of-season-start-1263990	rachael-heyhoe-flint-trophy-2021-katie-levick-battles-suspected-long-covid-ahead-of-season-start
1264011	https://www.espncricinfo.com/story/ipl-2021-the-world-stops-a-little-bit-kkr-s-tim-seifert-recounts-covid-19-experience-in-india-1264011	ipl-2021-the-world-stops-a-little-bit-kkr-s-tim-seifert-recounts-covid-19-experience-in-india
1264030	https://www.espncricinfo.com/story/psl-2021-quetta-gladiators-anwar-ali-tests-positive-for-covid-19-1264030	psl-2021-quetta-gladiators-anwar-ali-tests-positive-for-covid-19
1264136	https://www.espncricinfo.com/story/too-much-quarantine-tipped-me-over-the-edge-tom-banton-focussed-on-having-fun-again-1264136	too-much-quarantine-tipped-me-over-the-edge-tom-banton-focussed-on-having-fun-again
1264262	https://www.espncricinfo.com/story/psl-2021-naseem-shah-invited-to-rejoin-bubble-despite-covid-19-protocol-violation-1264262	psl-2021-naseem-shah-invited-to-rejoin-bubble-despite-covid-19-protocol-violation
1264287	https://www.espncricinfo.com/story/ashwin-opens-up-on-sleepless-nights-during-ipl-2021-after-family-members-tested-positive-for-covid-19-1264287	ashwin-opens-up-on-sleepless-nights-during-ipl-2021-after-family-members-tested-positive-for-covid-19
1264509	https://www.espncricinfo.com/story/west-indies-return-to-full-training-as-players-test-negative-for-covid-19-1264509	west-indies-return-to-full-training-as-players-test-negative-for-covid-19
1265407	https://www.espncricinfo.com/story/nz-vs-england-2021-trent-boult-in-line-to-play-second-test-after-relaxed-quarantine-in-uk-1265407	nz-vs-england-2021-trent-boult-in-line-to-play-second-test-after-relaxed-quarantine-in-uk
1266080	https://www.espncricinfo.com/story/sl-vs-ind-2021-india-s-squad-to-sri-lanka-to-quarantine-in-mumbai-from-june-14-1266080	sl-vs-ind-2021-india-s-squad-to-sri-lanka-to-quarantine-in-mumbai-from-june-14
1266451	https://www.espncricinfo.com/story/ongoing-zimbabwe-a-south-africa-a-four-day-match-suspended-as-covid-19-cases-rise-1266451	ongoing-zimbabwe-a-south-africa-a-four-day-match-suspended-as-covid-19-cases-rise
1266743	https://www.espncricinfo.com/story/vitality-blast-2021-ollie-pope-to-miss-four-surrey-blast-fixtures-after-being-required-to-self-isolate-1266743	vitality-blast-2021-ollie-pope-to-miss-four-surrey-blast-fixtures-after-being-required-to-self-isolate
1266874	https://www.espncricinfo.com/story/vitality-t20-blast-2021-durham-hit-by-positive-covid-19-test-a-number-of-players-and-staff-forced-to-self-isolate-1266874	vitality-t20-blast-2021-durham-hit-by-positive-covid-19-test-a-number-of-players-and-staff-forced-to-self-isolate
1267248	https://www.espncricinfo.com/story/bcci-to-form-committee-to-compensate-india-s-senior-male-domestic-cricketers-for-covid-19-hit-season-1267248	bcci-to-form-committee-to-compensate-india-s-senior-male-domestic-cricketers-for-covid-19-hit-season
1267349	https://www.espncricinfo.com/story/cricket-covid-19-boost-for-venues-as-government-extends-crowds-pilot-scheme-for-sri-lanka-pakistan-series-1267349	cricket-covid-19-boost-for-venues-as-government-extends-crowds-pilot-scheme-for-sri-lanka-pakistan-series
1267792	https://www.espncricinfo.com/story/wi-vs-sa-t20s-mulder-replaces-covid-positive-pretorius-for-west-indies-t20is-1267792	wi-vs-sa-t20s-mulder-replaces-covid-positive-pretorius-for-west-indies-t20is
1268030	https://www.espncricinfo.com/story/t20-blast-covid-marnus-labuschagne-sidelined-glamorgan-team-mate-nick-selman-positive-1268030	t20-blast-covid-marnus-labuschagne-sidelined-glamorgan-team-mate-nick-selman-positive
1268054	https://www.espncricinfo.com/story/eng-vs-sl-2021-positive-covid-19-test-among-england-sri-lanka-match-officials-forces-changes-for-odi-series-1268054	eng-vs-sl-2021-positive-covid-19-test-among-england-sri-lanka-match-officials-forces-changes-for-odi-series
1268208	https://www.espncricinfo.com/story/former-south-africa-team-manager-goolam-rajah-dies-of-covid-19-related-complications-1268208	former-south-africa-team-manager-goolam-rajah-dies-of-covid-19-related-complications
1268217	https://www.espncricinfo.com/story/vitality-t20-blast-2021-ollie-robinson-among-eight-sussex-players-self-isolating-1268217	vitality-t20-blast-2021-ollie-robinson-among-eight-sussex-players-self-isolating
1268528	https://www.espncricinfo.com/story/ranji-trophy-returns-after-gap-year-due-to-covid-19-as-bcci-announces-2021-22-domestic-calendar-1268528	ranji-trophy-returns-after-gap-year-due-to-covid-19-as-bcci-announces-2021-22-domestic-calendar
1268632	https://www.espncricinfo.com/story/mitchell-starc-prepared-for-quarantine-hurdles-between-t20-world-cup-and-test-demands-1268632	mitchell-starc-prepared-for-quarantine-hurdles-between-t20-world-cup-and-test-demands
1268731	https://www.espncricinfo.com/story/eng-vs-pak-2021-england-odi-squad-forced-to-self-isolate-after-positive-covid-19-tests-1268731	eng-vs-pak-2021-england-odi-squad-forced-to-self-isolate-after-positive-covid-19-tests
1268766	https://www.espncricinfo.com/story/zim-vs-ban-2021-sean-williams-craig-ervine-in-self-isolation-could-miss-one-off-bangladesh-test-1268766	zim-vs-ban-2021-sean-williams-craig-ervine-in-self-isolation-could-miss-one-off-bangladesh-test
1268799	https://www.espncricinfo.com/story/eng-vs-pak-2021-ashley-giles-defends-covid-protocols-after-outbreak-causes-squad-swap-1268799	eng-vs-pak-2021-ashley-giles-defends-covid-protocols-after-outbreak-causes-squad-swap
1268821	https://www.espncricinfo.com/story/sl-vs-ind-2021-sri-lanka-face-nerve-wracking-wait-for-covid-test-results-after-returning-from-england-1268821	sl-vs-ind-2021-sri-lanka-face-nerve-wracking-wait-for-covid-test-results-after-returning-from-england
1268823	https://www.espncricinfo.com/story/marnus-labuschagne-out-of-isolation-with-2nd-xi-double-century-1268823	marnus-labuschagne-out-of-isolation-with-2nd-xi-double-century
1268936	https://www.espncricinfo.com/story/eng-vs-ind-women-2021-1st-t20i-harmanpreet-kaur-covid-19-and-groin-injury-hampered-england-tour-preparations-1268936	eng-vs-ind-women-2021-1st-t20i-harmanpreet-kaur-covid-19-and-groin-injury-hampered-england-tour-preparations
1268971	https://www.espncricinfo.com/story/sri-lanka-batting-coach-grant-flower-tests-positive-for-covid-19-after-returning-from-england-1268971	sri-lanka-batting-coach-grant-flower-tests-positive-for-covid-19-after-returning-from-england
1269121	https://www.espncricinfo.com/story/sri-lanka-team-s-data-analyst-gt-niroshan-tests-positive-for-covid-19-1269121	sri-lanka-team-s-data-analyst-gt-niroshan-tests-positive-for-covid-19
1269222	https://www.espncricinfo.com/story/sl-vs-ind-2021-player-from-alternative-sri-lanka-squad-for-india-series-tests-covid-19-positive-1269222	sl-vs-ind-2021-player-from-alternative-sri-lanka-squad-for-india-series-tests-covid-19-positive
1269309	https://www.espncricinfo.com/story/ire-vs-sa-2021-neil-rock-tests-positive-for-covid-19-1269309	ire-vs-sa-2021-neil-rock-tests-positive-for-covid-19
1269311	https://www.espncricinfo.com/story/county-championship-2021-kent-forced-to-pick-new-squad-for-sussex-fixture-following-positive-covid-test-1269311	county-championship-2021-kent-forced-to-pick-new-squad-for-sussex-fixture-following-positive-covid-test
1269320	https://www.espncricinfo.com/story/sri-lanka-allowed-to-come-out-of-isolation-as-players-return-negative-tests-1269320	sri-lanka-allowed-to-come-out-of-isolation-as-players-return-negative-tests
1269348	https://www.espncricinfo.com/story/county-championship-2021-sussex-on-top-despite-jas-singh-four-for-on-debut-for-covid-weakened-kent-1269348	county-championship-2021-sussex-on-top-despite-jas-singh-four-for-on-debut-for-covid-weakened-kent
1269398	https://www.espncricinfo.com/story/county-championship-2021-derbyshire-s-match-against-essex-abandoned-after-positive-covid-19-test-1269398	county-championship-2021-derbyshire-s-match-against-essex-abandoned-after-positive-covid-19-test
1269439	https://www.espncricinfo.com/story/county-championship-2021-nathan-gilchrist-becomes-latest-kent-player-to-self-isolate-1269439	county-championship-2021-nathan-gilchrist-becomes-latest-kent-player-to-self-isolate
1269520	https://www.espncricinfo.com/story/mushfiqur-rahim-s-break-in-doubt-due-to-australia-series-quarantine-rules-1269520	mushfiqur-rahim-s-break-in-doubt-due-to-australia-series-quarantine-rules
1269773	https://www.espncricinfo.com/story/eng-vs-ind-test-series-india-player-tests-positive-for-covid-19-1269773	eng-vs-ind-test-series-india-player-tests-positive-for-covid-19
1269799	https://www.espncricinfo.com/story/india-in-england-covid-19-after-rishabh-pant-four-india-squad-members-forced-to-quarantine-in-london-1269799	india-in-england-covid-19-after-rishabh-pant-four-india-squad-members-forced-to-quarantine-in-london
1269824	https://www.espncricinfo.com/story/england-vs-india-2021-cricket-must-learn-to-live-with-covid-or-we-will-lose-players-warns-ecb-ceo-tom-harrison-1269824	england-vs-india-2021-cricket-must-learn-to-live-with-covid-or-we-will-lose-players-warns-ecb-ceo-tom-harrison
1270077	https://www.espncricinfo.com/story/the-hundred-players-and-staff-told-to-avoid-shops-and-pubs-to-mitigate-covid-19-risks-1270077	the-hundred-players-and-staff-told-to-avoid-shops-and-pubs-to-mitigate-covid-19-risks
1270188	https://www.espncricinfo.com/story/sri-lanka-vs-india-1st-odi-2021-kuldeep-yadav-puts-tough-days-behind-him-with-positive-return-1270188	sri-lanka-vs-india-1st-odi-2021-kuldeep-yadav-puts-tough-days-behind-him-with-positive-return
1270406	https://www.espncricinfo.com/story/covid-could-threaten-cricket-australia-s-hopes-of-full-domestic-season-1270406	covid-could-threaten-cricket-australia-s-hopes-of-full-domestic-season
1270585	https://www.espncricinfo.com/story/india-in-england-2021-rishabh-pant-returns-to-india-camp-after-recovering-from-covid-19-1270585	india-in-england-2021-rishabh-pant-returns-to-india-camp-after-recovering-from-covid-19
1270622	https://www.espncricinfo.com/story/ban-vs-aus-2021-mushfiqur-rahim-out-of-australia-t20is-after-missing-quarantine-deadline-1270622	ban-vs-aus-2021-mushfiqur-rahim-out-of-australia-t20is-after-missing-quarantine-deadline
1270671	https://www.espncricinfo.com/story/west-indies-australia-odi-suspended-after-positive-covid-test-emerges-moments-before-play-1270671	west-indies-australia-odi-suspended-after-positive-covid-test-emerges-moments-before-play
1270812	https://www.espncricinfo.com/story/west-indies-australia-odi-series-to-resume-after-no-new-covid-cases-inside-bubble-1270812	west-indies-australia-odi-series-to-resume-after-no-new-covid-cases-inside-bubble
1270845	https://www.espncricinfo.com/story/covid-19-india-in-england-bharat-arun-wriddhiman-saha-abhimanyu-easwaran-rejoin-squad-1270845	covid-19-india-in-england-bharat-arun-wriddhiman-saha-abhimanyu-easwaran-rejoin-squad
1270981	https://www.espncricinfo.com/story/pak-vs-wi-2021-covid-19-eats-up-one-t20i-of-the-west-indies-pakistan-series-1270981	pak-vs-wi-2021-covid-19-eats-up-one-t20i-of-the-west-indies-pakistan-series
1271092	https://www.espncricinfo.com/story/men-s-hundred-andy-flower-tests-positive-for-covid-19-misses-trent-rockets-fixture-1271092	men-s-hundred-andy-flower-tests-positive-for-covid-19-misses-trent-rockets-fixture
1271168	https://www.espncricinfo.com/story/sl-vs-ind-2021-indian-player-tests-positive-for-covid-19-second-t20i-postponed-by-a-day-1271168	sl-vs-ind-2021-indian-player-tests-positive-for-covid-19-second-t20i-postponed-by-a-day
1271229	https://www.espncricinfo.com/story/sl-vs-ind-krunal-pandya-s-immediate-contacts-test-negative-for-covid-19-1271229	sl-vs-ind-krunal-pandya-s-immediate-contacts-test-negative-for-covid-19
1271322	https://www.espncricinfo.com/story/sl-vs-ind-2021-2nd-t20i-prithvi-shaw-suryakumar-yadav-hardik-pandya-chahal-among-india-players-in-isolation-1271322	sl-vs-ind-2021-2nd-t20i-prithvi-shaw-suryakumar-yadav-hardik-pandya-chahal-among-india-players-in-isolation
1271419	https://www.espncricinfo.com/story/bangladesh-unhappy-as-australia-covid-19-demands-force-mushfiqur-rahim-to-miss-home-t20is-1271419	bangladesh-unhappy-as-australia-covid-19-demands-force-mushfiqur-rahim-to-miss-home-t20is
1271499	https://www.espncricinfo.com/story/sl-vs-ind-3rd-t20i-indian-contingent-leaves-sri-lankan-shores-krunal-pandya-remains-in-isolation-1271499	sl-vs-ind-3rd-t20i-indian-contingent-leaves-sri-lankan-shores-krunal-pandya-remains-in-isolation
1271507	https://www.espncricinfo.com/story/sl-vs-ind-t20i-series-yuzvendra-chahal-and-k-gowtham-test-positive-for-covid-19-in-sri-lanka-1271507	sl-vs-ind-t20i-series-yuzvendra-chahal-and-k-gowtham-test-positive-for-covid-19-in-sri-lanka
1271609	https://www.espncricinfo.com/story/the-hundred-2021-shane-warne-self-isolating-after-returning-positive-covid-19-test-1271609	the-hundred-2021-shane-warne-self-isolating-after-returning-positive-covid-19-test
1271795	https://www.espncricinfo.com/story/ban-vs-aus-1st-t20i-2021-mahmudullah-very-disappointed-at-covid-19-protocols-ruling-mushfiqur-rahim-out-1271795	ban-vs-aus-1st-t20i-2021-mahmudullah-very-disappointed-at-covid-19-protocols-ruling-mushfiqur-rahim-out
1272013	https://www.espncricinfo.com/story/covid-challenge-laid-bare-for-australian-grassroots-but-female-game-stands-tall-1272013	covid-challenge-laid-bare-for-australian-grassroots-but-female-game-stands-tall
1272186	https://www.espncricinfo.com/story/aus-women-vs-ind-women-2021-rachael-haynes-wary-of-looming-quarantine-outside-nsw-ahead-of-india-home-series-1272186	aus-women-vs-ind-women-2021-rachael-haynes-wary-of-looming-quarantine-outside-nsw-ahead-of-india-home-series
1272506	https://www.espncricinfo.com/story/krunal-pandya-yuzvendra-chahal-and-k-gowtham-return-to-india-after-testing-negative-for-covid-19-in-sri-lanka-1272506	krunal-pandya-yuzvendra-chahal-and-k-gowtham-return-to-india-after-testing-negative-for-covid-19-in-sri-lanka
1272513	https://www.espncricinfo.com/story/faqs-ipl-2021-covid-19-protocols-in-the-uae-1272513	faqs-ipl-2021-covid-19-protocols-in-the-uae
1272577	https://www.espncricinfo.com/story/royal-london-cup-covid-outbreak-causes-cancellation-of-gloucestershire-visit-to-middlesex-1272577	royal-london-cup-covid-outbreak-causes-cancellation-of-gloucestershire-visit-to-middlesex
1272697	https://www.espncricinfo.com/story/superchargers-thursday-game-in-doubt-as-two-players-return-positive-lateral-flow-tests-1272697	superchargers-thursday-game-in-doubt-as-two-players-return-positive-lateral-flow-tests
1272943	https://www.espncricinfo.com/story/the-hundred-northern-superchargers-vs-manchester-originals-set-to-go-ahead-despite-two-positive-covid-19-cases-1272943	the-hundred-northern-superchargers-vs-manchester-originals-set-to-go-ahead-despite-two-positive-covid-19-cases
1273576	https://www.espncricinfo.com/story/kusal-perera-of-sri-lanka-tests-positive-for-covid-19-ahead-of-south-africa-series-1273576	kusal-perera-of-sri-lanka-tests-positive-for-covid-19-ahead-of-south-africa-series
1274472	https://www.espncricinfo.com/story/cpl-2021-carlos-brathwaite-isolating-after-covid-19-case-on-flight-from-uk-1274472	cpl-2021-carlos-brathwaite-isolating-after-covid-19-case-on-flight-from-uk
1274518	https://www.espncricinfo.com/story/nz-in-ban-finn-allen-tests-positive-for-covid-19-in-dhaka-1274518	nz-in-ban-finn-allen-tests-positive-for-covid-19-in-dhaka
1274635	https://www.espncricinfo.com/story/women-s-t20-world-cup-2023-lack-of-covid-19-documents-force-turkey-to-pull-out-of-europe-qualifiers-1274635	women-s-t20-world-cup-2023-lack-of-covid-19-documents-force-turkey-to-pull-out-of-europe-qualifiers
1274673	https://www.espncricinfo.com/story/wi-vs-pak-2021-misbah-ul-haq-tests-positive-for-covid-19-to-complete-quarantine-in-jamaica-1274673	wi-vs-pak-2021-misbah-ul-haq-tests-positive-for-covid-19-to-complete-quarantine-in-jamaica
1275211	https://www.espncricinfo.com/story/county-championship-2021-surrey-s-trip-to-durham-off-because-of-covid-19-positive-1275211	county-championship-2021-surrey-s-trip-to-durham-off-because-of-covid-19-positive
1275281	https://www.espncricinfo.com/story/india-women-in-australia-covid-19-start-delayed-by-two-days-and-all-games-to-be-played-in-queensland-1275281	india-women-in-australia-covid-19-start-delayed-by-two-days-and-all-games-to-be-played-in-queensland
1275354	https://www.espncricinfo.com/story/india-women-in-australia-2021-hard-quarantine-set-to-challenge-preparation-for-india-and-australia-1275354	india-women-in-australia-2021-hard-quarantine-set-to-challenge-preparation-for-india-and-australia
1275384	https://www.espncricinfo.com/story/south-africa-tour-of-sri-lanka-2021-kusal-perera-back-in-limited-overs-squads-after-recovering-from-covid-19-1275384	south-africa-tour-of-sri-lanka-2021-kusal-perera-back-in-limited-overs-squads-after-recovering-from-covid-19
1275486	https://www.espncricinfo.com/story/ban-vs-nz-t20is-2021-mahmudullah-happy-with-positive-competition-within-bangladesh-squad-1275486	ban-vs-nz-t20is-2021-mahmudullah-happy-with-positive-competition-within-bangladesh-squad
1275827	https://www.espncricinfo.com/story/finn-allen-back-in-new-zealand-bio-bubble-after-returning-two-negative-covid-19-tests-1275827	finn-allen-back-in-new-zealand-bio-bubble-after-returning-two-negative-covid-19-tests
1275993	https://www.espncricinfo.com/story/usman-khawaja-on-australia-cricket-s-covid-challenge-this-season-might-be-even-more-fluid-than-last-1275993	usman-khawaja-on-australia-cricket-s-covid-challenge-this-season-might-be-even-more-fluid-than-last
1276018	https://www.espncricinfo.com/story/mitchell-starc-joins-alyssa-healy-in-brisbane-quarantine-amid-covid-schedule-challenges-1276018	mitchell-starc-joins-alyssa-healy-in-brisbane-quarantine-amid-covid-schedule-challenges
1276305	https://www.espncricinfo.com/story/ravi-shastri-returns-positive-lateral-flow-test-for-covid-19-eng-vs-ind-4th-test-the-oval-1276305	ravi-shastri-returns-positive-lateral-flow-test-for-covid-19-eng-vs-ind-4th-test-the-oval
1276511	https://www.espncricinfo.com/story/covid-19-ravi-shastri-bharat-arun-and-r-sridhar-test-positive-not-to-travel-to-manchester-eng-vs-ind-test-series-1276511	covid-19-ravi-shastri-bharat-arun-and-r-sridhar-test-positive-not-to-travel-to-manchester-eng-vs-ind-test-series
1276549	https://www.espncricinfo.com/story/former-south-africa-allrounder-john-watkins-dies-aged-98-ten-days-after-contracting-covid-19-1276549	former-south-africa-allrounder-john-watkins-dies-aged-98-ten-days-after-contracting-covid-19
1276808	https://www.espncricinfo.com/story/https%3A%2F%2Fwww.espncricinfo.com%2Fstory%2Fmarsh-cup-sheffield-shield-wncl-2021-22-australia-s-domestic-season-start-delayed-by-covid-19-challenges-1276808	https%3A%2F%2Fwww.espncricinfo.com%2Fstory%2Fmarsh-cup-sheffield-shield-wncl-2021-22-australia-s-domestic-season-start-delayed-by-covid-19-challenges
1276999	https://www.espncricinfo.com/story/eng-vs-ind-5th-test-old-trafford-one-more-member-of-india-s-support-staff-tests-positive-for-covid-19-1276999	eng-vs-ind-5th-test-old-trafford-one-more-member-of-india-s-support-staff-tests-positive-for-covid-19
1277022	https://www.espncricinfo.com/story/eng-vs-ind-5th-test-old-trafford-india-chase-history-and-england-look-to-avoid-ignominy-in-shadow-of-covid-19-1277022	eng-vs-ind-5th-test-old-trafford-india-chase-history-and-england-look-to-avoid-ignominy-in-shadow-of-covid-19
1277053	https://www.espncricinfo.com/story/https%3A%2F%2Fwww.espncricinfo.com%2Fstory%2Fpakistan-vs-new-zealand-2021-mohammad-nawaz-tests-positive-for-covid-19-ahead-of-new-zealand-series-1277053	https%3A%2F%2Fwww.espncricinfo.com%2Fstory%2Fpakistan-vs-new-zealand-2021-mohammad-nawaz-tests-positive-for-covid-19-ahead-of-new-zealand-series
1277173	https://www.espncricinfo.com/story/eng-vs-ind-5th-test-manchester-test-postponed-indefinitely-over-covid-19-fears-1277173	eng-vs-ind-5th-test-manchester-test-postponed-indefinitely-over-covid-19-fears
1277177	https://www.espncricinfo.com/story/live-blog-eng-vs-ind-2021-manchester-test-to-be-rescheduled-following-india-s-covid-19-issues-1277177	live-blog-eng-vs-ind-2021-manchester-test-to-be-rescheduled-following-india-s-covid-19-issues
1277212	https://www.espncricinfo.com/story/in-case-you-missed-it-covid-chaos-and-condemnation-1277212	in-case-you-missed-it-covid-chaos-and-condemnation
1277728	https://www.espncricinfo.com/story/sourav-ganguly-of-bcci-on-manchester-test-players-refused-to-play-but-you-cant-blame-them-eng-vs-ind-covid-19-1277728	sourav-ganguly-of-bcci-on-manchester-test-players-refused-to-play-but-you-cant-blame-them-eng-vs-ind-covid-19
1278092	https://www.espncricinfo.com/story/first-20-wbbl-matches-moved-to-tasmania-amid-covid-disruption-1278092	first-20-wbbl-matches-moved-to-tasmania-amid-covid-disruption
1278110	https://www.espncricinfo.com/story/https%3A%2F%2Fwww.espncricinfo.com%2Fstory%2Fcovid-19-rules-nz-quarantine-facilities-in-place-for-bangladesh-netherlands-south-africa-to-tour-in-2021-22-but-no-india-1278110	https%3A%2F%2Fwww.espncricinfo.com%2Fstory%2Fcovid-19-rules-nz-quarantine-facilities-in-place-for-bangladesh-netherlands-south-africa-to-tour-in-2021-22-but-no-india
1278127	https://www.espncricinfo.com/story/shardul-thakur-on-covid-19-outbreak-in-india-bubble-there-was-fear-that-it-could-happen-to-me-or-to-anyone-1278127	shardul-thakur-on-covid-19-outbreak-in-india-bubble-there-was-fear-that-it-could-happen-to-me-or-to-anyone
1278630	https://www.espncricinfo.com/story/bcci-announces-pay-hikes-for-domestic-cricketers-and-compensation-for-covid-19-affected-2019-20-season-1278630	bcci-announces-pay-hikes-for-domestic-cricketers-and-compensation-for-covid-19-affected-2019-20-season
1279004	https://www.espncricinfo.com/story/ipl-2021-dc-vs-srh-t-natarajan-of-sunrisers-hyderabad-tests-positive-for-covid-19-1279004	ipl-2021-dc-vs-srh-t-natarajan-of-sunrisers-hyderabad-tests-positive-for-covid-19
1279326	https://www.espncricinfo.com/story/ipl-2021-srh-sunrisers-hyderabad-sign-umran-malik-as-covid-19-replacement-for-t-natarajan-1279326	ipl-2021-srh-sunrisers-hyderabad-sign-umran-malik-as-covid-19-replacement-for-t-natarajan
1280093	https://www.espncricinfo.com/story/sheffield-shield-2021-22-sheffield-shield-clash-postponed-due-to-covid-19-cases-in-queensland-1280093	sheffield-shield-2021-22-sheffield-shield-clash-postponed-due-to-covid-19-cases-in-queensland
1280823	https://www.espncricinfo.com/story/sheffield-shield-victoria-and-new-south-wales-prepare-to-quarantine-to-get-their-season-going-1280823	sheffield-shield-victoria-and-new-south-wales-prepare-to-quarantine-to-get-their-season-going
1281723	https://www.espncricinfo.com/story/pakistan-domestic-four-balochistan-players-test-positive-for-covid-19-pcb-tweaks-national-t20-cup-schedule-1281723	pakistan-domestic-four-balochistan-players-test-positive-for-covid-19-pcb-tweaks-national-t20-cup-schedule
1281856	https://www.espncricinfo.com/story/covid-19-faqs-at-the-t20-world-cup-10-day-isolation-for-positive-tests-fans-to-wear-masks-1281856	covid-19-faqs-at-the-t20-world-cup-10-day-isolation-for-positive-tests-fans-to-wear-masks
1284505	https://www.espncricinfo.com/story/zim-vs-ban-womens-odis-fans-to-return-to-the-stadium-in-zimbabwe-for-the-first-time-since-covid-19-outbreak-1284505	zim-vs-ban-womens-odis-fans-to-return-to-the-stadium-in-zimbabwe-for-the-first-time-since-covid-19-outbreak
1284783	https://www.espncricinfo.com/story/ind-vs-pak-mens-t20-world-cup-2021-virat-kohli-warns-against-player-burnout-post-covid-19-1284783	ind-vs-pak-mens-t20-world-cup-2021-virat-kohli-warns-against-player-burnout-post-covid-19
1285636	https://www.espncricinfo.com/story/syed-mushtaq-ali-trophy-2021-sarfaraz-khan-shams-mulani-among-four-mumbai-players-to-test-covid-19-positive-1285636	syed-mushtaq-ali-trophy-2021-sarfaraz-khan-shams-mulani-among-four-mumbai-players-to-test-covid-19-positive
1286790	https://www.espncricinfo.com/story/t20-world-cup-covid-19-breach-umpire-michael-gough-serves-six-day-suspension-might-return-on-november-4-1286790	t20-world-cup-covid-19-breach-umpire-michael-gough-serves-six-day-suspension-might-return-on-november-4
1287385	https://www.espncricinfo.com/story/six-pakistan-women-players-test-positive-for-covid-19-but-likely-to-be-ready-for-west-indies-odis-1287385	six-pakistan-women-players-test-positive-for-covid-19-but-likely-to-be-ready-for-west-indies-odis
1287684	https://www.espncricinfo.com/story/the-ashes-2021-22-graham-thorpe-to-head-up-england-quarantine-training-in-australia-1287684	the-ashes-2021-22-graham-thorpe-to-head-up-england-quarantine-training-in-australia
1288437	https://www.espncricinfo.com/story/covid-19-cases-in-papua-new-guinea-camp-forces-team-to-withdraw-from-women-s-world-cup-qualifiers-1288437	covid-19-cases-in-papua-new-guinea-camp-forces-team-to-withdraw-from-women-s-world-cup-qualifiers
1289785	https://www.espncricinfo.com/story/https%3A%2F%2Fwww.espncricinfo.com%2Fstory%2Fnz-withdraw-from-2022-u-19-world-cup-due-to-quarantine-restrictions-for-minors-on-returning-home-1289785	https%3A%2F%2Fwww.espncricinfo.com%2Fstory%2Fnz-withdraw-from-2022-u-19-world-cup-due-to-quarantine-restrictions-for-minors-on-returning-home
1290044	https://www.espncricinfo.com/story/mickey-arthur-grant-flower-in-isolation-after-sl-fielding-coach-mcdermott-tests-covid-19-positive-before-wi-tests-1290044	mickey-arthur-grant-flower-in-isolation-after-sl-fielding-coach-mcdermott-tests-covid-19-positive-before-wi-tests
1290061	https://www.espncricinfo.com/story/will-sutherland-tests-positive-for-covid-19-but-sheffield-shield-will-start-saturday-1290061	will-sutherland-tests-positive-for-covid-19-but-sheffield-shield-will-start-saturday
1290389	https://www.espncricinfo.com/story/women-s-world-cup-qualifier-three-sri-lanka-players-test-positive-for-covid-19-1290389	women-s-world-cup-qualifier-three-sri-lanka-players-test-positive-for-covid-19
1290797	https://www.espncricinfo.com/story/sa-vs-net-odi-series-lungi-ngidi-to-miss-series-against-netherlands-after-testing-positive-for-covid-19-1290797	sa-vs-net-odi-series-lungi-ngidi-to-miss-series-against-netherlands-after-testing-positive-for-covid-19
1291088	https://www.espncricinfo.com/story/new-covid-19-variant-cuts-short-netherlands-tour-of-south-africa-could-impact-more-series-1291088	new-covid-19-variant-cuts-short-netherlands-tour-of-south-africa-could-impact-more-series
1291288	https://www.espncricinfo.com/story/sri-lanka-west-indies-womens-world-cup-qualifier-match-called-off-covid-19-fears-likely-reason-1291288	sri-lanka-west-indies-womens-world-cup-qualifier-match-called-off-covid-19-fears-likely-reason
1291300	https://www.espncricinfo.com/story/https%3A%2F%2Fwww.espncricinfo.com%2Fstory%2Fwomens-world-cup-qualifier-2021-22-in-zimbabwe-called-off-following-concerns-over-new-covid-19-variant-1291300	https%3A%2F%2Fwww.espncricinfo.com%2Fstory%2Fwomens-world-cup-qualifier-2021-22-in-zimbabwe-called-off-following-concerns-over-new-covid-19-variant
1291302	https://www.espncricinfo.com/story/south-africa-vs-netherlands-2021-new-covid-19-variant-forces-postponement-of-last-two-odis-1291302	south-africa-vs-netherlands-2021-new-covid-19-variant-forces-postponement-of-last-two-odis
1291318	https://www.espncricinfo.com/story/india-tour-of-south-africa-bcci-awaits-government-permission-amid-fears-of-new-covid-19-variant-1291318	india-tour-of-south-africa-bcci-awaits-government-permission-amid-fears-of-new-covid-19-variant
1291436	https://www.espncricinfo.com/story/pakistan-bowling-consultant-vernon-philander-to-leave-bangladesh-because-of-changed-covid-19-situation-in-south-africa-1291436	pakistan-bowling-consultant-vernon-philander-to-leave-bangladesh-because-of-changed-covid-19-situation-in-south-africa
1291458	https://www.espncricinfo.com/story/england-wary-as-new-covid-variant-raises-prospect-of-tighter-travel-rules-1291458	england-wary-as-new-covid-variant-raises-prospect-of-tighter-travel-rules
1291472	https://www.espncricinfo.com/story/six-sri-lankan-women-cricketers-test-positive-for-covid-19-1291472	six-sri-lankan-women-cricketers-test-positive-for-covid-19
1291961	https://www.espncricinfo.com/story/https%3A%2F%2Fwww.espncricinfo.com%2Fstory%2Fcsa-postpones-round-four-of-division-2-four-day-matches-after-covid-19-cases-emerge-1291961	https%3A%2F%2Fwww.espncricinfo.com%2Fstory%2Fcsa-postpones-round-four-of-division-2-four-day-matches-after-covid-19-cases-emerge
1292571	https://www.espncricinfo.com/story/two-members-of-bangladesh-women-squad-test-positive-for-covid-19-1292571	two-members-of-bangladesh-women-squad-test-positive-for-covid-19
1292844	https://www.espncricinfo.com/story/ashes-2021-22-1st-test-england-have-no-choice-but-to-cling-to-the-positives-1292844	ashes-2021-22-1st-test-england-have-no-choice-but-to-cling-to-the-positives
1292947	https://www.espncricinfo.com/story/icc-world-cup-qualifier-west-indies-women-relieved-to-return-home-after-11-day-oman-quarantine-ends-1292947	icc-world-cup-qualifier-west-indies-women-relieved-to-return-home-after-11-day-oman-quarantine-ends
1293157	https://www.espncricinfo.com/story/west-indies-tour-of-pakistan-2021-22-sheldon-cottrell-roston-chase-kyle-mayers-test-positive-for-covid-19-1293157	west-indies-tour-of-pakistan-2021-22-sheldon-cottrell-roston-chase-kyle-mayers-test-positive-for-covid-19
1293175	https://www.espncricinfo.com/story/international-cricket-returns-to-pakistan-amid-covid-19-scare-in-wi-camp-1293175	international-cricket-returns-to-pakistan-amid-covid-19-scare-in-wi-camp
1293229	https://www.espncricinfo.com/story/bangladesh-women-players-who-tested-covid-19-positive-have-omicron-variant-says-health-minister-1293229	bangladesh-women-players-who-tested-covid-19-positive-have-omicron-variant-says-health-minister
1293428	https://www.espncricinfo.com/story/bbl-2021-22-scorchers-hurricanes-clash-set-to-be-moved-to-tasmania-due-to-covid-border-issues-1293428	bbl-2021-22-scorchers-hurricanes-clash-set-to-be-moved-to-tasmania-due-to-covid-border-issues
1293470	https://www.espncricinfo.com/story/ashes-2021-22-pat-cummins-caught-in-covid-scare-just-hours-from-the-adelaide-test-1293470	ashes-2021-22-pat-cummins-caught-in-covid-scare-just-hours-from-the-adelaide-test
1293474	https://www.espncricinfo.com/story/west-indies-in-pakistan-2021-22-tour-in-doubt-as-shai-hope-akeal-hosein-justin-greaves-test-covid-19-positive-1293474	west-indies-in-pakistan-2021-22-tour-in-doubt-as-shai-hope-akeal-hosein-justin-greaves-test-covid-19-positive
1293500	https://www.espncricinfo.com/story/aus-v-eng-2nd-ashes-test-the-covid-twist-to-steven-smith-s-captaincy-return-1293500	aus-v-eng-2nd-ashes-test-the-covid-twist-to-steven-smith-s-captaincy-return
1293601	https://www.espncricinfo.com/story/bangladesh-tour-of-new-zealand-bangladesh-spin-coach-rangana-herath-tests-positive-for-covid-19-1293601	bangladesh-tour-of-new-zealand-bangladesh-spin-coach-rangana-herath-tests-positive-for-covid-19
1293613	https://www.espncricinfo.com/story/in-case-you-missed-it-covid-challenges-and-captaincy-changes-1293613	in-case-you-missed-it-covid-challenges-and-captaincy-changes
1293673	https://www.espncricinfo.com/story/https%3A%2F%2Fwww.espncricinfo.com%2Fstory%2Ffour-ireland-players-assistant-coach-test-covid-19-positive-ahead-of-usa-caribbean-tours-1293673	https%3A%2F%2Fwww.espncricinfo.com%2Fstory%2Ffour-ireland-players-assistant-coach-test-covid-19-positive-ahead-of-usa-caribbean-tours
1293722	https://www.espncricinfo.com/story/bangladesh-tour-of-new-zealand-extended-quarantine-hampers-bangladeshs-prep-for-new-zealand-tour-1293722	bangladesh-tour-of-new-zealand-extended-quarantine-hampers-bangladeshs-prep-for-new-zealand-tour
1293922	https://www.espncricinfo.com/story/mzansi-super-league-2021-cancelled-amid-covid-19-concerns-1293922	mzansi-super-league-2021-cancelled-amid-covid-19-concerns
1294023	https://www.espncricinfo.com/story/united-states-of-america-v-ireland-steven-taylor-aaron-jones-among-four-covid-19-positive-cases-in-usa-camp-1294023	united-states-of-america-v-ireland-steven-taylor-aaron-jones-among-four-covid-19-positive-cases-in-usa-camp
1294037	https://www.espncricinfo.com/story/usa-vs-ireland-youth-to-the-fore-as-historic-series-soldiers-on-in-spite-of-covid-complications-1294037	usa-vs-ireland-youth-to-the-fore-as-historic-series-soldiers-on-in-spite-of-covid-complications
1294322	https://www.espncricinfo.com/story/https%3A%2F%2Fwww.espncricinfo.com%2Fstory%2Ffirst-usa-vs-ireland-odi-cancelled-after-match-official-tests-positive-for-covid-19-1294322	https%3A%2F%2Fwww.espncricinfo.com%2Fstory%2Ffirst-usa-vs-ireland-odi-cancelled-after-match-official-tests-positive-for-covid-19
1294484	https://www.espncricinfo.com/story/ashes-2021-22-test-match-continues-despite-four-covid-cases-emerging-in-england-touring-party-1294484	ashes-2021-22-test-match-continues-despite-four-covid-cases-emerging-in-england-touring-party
1294498	https://www.espncricinfo.com/story/ashes-2021-22-test-match-continues-despite-four-covid-cases-emerging-in-england-touring-party-1294498	ashes-2021-22-test-match-continues-despite-four-covid-cases-emerging-in-england-touring-party
1294528	https://www.espncricinfo.com/story/sa-vs-ind-2021-22-1st-test-covid-19-after-effects-forced-duanne-olivier-to-sit-out-centurion-test-against-india-1294528	sa-vs-ind-2021-22-1st-test-covid-19-after-effects-forced-duanne-olivier-to-sit-out-centurion-test-against-india
1294535	https://www.espncricinfo.com/story/2021-in-cricket-sambit-bal-what-we-have-learnt-from-cricket-second-covid-year-1294535	2021-in-cricket-sambit-bal-what-we-have-learnt-from-cricket-second-covid-year
1294575	https://www.espncricinfo.com/story/https%3A%2F%2Fwww.espncricinfo.com%2Fstory%2Fashes-2021-22-australia-and-england-players-test-negative-to-covid-19-1294575	https%3A%2F%2Fwww.espncricinfo.com%2Fstory%2Fashes-2021-22-australia-and-england-players-test-negative-to-covid-19
1294597	https://www.espncricinfo.com/story/bcci-president-sourav-ganguly-tests-positive-for-covid-19-admitted-to-kolkata-hospital-1294597	bcci-president-sourav-ganguly-tests-positive-for-covid-19-admitted-to-kolkata-hospital
1294613	https://www.espncricinfo.com/story/usa-vs-ire-2021-usa-ireland-odi-series-pushed-back-again-by-a-day-due-to-multiple-covid-19-cases-1294613	usa-vs-ire-2021-usa-ireland-odi-series-pushed-back-again-by-a-day-due-to-multiple-covid-19-cases
1294640	https://www.espncricinfo.com/story/bangladesh-vs-sri-lanka-asia-cup-under-19-match-called-off-for-covid-19-reasons-1294640	bangladesh-vs-sri-lanka-asia-cup-under-19-match-called-off-for-covid-19-reasons
1294687	https://www.espncricinfo.com/story/usa-ireland-odi-series-cancelled-due-to-covid-19-outbreak-1294687	usa-ireland-odi-series-cancelled-due-to-covid-19-outbreak
1294797	https://www.espncricinfo.com/story/the-ups-and-downs-of-a-usa-cricket-fan-in-a-covid-struck-world-1294797	the-ups-and-downs-of-a-usa-cricket-fan-in-a-covid-struck-world
1294815	https://www.espncricinfo.com/story/ashes-2021-22-chris-silverwood-to-miss-sydney-test-due-to-covid-19-close-contact-1294815	ashes-2021-22-chris-silverwood-to-miss-sydney-test-due-to-covid-19-close-contact
1294825	https://www.espncricinfo.com/story/ashes-2021-4th-test-david-boon-to-miss-mcg-test-after-positive-covid-19-result-1294825	ashes-2021-4th-test-david-boon-to-miss-mcg-test-after-positive-covid-19-result
1294826	https://www.espncricinfo.com/story/bbl-2021-22-melbourne-stars-vs-perth-scorchers-postponed-due-to-a-covid-19-case-in-stars-camp-1294826	bbl-2021-22-melbourne-stars-vs-perth-scorchers-postponed-due-to-a-covid-19-case-in-stars-camp
1294884	https://www.espncricinfo.com/story/bcci-postpones-under-16-vijay-merchant-trophy-amid-covid-19-concerns-1294884	bcci-postpones-under-16-vijay-merchant-trophy-amid-covid-19-concerns
1294892	https://www.espncricinfo.com/story/https%3A%2F%2Fwww.espncricinfo.com%2Fstory%2Fire-vs-wi-2021-ireland-s-paul-stirling-shane-getkate-test-positive-for-covid-19-1294892	https%3A%2F%2Fwww.espncricinfo.com%2Fstory%2Fire-vs-wi-2021-ireland-s-paul-stirling-shane-getkate-test-positive-for-covid-19
1294893	https://www.espncricinfo.com/story/ashes-2021-22-travis-head-tests-positive-for-covid-19-as-australia-scramble-for-replacements-1294893	ashes-2021-22-travis-head-tests-positive-for-covid-19-as-australia-scramble-for-replacements
1294895	https://www.espncricinfo.com/story/bbl-2021-22-sydney-thunder-and-melbourne-stars-report-multiple-covid-cases-1294895	bbl-2021-22-sydney-thunder-and-melbourne-stars-report-multiple-covid-cases
1295044	https://www.espncricinfo.com/story/bbl-2021-22-melbourne-stars-vs-perth-scorchers-clash-to-go-ahead-despite-more-covid-19-cases-1295044	bbl-2021-22-melbourne-stars-vs-perth-scorchers-clash-to-go-ahead-despite-more-covid-19-cases
1295102	https://www.espncricinfo.com/story/australia-vs-england-4th-ashes-test-isolating-england-coach-chris-silverwood-now-found-to-be-covid-positive-1295102	australia-vs-england-4th-ashes-test-isolating-england-coach-chris-silverwood-now-found-to-be-covid-positive
1295156	https://www.espncricinfo.com/story/https%3A%2F%2Fwww.espncricinfo.com%2Fstory%2Fbcci-disburses-longstanding-covid-compensation-for-domestic-players-1295156	https%3A%2F%2Fwww.espncricinfo.com%2Fstory%2Fbcci-disburses-longstanding-covid-compensation-for-domestic-players
1295177	https://www.espncricinfo.com/story/https%3A%2F%2Fwww.espncricinfo.com%2Fstory%2Fcovid-19-six-bengal-players-and-teams-assistant-coach-test-positive-ahead-of-ranji-trophy-2021-22-1295177	https%3A%2F%2Fwww.espncricinfo.com%2Fstory%2Fcovid-19-six-bengal-players-and-teams-assistant-coach-test-positive-ahead-of-ranji-trophy-2021-22
1295216	https://www.espncricinfo.com/story/bbl-2021-22-stock-taking-how-the-teams-are-grappling-with-covid-19-and-departure-of-key-players-1295216	bbl-2021-22-stock-taking-how-the-teams-are-grappling-with-covid-19-and-departure-of-key-players
1295298	https://www.espncricinfo.com/story/under-19-world-cup-2022-four-zimbabwe-u-19-players-test-positive-for-covid-19-1295298	under-19-world-cup-2022-four-zimbabwe-u-19-players-test-positive-for-covid-19
1295327	https://www.espncricinfo.com/story/https%3A%2F%2Fwww.espncricinfo.com%2Fstory%2Fbbl-2021-22-cartwright-opens-up-on-mental-impact-of-bbl-covid-19-outbreak-1295327	https%3A%2F%2Fwww.espncricinfo.com%2Fstory%2Fbbl-2021-22-cartwright-opens-up-on-mental-impact-of-bbl-covid-19-outbreak
1295347	https://www.espncricinfo.com/story/bbl-2021-22-brisbane-heat-hit-by-covid-19-cases-forcing-bbl-into-last-minute-fixture-change-1295347	bbl-2021-22-brisbane-heat-hit-by-covid-19-cases-forcing-bbl-into-last-minute-fixture-change
1295355	https://www.espncricinfo.com/story/aus-vs-eng-4th-ashes-test-covid-19-a-distraction-says-thorpe-cummins-agrees-its-been-really-tough-for-england-1295355	aus-vs-eng-4th-ashes-test-covid-19-a-distraction-says-thorpe-cummins-agrees-its-been-really-tough-for-england
1295368	https://www.espncricinfo.com/story/five-covid-19-positive-players-in-bengal-squad-for-ranji-trophy-opener-1295368	five-covid-19-positive-players-in-bengal-squad-for-ranji-trophy-opener
1295426	https://www.espncricinfo.com/story/https%3A%2F%2Fwww.espncricinfo.com%2Fstory%2Fbcci-postpones-ranji-trophy-ck-nayudu-trophy-women-s-t20-league-2021-22-due-to-rising-covid-19-cases-1295426	https%3A%2F%2Fwww.espncricinfo.com%2Fstory%2Fbcci-postpones-ranji-trophy-ck-nayudu-trophy-women-s-t20-league-2021-22-due-to-rising-covid-19-cases
1295465	https://www.espncricinfo.com/story/bbl-2020-21-more-covid-chaos-hits-bbl-with-brisbane-heat-game-postponed-1295465	bbl-2020-21-more-covid-chaos-hits-bbl-with-brisbane-heat-game-postponed
1295623	https://www.espncricinfo.com/story/women-s-ashes-2021-22-schedule-adjusted-to-allow-for-world-cup-quarantine-1295623	women-s-ashes-2021-22-schedule-adjusted-to-allow-for-world-cup-quarantine
1295655	https://www.espncricinfo.com/story/https%3A%2F%2Fwww.espncricinfo.com%2Fstory%2Fcovid-hit-brisbane-heat-go-far-and-wide-to-build-new-bbl-team-1295655	https%3A%2F%2Fwww.espncricinfo.com%2Fstory%2Fcovid-hit-brisbane-heat-go-far-and-wide-to-build-new-bbl-team
1295734	https://www.espncricinfo.com/story/https%3A%2F%2Fwww.espncricinfo.com%2Fstory%2Fpakistan-s-abdul-bangalzai-to-miss-u-19-world-cup-after-testing-positive-for-covid-19-1295734	https%3A%2F%2Fwww.espncricinfo.com%2Fstory%2Fpakistan-s-abdul-bangalzai-to-miss-u-19-world-cup-after-testing-positive-for-covid-19
1295772	https://www.espncricinfo.com/story/https%3A%2F%2Fwww.espncricinfo.com%2Fstory%2Fwomen-s-ashes-walks-covid-tightrope-ahead-of-world-cup-1295772	https%3A%2F%2Fwww.espncricinfo.com%2Fstory%2Fwomen-s-ashes-walks-covid-tightrope-ahead-of-world-cup
1295910	https://www.espncricinfo.com/story/https%3A%2F%2Fwww.espncricinfo.com%2Fstory%2Fpakistan-women-coach-hemp-tests-positive-for-covid-19-1295910	https%3A%2F%2Fwww.espncricinfo.com%2Fstory%2Fpakistan-women-coach-hemp-tests-positive-for-covid-19
1295919	https://www.espncricinfo.com/story/west-indies-vs-ireland-1st-odi-andy-balbirnie-playing-with-covid-more-challenging-off-the-pitch-than-on-it-1295919	west-indies-vs-ireland-1st-odi-andy-balbirnie-playing-with-covid-more-challenging-off-the-pitch-than-on-it
1295946	https://www.espncricinfo.com/story/bbl-2021-2022-bbl-relocates-into-victorian-hub-for-remainder-of-competition-to-contain-covid-outbreak-1295946	bbl-2021-2022-bbl-relocates-into-victorian-hub-for-remainder-of-competition-to-contain-covid-outbreak
1296039	https://www.espncricinfo.com/story/avishka-fernando-tests-covid-19-positive-before-sri-lanka-odi-series-against-zimbabwe-1296039	avishka-fernando-tests-covid-19-positive-before-sri-lanka-odi-series-against-zimbabwe
1296076	https://www.espncricinfo.com/story/adam-zampa-bbl-derby-taken-the-piss-out-of-by-weakened-squad-amid-covid-outbreak-1296076	adam-zampa-bbl-derby-taken-the-piss-out-of-by-weakened-squad-amid-covid-outbreak
1296177	https://www.espncricinfo.com/story/wi-vs-ire-2022-paul-stirling-shane-getkate-to-join-with-ireland-squad-after-testing-negative-for-covid-19-1296177	wi-vs-ire-2022-paul-stirling-shane-getkate-to-join-with-ireland-squad-after-testing-negative-for-covid-19
1296197	https://www.espncricinfo.com/story/https%3A%2F%2Fwww.espncricinfo.com%2Fstory%2Fbbl-introduce-replacement-player-pool-to-fill-covid-gaps-1296197	https%3A%2F%2Fwww.espncricinfo.com%2Fstory%2Fbbl-introduce-replacement-player-pool-to-fill-covid-gaps
1296291	https://www.espncricinfo.com/story/bcci-postpones-under-19-cooch-behar-trophy-following-positive-covid-19-cases-within-the-team-environment-1296291	bcci-postpones-under-19-cooch-behar-trophy-following-positive-covid-19-cases-within-the-team-environment
1296307	https://www.espncricinfo.com/story/zimbabwe-coach-lalchand-rajput-tests-positive-for-covid-19-ahead-of-sri-lanka-series-1296307	zimbabwe-coach-lalchand-rajput-tests-positive-for-covid-19-ahead-of-sri-lanka-series
1296396	https://www.espncricinfo.com/story/sa-vs-ind-odi-series-washington-sundar-a-doubt-for-south-africa-odis-after-testing-positive-for-covid-19-1296396	sa-vs-ind-odi-series-washington-sundar-a-doubt-for-south-africa-odis-after-testing-positive-for-covid-19
1296489	https://www.espncricinfo.com/story/https%3A%2F%2Fwww.espncricinfo.com%2Fstory%2Fwomens-ashes-2021-22-australia-prepared-for-bubble-life-amid-covid-nervousness-1296489	https%3A%2F%2Fwww.espncricinfo.com%2Fstory%2Fwomens-ashes-2021-22-australia-prepared-for-bubble-life-amid-covid-nervousness
1296652	https://www.espncricinfo.com/story/paul-stirling-fears-players-will-pull-out-of-tours-as-financial-reasons-dictate-covid-rules-1296652	paul-stirling-fears-players-will-pull-out-of-tours-as-financial-reasons-dictate-covid-rules
1296764	https://www.espncricinfo.com/story/https%3A%2F%2Fwww.espncricinfo.com%2Fstory%2Fpat-cummins-pakistan-tour-all-looking-really-positive-1296764	https%3A%2F%2Fwww.espncricinfo.com%2Fstory%2Fpat-cummins-pakistan-tour-all-looking-really-positive
1296957	https://www.espncricinfo.com/story/womens-ashes-2021-22-covid-19-positive-hits-england-party-ahead-of-womens-ashes-start-1296957	womens-ashes-2021-22-covid-19-positive-hits-england-party-ahead-of-womens-ashes-start
1297102	https://www.espncricinfo.com/story/men-ashes-2021-22-england-positives-negated-by-latest-bout-of-brittle-batting-1297102	men-ashes-2021-22-england-positives-negated-by-latest-bout-of-brittle-batting
1297592	https://www.espncricinfo.com/story/under-19-world-cup-captain-yash-dhull-and-five-others-test-positive-for-covid-19-and-miss-india-match-against-ireland-1297592	under-19-world-cup-captain-yash-dhull-and-five-others-test-positive-for-covid-19-and-miss-india-match-against-ireland
1297603	https://www.espncricinfo.com/story/under-19-world-cup-2022-harnoor-and-raghuvanshi-fifties-guide-covid-hit-india-to-quarter-finals-1297603	under-19-world-cup-2022-harnoor-and-raghuvanshi-fifties-guide-covid-hit-india-to-quarter-finals
1298044	https://www.espncricinfo.com/story/https%3A%2F%2Fwww.espncricinfo.com%2Fstory%2Fcovid-hit-india-u-19s-concerns-at-world-cup-depleted-squad-travel-worries-ahead-of-knockouts-1298044	https%3A%2F%2Fwww.espncricinfo.com%2Fstory%2Fcovid-hit-india-u-19s-concerns-at-world-cup-depleted-squad-travel-worries-ahead-of-knockouts
1298127	https://www.espncricinfo.com/story/smooth-bpl-2022-despite-covid-cloud-will-mean-big-gains-for-bangladesh-cricket-1298127	smooth-bpl-2022-despite-covid-cloud-will-mean-big-gains-for-bangladesh-cricket
1298214	https://www.espncricinfo.com/story/bpl-2022-nurul-hasan-one-among-three-to-test-positive-from-fortune-barishal-in-lead-up-to-bpl-2022-1298214	bpl-2022-nurul-hasan-one-among-three-to-test-positive-from-fortune-barishal-in-lead-up-to-bpl-2022
1298239	https://www.espncricinfo.com/story/https%3A%2F%2Fwww.espncricinfo.com%2Fstory%2Fcovid-19-five-indian-players-including-yash-dhull-ruled-out-of-under-19-world-cup-game-against-uganda-1298239	https%3A%2F%2Fwww.espncricinfo.com%2Fstory%2Fcovid-19-five-indian-players-including-yash-dhull-ruled-out-of-under-19-world-cup-game-against-uganda
1298262	https://www.espncricinfo.com/story/two-west-indies-players-sidelined-with-covid-19-at-under-19-world-cup-2022-1298262	two-west-indies-players-sidelined-with-covid-19-at-under-19-world-cup-2022
1298284	https://www.espncricinfo.com/story/under-19-world-cup-bcci-sends-five-reserve-players-to-bolster-covid-hit-indian-squad-in-the-caribbean-1298284	under-19-world-cup-bcci-sends-five-reserve-players-to-bolster-covid-hit-indian-squad-in-the-caribbean
1298334	https://www.espncricinfo.com/story/https%3A%2F%2Fwww.espncricinfo.com%2Fstory%2Fpsl-2022-three-players-and-five-support-staff-test-positive-for-covid-19-1298334	https%3A%2F%2Fwww.espncricinfo.com%2Fstory%2Fpsl-2022-three-players-and-five-support-staff-test-positive-for-covid-19
1298351	https://www.espncricinfo.com/story/https%3A%2F%2Fwww.espncricinfo.com%2Fstory%2Fbbl11-once-it-hit-it-hit-so-hard-keeping-the-bbl-going-through-covid-1298351	https%3A%2F%2Fwww.espncricinfo.com%2Fstory%2Fbbl11-once-it-hit-it-hit-so-hard-keeping-the-bbl-going-through-covid
1298371	https://www.espncricinfo.com/story/under-19-world-cup-india-add-vasu-vats-as-temporary-covid-replacement-for-manav-parakh-1298371	under-19-world-cup-india-add-vasu-vats-as-temporary-covid-replacement-for-manav-parakh
1298788	https://www.espncricinfo.com/story/https%3A%2F%2Fwww.espncricinfo.com%2Fstory%2Fbbl-2021-22-josh-philippe-ruled-out-of-bbl-challenger-due-to-positive-covid-test-1298788	https%3A%2F%2Fwww.espncricinfo.com%2Fstory%2Fbbl-2021-22-josh-philippe-ruled-out-of-bbl-challenger-due-to-positive-covid-test
1298951	https://www.espncricinfo.com/story/new-zealand-home-fixtures-streamlined-to-mitigate-covid-19-risk-1298951	new-zealand-home-fixtures-streamlined-to-mitigate-covid-19-risk
1298962	https://www.espncricinfo.com/story/https%3A%2F%2Fwww.espncricinfo.com%2Fstory%2Fpsl-2022-quetta-gladiators-allrounder-shahid-afridi-tests-covid-19-positive-1298962	https%3A%2F%2Fwww.espncricinfo.com%2Fstory%2Fpsl-2022-quetta-gladiators-allrounder-shahid-afridi-tests-covid-19-positive
1299011	https://www.espncricinfo.com/story/ranji-trophy-2021-22-jaydev-unadkat-abhimanyu-easwaran-and-faiz-fazal-on-missing-domestic-cricket-because-of-covid-1299011	ranji-trophy-2021-22-jaydev-unadkat-abhimanyu-easwaran-and-faiz-fazal-on-missing-domestic-cricket-because-of-covid
1299073	https://www.espncricinfo.com/story/under-19-world-cup-2022-indias-yash-dhull-and-four-others-recover-from-covid-19-and-available-for-knockouts-1299073	under-19-world-cup-2022-indias-yash-dhull-and-four-others-recover-from-covid-19-and-available-for-knockouts
1299093	https://www.espncricinfo.com/story/https%3A%2F%2Fwww.espncricinfo.com%2Fstory%2Ftwo-plate-under-19-world-cup-2022-matches-cancelled-after-nine-covid-19-cases-in-canada-squad-1299093	https%3A%2F%2Fwww.espncricinfo.com%2Fstory%2Ftwo-plate-under-19-world-cup-2022-matches-cancelled-after-nine-covid-19-cases-in-canada-squad
1299404	https://www.espncricinfo.com/story/aus-vs-sl-t20i-series-nuwan-thushara-tests-positive-for-covid-19-in-doubt-for-t20i-tour-of-australia-1299404	aus-vs-sl-t20i-series-nuwan-thushara-tests-positive-for-covid-19-in-doubt-for-t20i-tour-of-australia
1299589	https://www.espncricinfo.com/story/https%3A%2F%2Fwww.espncricinfo.com%2Fstory%2Fnz-vs-sa-covid-19-puts-keegan-petersen-out-of-south-africa-test-tour-of-new-zealand-1299589	https%3A%2F%2Fwww.espncricinfo.com%2Fstory%2Fnz-vs-sa-covid-19-puts-keegan-petersen-out-of-south-africa-test-tour-of-new-zealand
1299668	https://www.espncricinfo.com/story/https%3A%2F%2Fwww.espncricinfo.com%2Fstory%2Find-vs-wi-odi-series-shikhar-dhawan-shreyas-iyer-ruturaj-gaikwad-navdeep-saini-test-positive-for-covid-19-1299668	https%3A%2F%2Fwww.espncricinfo.com%2Fstory%2Find-vs-wi-odi-series-shikhar-dhawan-shreyas-iyer-ruturaj-gaikwad-navdeep-saini-test-positive-for-covid-19
1299745	https://www.espncricinfo.com/story/covid-19-three-bangladesh-squad-members-test-positive-ahead-of-women-s-world-cup-1299745	covid-19-three-bangladesh-squad-members-test-positive-ahead-of-women-s-world-cup
1300291	https://www.espncricinfo.com/story/https%3A%2F%2Fwww.espncricinfo.com%2Fstory%2Faus-vs-sl-2022-sri-lanka-kusal-mendis-tests-positive-for-covid-19-to-miss-start-of-australia-t20i-series-1300291	https%3A%2F%2Fwww.espncricinfo.com%2Fstory%2Faus-vs-sl-2022-sri-lanka-kusal-mendis-tests-positive-for-covid-19-to-miss-start-of-australia-t20i-series
1300347	https://www.espncricinfo.com/story/nz-women-vs-ind-2022-smriti-mandhana-set-to-miss-first-odi-due-to-extended-quarantine-in-new-zealand-1300347	nz-women-vs-ind-2022-smriti-mandhana-set-to-miss-first-odi-due-to-extended-quarantine-in-new-zealand
1300907	https://www.espncricinfo.com/story/bangladesh-batting-coach-jamie-siddons-tests-positive-for-covid-19-1300907	bangladesh-batting-coach-jamie-siddons-tests-positive-for-covid-19
1301254	https://www.espncricinfo.com/story/nz-women-vs-ind-women-2022-smriti-mandhana-renuka-out-of-quarantine-set-to-be-available-for-remaining-odis-1301254	nz-women-vs-ind-women-2022-smriti-mandhana-renuka-out-of-quarantine-set-to-be-available-for-remaining-odis
1301255	https://www.espncricinfo.com/story/aus-vs-sl-2022-wanindu-hasaranga-tests-positive-for-covid-19-ahead-of-third-t20i-against-australia-1301255	aus-vs-sl-2022-wanindu-hasaranga-tests-positive-for-covid-19-ahead-of-third-t20i-against-australia
1301309	https://www.espncricinfo.com/story/afghanistan-squad-members-in-bangladesh-test-positive-for-covid-19-1301309	afghanistan-squad-members-in-bangladesh-test-positive-for-covid-19
1301516	https://www.espncricinfo.com/story/ban-vs-afg-2021-22-all-members-of-afghanistan-squad-test-negative-for-covid-19-on-re-test-in-sylhet-1301516	ban-vs-afg-2021-22-all-members-of-afghanistan-squad-test-negative-for-covid-19-on-re-test-in-sylhet
1302323	https://www.espncricinfo.com/story/ind-vs-sl-t20i-series-wanindu-hasaranga-positive-for-covid-19-again-and-is-likely-to-miss-entire-t20i-series-in-india-1302323	ind-vs-sl-t20i-series-wanindu-hasaranga-positive-for-covid-19-again-and-is-likely-to-miss-entire-t20i-series-in-india
1302413	https://www.espncricinfo.com/story/https%3A%2F%2Fwww.espncricinfo.com%2Fstory%2Fwomens-odi-world-cup-2022-matches-could-go-ahead-with-nine-players-if-covid-hits-1302413	https%3A%2F%2Fwww.espncricinfo.com%2Fstory%2Fwomens-odi-world-cup-2022-matches-could-go-ahead-with-nine-players-if-covid-hits
1303070	https://www.espncricinfo.com/story/https%3A%2F%2Fwww.espncricinfo.com%2Fstory%2Fwomens-world-cup-2022-to-be-in-managed-environment-not-to-have-strict-bubbles-or-daily-covid-tests-1303070	https%3A%2F%2Fwww.espncricinfo.com%2Fstory%2Fwomens-world-cup-2022-to-be-in-managed-environment-not-to-have-strict-bubbles-or-daily-covid-tests
1303093	https://www.espncricinfo.com/story/australian-cricketers-association-confident-over-mou-talks-as-game-looks-beyond-covid-1303093	australian-cricketers-association-confident-over-mou-talks-as-game-looks-beyond-covid
1303174	https://www.espncricinfo.com/story/https%3A%2F%2Fwww.espncricinfo.com%2Fstory%2Fpak-vs-aus-2021-22-haris-rauf-ruled-out-of-first-test-against-australia-after-testing-positive-for-covid-19-1303174	https%3A%2F%2Fwww.espncricinfo.com%2Fstory%2Fpak-vs-aus-2021-22-haris-rauf-ruled-out-of-first-test-against-australia-after-testing-positive-for-covid-19
1303319	https://www.espncricinfo.com/story/pak-vs-aus-2021-22-australia-s-spin-bowling-consultant-fawad-ahmed-tests-positive-for-covid-19-1303319	pak-vs-aus-2021-22-australia-s-spin-bowling-consultant-fawad-ahmed-tests-positive-for-covid-19
1303330	https://www.espncricinfo.com/story/https%3A%2F%2Fwww.espncricinfo.com%2Fstory%2Fwomens-world-cup-2022-australia-allrounder-ash-gardner-tests-positive-for-covid-1303330	https%3A%2F%2Fwww.espncricinfo.com%2Fstory%2Fwomens-world-cup-2022-australia-allrounder-ash-gardner-tests-positive-for-covid
1303375	https://www.espncricinfo.com/story/https%3A%2F%2Fwww.espncricinfo.com%2Fstory%2Fipl-2022-three-day-quarantine-for-teams-before-entering-ipl-bubble-1303375	https%3A%2F%2Fwww.espncricinfo.com%2Fstory%2Fipl-2022-three-day-quarantine-for-teams-before-entering-ipl-bubble
1304574	https://www.espncricinfo.com/story/pak-vs-aus-2021-22-faheem-ashraf-out-of-second-test-after-testing-positive-for-covid-19-1304574	pak-vs-aus-2021-22-faheem-ashraf-out-of-second-test-after-testing-positive-for-covid-19
1304845	https://www.espncricinfo.com/story/wwc-2022-ashleigh-gardner-set-for-swift-return-for-australia-after-covid-19-isolation-1304845	wwc-2022-ashleigh-gardner-set-for-swift-return-for-australia-after-covid-19-isolation
1305189	https://www.espncricinfo.com/story/wi-vs-eng-1st-test-antigua-jack-leach-the-major-positive-as-england-find-lessons-in-antiguan-adversity-1305189	wi-vs-eng-1st-test-antigua-jack-leach-the-major-positive-as-england-find-lessons-in-antiguan-adversity
1305247	https://www.espncricinfo.com/story/nz-vs-aus-wwc-2022-ashleigh-gardner-beats-covid-after-effects-in-match-winning-all-round-show-1305247	nz-vs-aus-wwc-2022-ashleigh-gardner-beats-covid-after-effects-in-match-winning-all-round-show
1307050	https://www.espncricinfo.com/story/ipl-2022-faqs-seven-day-isolation-for-positive-tests-25-stadium-attendance-two-reviews-per-team-1307050	ipl-2022-faqs-seven-day-isolation-for-positive-tests-25-stadium-attendance-two-reviews-per-team
1307600	https://www.espncricinfo.com/story/https%3A%2F%2Fwww.espncricinfo.com%2Fstory%2Fnetherlands-vs-nz-chapman-tests-positive-for-covid-19-worker-called-in-as-replacement-1307600	https%3A%2F%2Fwww.espncricinfo.com%2Fstory%2Fnetherlands-vs-nz-chapman-tests-positive-for-covid-19-worker-called-in-as-replacement
1307811	https://www.espncricinfo.com/story/https%3A%2F%2Fwww.espncricinfo.com%2Fstory%2Fpak-vs-aus-2022-injured-mitchell-marsh-to-miss-opening-odi-josh-inglis-tests-positive-for-covid-1307811	https%3A%2F%2Fwww.espncricinfo.com%2Fstory%2Fpak-vs-aus-2022-injured-mitchell-marsh-to-miss-opening-odi-josh-inglis-tests-positive-for-covid
1307961	https://www.espncricinfo.com/story/https%3A%2F%2Fwww.espncricinfo.com%2Fstory%2Fpakistan-vs-australia-2021-22-ashton-agar-ruled-out-of-odi-series-after-testing-positive-for-covid-1307961	https%3A%2F%2Fwww.espncricinfo.com%2Fstory%2Fpakistan-vs-australia-2021-22-ashton-agar-ruled-out-of-odi-series-after-testing-positive-for-covid
1308215	https://www.espncricinfo.com/story/lsg-vs-csk-ipl-2022-chennai-super-kings-and-lucknow-super-giants-out-to-prove-that-positives-matter-1308215	lsg-vs-csk-ipl-2022-chennai-super-kings-and-lucknow-super-giants-out-to-prove-that-positives-matter
1308706	https://www.espncricinfo.com/story/plunket-shield-2021-22-points-discarded-from-northern-districts-vs-central-districts-game-due-to-covid-outbreak-1308706	plunket-shield-2021-22-points-discarded-from-northern-districts-vs-central-districts-game-due-to-covid-outbreak
1309215	https://www.espncricinfo.com/story/alastair-cook-warns-joe-root-england-s-relentless-positive-message-sounds-deluded-1309215	alastair-cook-warns-joe-root-england-s-relentless-positive-message-sounds-deluded
1310280	https://www.espncricinfo.com/story/sa-vs-ban-2nd-test-russell-domingo-and-charl-langeveldt-miss-gqeberha-test-with-covid-19-1310280	sa-vs-ban-2nd-test-russell-domingo-and-charl-langeveldt-miss-gqeberha-test-with-covid-19
1310368	https://www.espncricinfo.com/story/sa-vs-ban-2022-2nd-test-khaya-zondo-glenton-stuurman-replace-sarel-erwee-wiaan-mulder-as-covid-19-subs-1310368	sa-vs-ban-2022-2nd-test-khaya-zondo-glenton-stuurman-replace-sarel-erwee-wiaan-mulder-as-covid-19-subs
1311341	https://www.espncricinfo.com/story/ipl-2022-two-more-covid-positive-cases-in-delhi-capitals-camp-1311341	ipl-2022-two-more-covid-positive-cases-in-delhi-capitals-camp
1311348	https://www.espncricinfo.com/story/positive-cricket-and-australian-coaches-how-rob-key-s-vision-for-england-reboot-might-look-1311348	positive-cricket-and-australian-coaches-how-rob-key-s-vision-for-england-reboot-might-look
1311359	https://www.espncricinfo.com/story/ipl-2022-delhi-capitals-allrounder-mitchell-marsh-tests-positive-for-covid-19-1311359	ipl-2022-delhi-capitals-allrounder-mitchell-marsh-tests-positive-for-covid-19
1311481	https://www.espncricinfo.com/story/ipl-2022-covid-19-outbreak-punjab-kings-and-delhi-capitals-may-face-off-in-mumbai-instead-of-pune-1311481	ipl-2022-covid-19-outbreak-punjab-kings-and-delhi-capitals-may-face-off-in-mumbai-instead-of-pune
1311604	https://www.espncricinfo.com/story/ipl-2022-dc-vs-pbks-another-delhi-capitals-overseas-player-tests-positive-for-covid-19-1311604	ipl-2022-dc-vs-pbks-another-delhi-capitals-overseas-player-tests-positive-for-covid-19
1311750	https://www.espncricinfo.com/story/ipl-2022-dc-vs-rr-powerplay-battle-could-set-tone-as-in-form-rajasthan-royals-take-on-covid-hit-delhi-capitals-1311750	ipl-2022-dc-vs-rr-powerplay-battle-could-set-tone-as-in-form-rajasthan-royals-take-on-covid-hit-delhi-capitals
1311900	https://www.espncricinfo.com/story/ipl-2022-covid-19-delhi-capitals-head-coach-ricky-ponting-in-isolation-after-family-member-tests-positive-1311900	ipl-2022-covid-19-delhi-capitals-head-coach-ricky-ponting-in-isolation-after-family-member-tests-positive
1313748	https://www.espncricinfo.com/story/crickets-return-to-asian-games-2022-delayed-after-covid-19-outbreak-in-china-1313748	crickets-return-to-asian-games-2022-delayed-after-covid-19-outbreak-in-china
1314074	https://www.espncricinfo.com/story/ipl-2022-csk-vs-dc-covid-19-match-to-go-ahead-after-rest-of-delhi-capitals-contingent-returns-negative-test-1314074	ipl-2022-csk-vs-dc-covid-19-match-to-go-ahead-after-rest-of-delhi-capitals-contingent-returns-negative-test
1314385	https://www.espncricinfo.com/story/ban-vs-sl-2022-shakib-al-hasan-out-of-first-sri-lanka-test-after-testing-positive-for-covid-1314385	ban-vs-sl-2022-shakib-al-hasan-out-of-first-sri-lanka-test-after-testing-positive-for-covid
1314772	https://www.espncricinfo.com/story/ban-vs-sl-2022-1st-test-shakib-al-hasan-tests-negative-for-covid-19-in-contention-to-play-first-test-vs-sri-lanka-1314772	ban-vs-sl-2022-1st-test-shakib-al-hasan-tests-negative-for-covid-19-in-contention-to-play-first-test-vs-sri-lanka
1315909	https://www.espncricinfo.com/story/new-zealand-s-nicholls-tickner-jurgensen-test-positive-for-covid-19-1315909	new-zealand-s-nicholls-tickner-jurgensen-test-positive-for-covid-19
1317596	https://www.espncricinfo.com/story/ollie-robinson-suffers-further-fitness-setback-after-testing-positive-for-covid-1317596	ollie-robinson-suffers-further-fitness-setback-after-testing-positive-for-covid
1317774	https://www.espncricinfo.com/story/andrew-mcdonald-to-miss-start-of-sri-lanka-tour-with-covid-19-1317774	andrew-mcdonald-to-miss-start-of-sri-lanka-tour-with-covid-19
1318440	https://www.espncricinfo.com/story/eng-vs-nz-1st-test-at-lord-s-stuart-broad-has-good-feeling-about-victory-as-england-promise-positive-final-push-1318440	eng-vs-nz-1st-test-at-lord-s-stuart-broad-has-good-feeling-about-victory-as-england-promise-positive-final-push
1319258	https://www.espncricinfo.com/story/england-vs-nz-2nd-test-kane-williamson-to-miss-second-test-after-testing-positive-for-covid-1319258	england-vs-nz-2nd-test-kane-williamson-to-miss-second-test-after-testing-positive-for-covid
1319544	https://www.espncricinfo.com/story/ind-vs-sa-2nd-t20i-throwback-to-pre-covid-times-as-cuttack-s-cricket-party-kicks-off-on-match-eve-1319544	ind-vs-sa-2nd-t20i-throwback-to-pre-covid-times-as-cuttack-s-cricket-party-kicks-off-on-match-eve
1319790	https://www.espncricinfo.com/story/pak-vs-wi-2022-babar-azam-pakistan-are-playing-proactive-positive-cricket-1319790	pak-vs-wi-2022-babar-azam-pakistan-are-playing-proactive-positive-cricket
1319804	https://www.espncricinfo.com/story/england-vs-nz-2nd-test-michael-bracewell-signals-positive-intent-as-new-zealand-target-final-day-win-1319804	england-vs-nz-2nd-test-michael-bracewell-signals-positive-intent-as-new-zealand-target-final-day-win
1320086	https://www.espncricinfo.com/story/england-vs-nz-2022-michael-bracewell-tests-positive-for-covid-faces-five-day-isolation-period-1320086	england-vs-nz-2022-michael-bracewell-tests-positive-for-covid-faces-five-day-isolation-period
1320182	https://www.espncricinfo.com/story/eng-vs-nz-2022-devon-conway-begins-five-day-isolation-after-testing-positive-for-covid-19-1320182	eng-vs-nz-2022-devon-conway-begins-five-day-isolation-after-testing-positive-for-covid-19
1320736	https://www.espncricinfo.com/story/ashwin-misses-plane-to-england-after-testing-positive-for-covid-19-1320736	ashwin-misses-plane-to-england-after-testing-positive-for-covid-19
1320827	https://www.espncricinfo.com/story/england-vs-nz-3rd-test-england-play-down-covid-concerns-after-illness-affects-build-up-to-headingley-test-1320827	england-vs-nz-3rd-test-england-play-down-covid-concerns-after-illness-affects-build-up-to-headingley-test
1320992	https://www.espncricinfo.com/story/eng-v-nz-3rd-test-kane-williamson-relieved-to-be-back-in-fold-after-frustrating-covid-diagnosis-1320992	eng-v-nz-3rd-test-kane-williamson-relieved-to-be-back-in-fold-after-frustrating-covid-diagnosis
1321565	https://www.espncricinfo.com/story/india-tour-of-england-2022-rohit-sharma-tests-positive-for-covid-19-1321565	india-tour-of-england-2022-rohit-sharma-tests-positive-for-covid-19
1321578	https://www.espncricinfo.com/story/eng-vs-nz-3rd-test-ben-foakes-withdrawn-from-headingley-test-after-positive-covid-19-test-1321578	eng-vs-nz-3rd-test-ben-foakes-withdrawn-from-headingley-test-after-positive-covid-19-test
1322061	https://www.espncricinfo.com/story/england-vs-nz-3rd-test-brendon-mccullum-england-must-explore-the-line-for-new-positive-approach-1322061	england-vs-nz-3rd-test-brendon-mccullum-england-must-explore-the-line-for-new-positive-approach
1322283	https://www.espncricinfo.com/story/ind-vs-eng-Fifth-test-2022-rohit-sharma-tests-positive-for-covid-19-once-again-1322283	ind-vs-eng-Fifth-test-2022-rohit-sharma-tests-positive-for-covid-19-once-again
1322296	https://www.espncricinfo.com/story/england-vs-india-5th-test-james-anderson-in-awe-of-england-s-positive-approach-after-3-0-series-win-1322296	england-vs-india-5th-test-james-anderson-in-awe-of-england-s-positive-approach-after-3-0-series-win
1322585	https://www.espncricinfo.com/story/sl-vs-aus-1st-test-galle-2022-angelo-mathews-tests-positive-for-covid-19-and-withdrawn-from-galle-test-1322585	sl-vs-aus-1st-test-galle-2022-angelo-mathews-tests-positive-for-covid-19-and-withdrawn-from-galle-test
1322894	https://www.espncricinfo.com/story/mitchell-santners-departure-to-ireland-delayed-after-testing-positive-for-covid-1322894	mitchell-santners-departure-to-ireland-delayed-after-testing-positive-for-covid
1322937	https://www.espncricinfo.com/story/eng-vs-ind-2022-rohit-sharma-tests-negative-for-covid-19-1322937	eng-vs-ind-2022-rohit-sharma-tests-negative-for-covid-19
1323195	https://www.espncricinfo.com/story/sl-vs-aus-2022-praveen-jayawickrama-ruled-out-of-second-test-with-australia-due-to-covid-1323195	sl-vs-aus-2022-praveen-jayawickrama-ruled-out-of-second-test-with-australia-due-to-covid
1323495	https://www.espncricinfo.com/story/sl-vs-aus-2nd-test-2022-dhananjaya-de-silva-asitha-fernando-and-jeffrey-vandersay-join-sri-lanka-covid-19-list-1323495	sl-vs-aus-2nd-test-2022-dhananjaya-de-silva-asitha-fernando-and-jeffrey-vandersay-join-sri-lanka-covid-19-list
1323534	https://www.espncricinfo.com/story/pakistan-in-sri-lanka-2022-pakistan-team-masseur-malang-ali-tests-positive-for-covid-in-colombo-1323534	pakistan-in-sri-lanka-2022-pakistan-team-masseur-malang-ali-tests-positive-for-covid-in-colombo
1324040	https://www.espncricinfo.com/story/sl-vs-aus-2nd-test-2022-pathum-nissanka-out-of-second-test-with-covid-1324040	sl-vs-aus-2nd-test-2022-pathum-nissanka-out-of-second-test-with-covid
1324190	https://www.espncricinfo.com/story/australia-news-jess-jonassen-to-miss-start-of-ireland-tri-series-due-to-covid-1324190	australia-news-jess-jonassen-to-miss-start-of-ireland-tri-series-due-to-covid
1324816	https://www.espncricinfo.com/story/eng-vs-ind-2022-2nd-odi-rohit-sharma-wants-india-to-be-more-positive-in-tricky-chases-1324816	eng-vs-ind-2022-2nd-odi-rohit-sharma-wants-india-to-be-more-positive-in-tricky-chases
1325240	https://www.espncricinfo.com/story/commonwealth-games-2022-cwg-amelia-kerr-in-isolation-after-testing-positive-for-covid-19-1325240	commonwealth-games-2022-cwg-amelia-kerr-in-isolation-after-testing-positive-for-covid-19
1325669	https://www.espncricinfo.com/story/eng-vs-sa-2022-2nd-odi-nortje-hoping-for-more-test-cricket-as-covid-restrictions-are-relaxed-1325669	eng-vs-sa-2022-2nd-odi-nortje-hoping-for-more-test-cricket-as-covid-restrictions-are-relaxed
1325682	https://www.espncricinfo.com/story/kl-rahul-tests-positive-for-covid-19-likely-to-miss-t20is-against-west-indies-1325682	kl-rahul-tests-positive-for-covid-19-likely-to-miss-t20is-against-west-indies
1325774	https://www.espncricinfo.com/story/wi-vs-ind-1st-odi-west-indies-bowl-jadeja-out-injured-holder-out-with-covid-19-1325774	wi-vs-ind-1st-odi-west-indies-bowl-jadeja-out-injured-holder-out-with-covid-19
1326292	https://www.espncricinfo.com/story/cwg-2022-pooja-vastrakar-s-meghana-test-positive-for-covid-19-miss-flight-to-birmingham-1326292	cwg-2022-pooja-vastrakar-s-meghana-test-positive-for-covid-19-miss-flight-to-birmingham
1326494	https://www.espncricinfo.com/story/2022-commonwealth-games-meghana-to-join-india-squad-in-uk-pooja-vastrakar-still-in-quarantine-1326494	2022-commonwealth-games-meghana-to-join-india-squad-in-uk-pooja-vastrakar-still-in-quarantine
1328212	https://www.espncricinfo.com/story/aus-vs-ind-cwg-2022-tahlia-mcgrath-to-play-in-final-despite-testing-positive-for-covid-19-1328212	aus-vs-ind-cwg-2022-tahlia-mcgrath-to-play-in-final-despite-testing-positive-for-covid-19
1328529	https://www.espncricinfo.com/story/george-garton-s-battle-with-long-covid-id-walk-two-minutes-and-sit-down-for-half-an-hour-because-i-was-out-of-breath-1328529	george-garton-s-battle-with-long-covid-id-walk-two-minutes-and-sit-down-for-half-an-hour-because-i-was-out-of-breath
1329380	https://www.espncricinfo.com/story/zim-vs-ind-2022-shikhar-dhawan-embraces-spirituality-to-stay-positive-1329380	zim-vs-ind-2022-shikhar-dhawan-embraces-spirituality-to-stay-positive
1330299	https://www.espncricinfo.com/story/india-at-asia-cup-2022-rahul-dravid-tests-positive-for-covid-19-to-delay-travel-to-uae-for-asia-cup-1330299	india-at-asia-cup-2022-rahul-dravid-tests-positive-for-covid-19-to-delay-travel-to-uae-for-asia-cup
1332608	https://www.espncricinfo.com/story/ind-vs-pak-asia-cup-2022-mohammad-nawaz-thrives-on-positive-pressure-to-continue-giving-pakistan-the-all-round-edge-1332608	ind-vs-pak-asia-cup-2022-mohammad-nawaz-thrives-on-positive-pressure-to-continue-giving-pakistan-the-all-round-edge
1334705	https://www.espncricinfo.com/story/eng-vs-sa-3rd-test-ollie-pope-hopes-no-3-is-for-keeps-after-summer-of-positive-returns-1334705	eng-vs-sa-3rd-test-ollie-pope-hopes-no-3-is-for-keeps-after-summer-of-positive-returns
1335319	https://www.espncricinfo.com/story/ind-vs-aus-2022-mohammed-shami-tests-positive-for-covid-19-umesh-yadav-named-replacement-1335319	ind-vs-aus-2022-mohammed-shami-tests-positive-for-covid-19-umesh-yadav-named-replacement
1335965	https://www.espncricinfo.com/story/bcci-president-sourav-ganguly-ipl-to-return-to-pre-covid-home-and-away-format-in-2023-1335965	bcci-president-sourav-ganguly-ipl-to-return-to-pre-covid-home-and-away-format-in-2023
1336698	https://www.espncricinfo.com/story/ind-vs-sa-2022-deepak-hooda-injured-mohammed-shami-still-covid-positive-1336698	ind-vs-sa-2022-deepak-hooda-injured-mohammed-shami-still-covid-positive
1337210	https://www.espncricinfo.com/story/naseem-shah-tests-covid-19-positive-will-not-feature-in-remainder-of-england-t20is-1337210	naseem-shah-tests-covid-19-positive-will-not-feature-in-remainder-of-england-t20is
1338177	https://www.espncricinfo.com/story/sheffield-shield-preview-fixtures-player-to-watch-positive-signs-for-victoria-after-last-season-s-final-appearance-1338177	sheffield-shield-preview-fixtures-player-to-watch-positive-signs-for-victoria-after-last-season-s-final-appearance
1338815	https://www.espncricinfo.com/story/aus-vs-eng-1st-t20i-2022-23-perth-s-long-wait-is-over-after-international-cricket-s-covid-lockout-1338815	aus-vs-eng-1st-t20i-2022-23-perth-s-long-wait-is-over-after-international-cricket-s-covid-lockout
1341177	https://www.espncricinfo.com/story/ire-vs-sl-t20wworld-cup-2022-ireland-s-george-dockrell-plays-super-12-match-despite-being-covid-positive-1341177	ire-vs-sl-t20wworld-cup-2022-ireland-s-george-dockrell-plays-super-12-match-despite-being-covid-positive
1341867	https://www.espncricinfo.com/story/aus-vs-eng-mens-t20-world-cup-2022-matthew-wade-positive-covid-19-could-still-play-england-1341867	aus-vs-eng-mens-t20-world-cup-2022-matthew-wade-positive-covid-19-could-still-play-england
1348352	https://www.espncricinfo.com/story/paul-farbrace-positive-about-sussex-rebuild-i-ve-come-here-to-win-1348352	paul-farbrace-positive-about-sussex-rebuild-i-ve-come-here-to-win
1350228	https://www.espncricinfo.com/story/aus-vs-sa-2022-everything-is-ticking-along-nicely-josh-hazlewood-positive-about-boxing-day-return-1350228	aus-vs-sa-2022-everything-is-ticking-along-nicely-josh-hazlewood-positive-about-boxing-day-return
1352069	https://www.espncricinfo.com/story/matt-renshaw-tests-positive-for-covid-on-test-recall-1352069	matt-renshaw-tests-positive-for-covid-on-test-recall
1355972	https://www.espncricinfo.com/story/england-under-19-captain-grace-scrivens-promises-positive-mindset-in-world-cup-semi-final-against-australia-1355972	england-under-19-captain-grace-scrivens-promises-positive-mindset-in-world-cup-semi-final-against-australia
1358476	https://www.espncricinfo.com/story/women-s-t20-world-cup-ash-gardner-turns-criticism-to-positives-after-january-26-backlash-1358476	women-s-t20-world-cup-ash-gardner-turns-criticism-to-positives-after-january-26-backlash
1359053	https://www.espncricinfo.com/story/mitchell-starc-might-not-be-ready-for-second-test-vs-india-in-delhi-cameron-green-looks-positive-1359053	mitchell-starc-might-not-be-ready-for-second-test-vs-india-in-delhi-cameron-green-looks-positive
1361661	https://www.espncricinfo.com/story/rohit-sharma-feels-india-must-bat-positively-like-shreyas-iyer-did-1361661	rohit-sharma-feels-india-must-bat-positively-like-shreyas-iyer-did
1363890	https://www.espncricinfo.com/story/middlesex-cricket-club-admit-to-financial-concerns-as-ecb-monitor-club-s-status-following-covid-and-pensions-error-1363890	middlesex-cricket-club-admit-to-financial-concerns-as-ecb-monitor-club-s-status-following-covid-and-pensions-error
1364178	https://www.espncricinfo.com/story/ipl-insists-on-seven-day-isolation-period-for-covid-19-cases-1364178	ipl-insists-on-seven-day-isolation-period-for-covid-19-cases
1377349	https://www.espncricinfo.com/story/axar-patel-ishant-sharma-david-warner-the-only-positives-in-delhi-capitals-dull-season-1377349	axar-patel-ishant-sharma-david-warner-the-only-positives-in-delhi-capitals-dull-season
1378598	https://www.espncricinfo.com/story/ipl-2023-rohit-sharma-young-batters-coming-through-the-biggest-positive-for-mumbai-indians-1378598	ipl-2023-rohit-sharma-young-batters-coming-through-the-biggest-positive-for-mumbai-indians
1381984	https://www.espncricinfo.com/story/eng-vs-aus-1st-test-edgbaston-stuart-broad-england-in-positive-position-against-australia-after-day-two-1381984	eng-vs-aus-1st-test-edgbaston-stuart-broad-england-in-positive-position-against-australia-after-day-two
1397830	https://www.espncricinfo.com/story/asia-cup-pakistan-coach-grant-bradburn-puts-positive-spin-on-crushing-loss-to-india-1397830	asia-cup-pakistan-coach-grant-bradburn-puts-positive-spin-on-crushing-loss-to-india
1399025	https://www.espncricinfo.com/story/world-cup-2023-adam-gilchrist-fascinated-by-rishabh-pant-positive-impact-on-india-1399025	world-cup-2023-adam-gilchrist-fascinated-by-rishabh-pant-positive-impact-on-india
1402192	https://www.espncricinfo.com/story/new-zealand-stockpile-icc-cricket-world-cup-2023-positives-netherlands-problem-of-plenty-1402192	new-zealand-stockpile-icc-cricket-world-cup-2023-positives-netherlands-problem-of-plenty
1403831	https://www.espncricinfo.com/story/icc-cricket-world-cup-2023-abdullah-shafique-in-quarantine-as-viral-infection-hits-pakistan-camp-1403831	icc-cricket-world-cup-2023-abdullah-shafique-in-quarantine-as-viral-infection-hits-pakistan-camp
1410957	https://www.espncricinfo.com/story/richard-gould-more-work-for-ecb-to-do-after-publication-of-positive-impact-report-1410957	richard-gould-more-work-for-ecb-to-do-after-publication-of-positive-impact-report
1413602	https://www.espncricinfo.com/story/tony-de-zorzi-stirs-south-africa-up-with-positive-play-in-bid-to-make-a-spot-his-own-1413602	tony-de-zorzi-stirs-south-africa-up-with-positive-play-in-bid-to-make-a-spot-his-own
1417691	https://www.espncricinfo.com/story/travis-head-has-almost-recovered-from-covid-and-is-set-to-play-the-pink-ball-test-in-brisbane-against-west-indies-1417691	travis-head-has-almost-recovered-from-covid-and-is-set-to-play-the-pink-ball-test-in-brisbane-against-west-indies
1418240	https://www.espncricinfo.com/story/aus-vs-wi-2nd-test-2023-24-a-day-of-positives-and-progress-for-west-indies-1418240	aus-vs-wi-2nd-test-2023-24-a-day-of-positives-and-progress-for-west-indies
1418275	https://www.espncricinfo.com/story/the-buzz-josh-hazlewood-shoos-covid-positive-cameron-green-away-from-celebration-1418275	the-buzz-josh-hazlewood-shoos-covid-positive-cameron-green-away-from-celebration
1420633	https://www.espncricinfo.com/story/ben-stokes-positive-aggression-is-england-s-new-mantra-for-success-1420633	ben-stokes-positive-aggression-is-england-s-new-mantra-for-success
1426577	https://www.espncricinfo.com/story/zak-crawley-england-stay-positive-defeat-india-1426577	zak-crawley-england-stay-positive-defeat-india
1432583	https://www.espncricinfo.com/story/babar-azam-haris-rauf-positive-about-his-involvement-in-2024-t20-world-cup-1432583	babar-azam-haris-rauf-positive-about-his-involvement-in-2024-t20-world-cup
1442484	https://www.espncricinfo.com/story/johnny-grave-west-indies-covid-tour-showed-that-big-three-need-strong-opponents-1442484	johnny-grave-west-indies-covid-tour-showed-that-big-three-need-strong-opponents
1447626	https://www.espncricinfo.com/story/pak-vs-ban-mushtaq-ahmed-praises-shakib-al-hasan-and-mushfiqur-rahim-for-creating-positive-atmosphere-1447626	pak-vs-ban-mushtaq-ahmed-praises-shakib-al-hasan-and-mushfiqur-rahim-for-creating-positive-atmosphere
1456282	https://www.espncricinfo.com/story/ranji-trophy-2024-25-yash-dhull-hits-century-months-after-heart-surgery-this-is-a-positive-sign-1456282	ranji-trophy-2024-25-yash-dhull-hits-century-months-after-heart-surgery-this-is-a-positive-sign
1460161	https://www.espncricinfo.com/story/new-zealand-news-doug-bracewell-serves-one-month-ban-after-testing-positive-for-cocaine-1460161	new-zealand-news-doug-bracewell-serves-one-month-ban-after-testing-positive-for-cocaine
1460216	https://www.espncricinfo.com/story/champions-trophy-2025-pcb-chief-mohsin-naqvi-on-india-participation-i-still-have-positive-expectations-1460216	champions-trophy-2025-pcb-chief-mohsin-naqvi-on-india-participation-i-still-have-positive-expectations
1462300	https://www.espncricinfo.com/story/steady-shoaib-bashir-helps-put-positive-spin-england-day-1462300	steady-shoaib-bashir-helps-put-positive-spin-england-day
1496467	https://www.espncricinfo.com/story/eng-vs-ind-womens-odi-series-harmanpreet-kaur-form-and-kranti-goud-emergence-big-positives-for-india-1496467	eng-vs-ind-womens-odi-series-harmanpreet-kaur-form-and-kranti-goud-emergence-big-positives-for-india
1510518	https://www.espncricinfo.com/story/pak-vs-sa-3rd-odi-quinton-de-kock-and-nandre-burger-among-positives-sa-can-take-home-1510518	pak-vs-sa-3rd-odi-quinton-de-kock-and-nandre-burger-among-positives-sa-can-take-home
1515578	https://www.espncricinfo.com/story/the-ashes-aus-vs-eng-cameron-green-promises-to-keep-batting-positively-in-adelaide-1515578	the-ashes-aus-vs-eng-cameron-green-promises-to-keep-batting-positively-in-adelaide
1517565	https://www.espncricinfo.com/story/bpl-2025-26-the-positive-vibes-that-keep-mohammad-nawaz-coming-back-1517565	bpl-2025-26-the-positive-vibes-that-keep-mohammad-nawaz-coming-back
1520383	https://www.espncricinfo.com/story/asalanka-seeks-the-positives-despite-awkward-timing-of-odi-series-1520383	asalanka-seeks-the-positives-despite-awkward-timing-of-odi-series
1528745	https://www.espncricinfo.com/story/covid-sort-of-a-saving-grace-in-cricketing-terms-for-connor-esterhuizen-1528745	covid-sort-of-a-saving-grace-in-cricketing-terms-for-connor-esterhuizen
1530087	https://www.espncricinfo.com/story/ipl-2026-daniel-vettori-captaincy-will-have-positive-effect-on-ishan-kishan-batting-and-keeping-1530087	ipl-2026-daniel-vettori-captaincy-will-have-positive-effect-on-ishan-kishan-batting-and-keeping
1550960	https://www.espncricinfo.com/story/eng-vs-pak-1st-wtc-test-finiding-positives-pakistan-headingley-crash-1550960	eng-vs-pak-1st-wtc-test-finiding-positives-pakistan-headingley-crash
28688364	https://www.espncricinfo.com/story/_/id/28688364/experiences-so-valuable-eoin-morgan-takes-positives-ahead-t20-world-cup	experiences-so-valuable-eoin-morgan-takes-positives-ahead-t20-world-cup
28835998	https://www.espncricinfo.com/story/_/id/28835998/psl-games-go-ahead-karachi-scheduled-amid-coronavirus-fears%0A	psl-games-go-ahead-karachi-scheduled-amid-coronavirus-fears%0A
28841779	https://www.espncricinfo.com/story/_/id/28841779/everest-premier-league-postponed-due-coronavirus-fears	everest-premier-league-postponed-due-coronavirus-fears
28844037	https://www.espncricinfo.com/story/_/id/28844037/ipl-go-ahead-all-precautions-coronavirus	ipl-go-ahead-all-precautions-coronavirus
28869992	https://www.espncricinfo.com/story/_/id/28869992/one-ticket-per-person-first-t20i-bcb-reacts-coronavirus-concerns	one-ticket-per-person-first-t20i-bcb-reacts-coronavirus-concerns
28876305	https://www.espncricinfo.com/story/_/id/28876305/coronavirus-newsfile-bcci-contribute-usd-6.8-million-fight-coronavirus-pandemic	coronavirus-newsfile-bcci-contribute-usd-6.8-million-fight-coronavirus-pandemic
28882362	https://www.espncricinfo.com/story/_/id/28882362/england-ban-selfies-fans,-limit-public-engagements-amid-coronavirus-fears	england-ban-selfies-fans,-limit-public-engagements-amid-coronavirus-fears
28882792	https://www.espncricinfo.com/story/_/id/28882792/world-xi-v-asia-xi-matches-postponed-amid-coronavirus-fears	world-xi-v-asia-xi-matches-postponed-amid-coronavirus-fears
28888512	https://www.espncricinfo.com/story/_/id/28888512/ipl-governing-council-likely-meet-march-14-discuss-coronavirus-pandemic	ipl-governing-council-likely-meet-march-14-discuss-coronavirus-pandemic
28892663	https://www.espncricinfo.com/story/_/id/28892663/australia-women-tour-south-africa-scheduled-coronavirus%E2%80%99	australia-women-tour-south-africa-scheduled-coronavirus%E2%80%99
28892672	https://www.espncricinfo.com/story/_/id/28892672/west-indies-tests-t20-blast-spotlight-uk-moves-covid-19-delay-phase	west-indies-tests-t20-blast-spotlight-uk-moves-covid-19-delay-phase
28894733	https://www.espncricinfo.com/story/_/id/28894733/kane-richardson-quarantined-reporting-sort-throat	kane-richardson-quarantined-reporting-sort-throat
28895715	https://www.espncricinfo.com/story/_/id/28895715/coronavirus-four-days-shaved-psl-schedule-following-rejig-14-overseas-players-depart	coronavirus-four-days-shaved-psl-schedule-following-rejig-14-overseas-players-depart
28895902	https://www.espncricinfo.com/story/_/id/28895902/coronavirus-threat-ipl-2020-deferred-april-15	coronavirus-threat-ipl-2020-deferred-april-15
28896266	https://www.espncricinfo.com/story/_/id/28896266/england-tour-sri-lanka-cancelled-amid-covid-19-spread%5Cu003ewas	england-tour-sri-lanka-cancelled-amid-covid-19-spread%5Cu003ewas
28896864	https://www.espncricinfo.com/story/_/id/28896864/newsfile-county-pre-season-tours-affected-covid-19-pandemic	newsfile-county-pre-season-tours-affected-covid-19-pandemic
28896893	https://www.espncricinfo.com/story/_/id/28896893/coronavirus-india-v-south-africa-odi-series-rescheduled	coronavirus-india-v-south-africa-odi-series-rescheduled
28898417	https://www.espncricinfo.com/story/_/id/28898417/list-all-cricket-series-affected-coronavirus-full-coverage	list-all-cricket-series-affected-coronavirus-full-coverage
28901418	https://www.espncricinfo.com/story/_/id/28901418/cancellation-looms-sheffield-shield-australia-combat-coronavirus	cancellation-looms-sheffield-shield-australia-combat-coronavirus
28904474	https://www.espncricinfo.com/story/_/id/28904474/i-just-had-very,-very-mild-cold-lockie-ferguson-coronavirus-concerns	i-just-had-very,-very-mild-cold-lockie-ferguson-coronavirus-concerns
28906387	https://www.espncricinfo.com/story/_/id/28906387/stuart-broad-backs-tough-necessary-decision-return-home-sri-lanka-covid-19-fears	stuart-broad-backs-tough-necessary-decision-return-home-sri-lanka-covid-19-fears
28909068	https://www.espncricinfo.com/story/_/id/28909068/plunket-shield-cancelled-due-coronavirus-measures,-wellington-named-champions	plunket-shield-cancelled-due-coronavirus-measures,-wellington-named-champions
28909406	https://www.espncricinfo.com/story/_/id/28909406/coronavirus-final-leg-bangladesh-tour-pakistan-postponed	coronavirus-final-leg-bangladesh-tour-pakistan-postponed
28910910	https://www.espncricinfo.com/story/_/id/28910910/how-players-spent-their-weekend-coronavirus-cancelled-cricket	how-players-spent-their-weekend-coronavirus-cancelled-cricket
28914287	https://www.espncricinfo.com/story/_/id/28914287/cricket-australia-guards-cash-venues-ahead-coronavirus-winter-	cricket-australia-guards-cash-venues-ahead-coronavirus-winter-
28914779	https://www.espncricinfo.com/story/_/id/28914779/psl-playoffs-postponed-overseas-player-develops-coronavirus-symptoms	psl-playoffs-postponed-overseas-player-develops-coronavirus-symptoms
28915255	https://www.espncricinfo.com/story/_/id/28915255/alex-hales-confirms-covid-19-symptoms,-yet-tested	alex-hales-confirms-covid-19-symptoms,-yet-tested
28920235	https://www.espncricinfo.com/story/_/id/28920235/south-africa-cricketers-asked-self-isolate,-social-distance--return-india	south-africa-cricketers-asked-self-isolate,-social-distance--return-india
28920895	https://www.espncricinfo.com/story/_/id/28920895/crunch-english-cricket-domestic-game-feels-covid-19-squeeze	crunch-english-cricket-domestic-game-feels-covid-19-squeeze
28924538	https://www.espncricinfo.com/story/_/id/28924538/sambit-bal-sport-matters,-covid-19-pandemic,-perhaps-more-think	sambit-bal-sport-matters,-covid-19-pandemic,-perhaps-more-think
28927501	https://www.espncricinfo.com/story/_/id/28927501/hundred,-blast-set-prioritised-ecb-draws-covid-19-contingency-plans	hundred,-blast-set-prioritised-ecb-draws-covid-19-contingency-plans
28929623	https://www.espncricinfo.com/story/_/id/28929623/coronavirus-stake-cricket-2020%3F	coronavirus-stake-cricket-2020%3F
28929999	https://www.espncricinfo.com/story/_/id/28929999/scotland-majid-haq-tweets-news-positive-coronavirus-test	scotland-majid-haq-tweets-news-positive-coronavirus-test
28934344	https://www.espncricinfo.com/story/_/id/28934344/coronavirus-all-domestic-cricket-sri-lanka-postponed	coronavirus-all-domestic-cricket-sri-lanka-postponed
28935684	https://www.espncricinfo.com/story/_/id/28935684/pcb-takes-coronavirus-hit,-finances-absolutely-fine-next-12-14-months	pcb-takes-coronavirus-hit,-finances-absolutely-fine-next-12-14-months
28945749	https://www.espncricinfo.com/story/_/id/28945749/r-ashwin-how-covid-19-affected-life-cricket%5Cu003ein	r-ashwin-how-covid-19-affected-life-cricket%5Cu003ein
28957710	https://www.espncricinfo.com/story/_/id/28957710/lauren-winfield,-amy-jones-stuck-australia-due-coronavirus-pandemic	lauren-winfield,-amy-jones-stuck-australia-due-coronavirus-pandemic
28957711	https://www.espncricinfo.com/story/_/id/28957711/coronavirus-bangladesh-players-fear-salary-loss-amid-uncertainty	coronavirus-bangladesh-players-fear-salary-loss-amid-uncertainty
28960561	https://www.espncricinfo.com/story/_/id/28960561/coronavirus-adelaide-strikers-chief-23-saca-job-losses	coronavirus-adelaide-strikers-chief-23-saca-job-losses
28961719	https://www.espncricinfo.com/story/_/id/28961719/coronavirus-outbreak-county-cricket-latest	coronavirus-outbreak-county-cricket-latest
28964830	https://www.espncricinfo.com/story/_/id/28964830/the-hitchhiker-guide-ipl-coronavirus-edition	the-hitchhiker-guide-ipl-coronavirus-edition
28964960	https://www.espncricinfo.com/story/_/id/28964960/mark-nicholas-covid-19-hiatus-healing-all-charge	mark-nicholas-covid-19-hiatus-healing-all-charge
28965450	https://www.espncricinfo.com/story/_/id/28965450/coronavirus-outbreak-heather-knight-signs-nhs-volunteer-scheme	coronavirus-outbreak-heather-knight-signs-nhs-volunteer-scheme
28967041	https://www.espncricinfo.com/story/_/id/28967041/hanuma-vihari-life-covid-19-pandemic-cheating-little	hanuma-vihari-life-covid-19-pandemic-cheating-little
28969297	https://www.espncricinfo.com/story/_/id/28969297/cricket-australia-contracts-delayed-coronavirus-planning	cricket-australia-contracts-delayed-coronavirus-planning
28970639	https://www.espncricinfo.com/story/_/id/28970639/david-hodgkiss,-lancashire-chairman,-dies-contracting-coronavirus	david-hodgkiss,-lancashire-chairman,-dies-contracting-coronavirus
28970981	https://www.espncricinfo.com/story/_/id/28970981/hundred-ticket-sale-delayed-due-coronavirus-concern	hundred-ticket-sale-delayed-due-coronavirus-concern
28971420	https://www.espncricinfo.com/story/_/id/28971420/joe-root-expects-discussion-pay-cuts-coronavirus-uncertainty-rules	joe-root-expects-discussion-pay-cuts-coronavirus-uncertainty-rules
28974730	https://www.espncricinfo.com/story/_/id/28974730/your-shots-how-cricket-fans-spending-isolation	your-shots-how-cricket-fans-spending-isolation
28979785	https://www.espncricinfo.com/story/_/id/28979785/tabraiz-shamsi-life-covid-19-pandemic-know-fatherhood-was-hard	tabraiz-shamsi-life-covid-19-pandemic-know-fatherhood-was-hard
28985760	https://www.espncricinfo.com/story/_/id/28985760/construction-work-continues-lord-covid-19-outbreak	construction-work-continues-lord-covid-19-outbreak
28988197	https://www.espncricinfo.com/story/_/id/28988197/edgbaston-become-covid-19-testing-centre	edgbaston-become-covid-19-testing-centre
28994044	https://www.espncricinfo.com/story/_/id/28994044/javeria-khan-life-home-covid-19-pandemic	javeria-khan-life-home-covid-19-pandemic
29000778	https://www.espncricinfo.com/story/_/id/29000778/dane-paterson-seeks-nottinghamshire-kolpak-deal-covid-19-uncertainty	dane-paterson-seeks-nottinghamshire-kolpak-deal-covid-19-uncertainty
29014049	https://www.espncricinfo.com/story/_/id/29014049/former-india-seamer-joginder-sharma-talks-life-policeman-fight-covid-19	former-india-seamer-joginder-sharma-talks-life-policeman-fight-covid-19
29014919	https://www.espncricinfo.com/story/_/id/29014919/bangladesh-australia-test-series-postponed-amid-covid-19-threat	bangladesh-australia-test-series-postponed-amid-covid-19-threat
29017167	https://www.espncricinfo.com/story/_/id/29017167/ashley-giles-remains-positive-west-indies-pin-hopes-touring-july	ashley-giles-remains-positive-west-indies-pin-hopes-touring-july
29025039	https://www.espncricinfo.com/story/_/id/29025039/brendan-taylor-rues-covid-19-impact-zimbabwe-cricket	brendan-taylor-rues-covid-19-impact-zimbabwe-cricket
29030327	https://www.espncricinfo.com/story/_/id/29030327/covid-19-claims-pakistan-first-class-cricketer-zafar-sarfraz-	covid-19-claims-pakistan-first-class-cricketer-zafar-sarfraz-
29035028	https://www.espncricinfo.com/story/_/id/29035028/matt-henry-kent-contract-cancelled-due-coronavirus-pandemic	matt-henry-kent-contract-cancelled-due-coronavirus-pandemic
29035187	https://www.espncricinfo.com/story/_/id/29035187/pcb-chairman-ehsan-mani-warns-financial-fallout-covid-19-disrupts-t20-world-cup	pcb-chairman-ehsan-mani-warns-financial-fallout-covid-19-disrupts-t20-world-cup
29038228	https://www.espncricinfo.com/story/_/id/29038228/ireland-home-summer-high-risk-due-coronavirus	ireland-home-summer-high-risk-due-coronavirus
29042726	https://www.espncricinfo.com/story/_/id/29042726/ravi-bopara-life-covid-19-pandemic-going-deliver-my-son-birthday-gift	ravi-bopara-life-covid-19-pandemic-going-deliver-my-son-birthday-gift
29069744	https://www.espncricinfo.com/story/_/id/29069744/use-saliva-ball-not-post-coronavirus-future	use-saliva-ball-not-post-coronavirus-future
29070634	https://www.espncricinfo.com/story/_/id/29070634/icc-chief-executives-committee-discuss-covid-19-impact-thursday	icc-chief-executives-committee-discuss-covid-19-impact-thursday
29075123	https://www.espncricinfo.com/story/_/id/29075123/cheteshwar-pujara-life-covid-19-pandemic-let-my-wife-win-badminton	cheteshwar-pujara-life-covid-19-pandemic-let-my-wife-win-badminton
29081893	https://www.espncricinfo.com/story/_/id/29081893/jason-gillespie-limbo-covid-19-travel-bans-leave-county-coaches-grounded	jason-gillespie-limbo-covid-19-travel-bans-leave-county-coaches-grounded
29091809	https://www.espncricinfo.com/story/_/id/29091809/cricket-consider-legalised-ball-tampering-wake-coronavirus	cricket-consider-legalised-ball-tampering-wake-coronavirus
29092888	https://www.espncricinfo.com/story/_/id/29092888/case-hundred-much-greater-due-covid-19-tom-harrison	case-hundred-much-greater-due-covid-19-tom-harrison
29097068	https://www.espncricinfo.com/story/_/id/29097068/laura-wolvaardt-life-covid-19-pandemic-year-opted-cricket-career	laura-wolvaardt-life-covid-19-pandemic-year-opted-cricket-career
29097326	https://www.espncricinfo.com/story/_/id/29097326/five-key-issues-ecb-face-covid-19-disruption	five-key-issues-ecb-face-covid-19-disruption
29121996	https://www.espncricinfo.com/story/_/id/29121996/saliva,-sweat-ball-shining-restricted-australian-covid-19-guidelines	saliva,-sweat-ball-shining-restricted-australian-covid-19-guidelines
29122409	https://www.espncricinfo.com/story/_/id/29122409/tom-harrison-faces-dcms-committee-assess-covid-impact-cricket	tom-harrison-faces-dcms-committee-assess-covid-impact-cricket
29126821	https://www.espncricinfo.com/story/_/id/29126821/ecb-cwi-hold-positive-talks-rescheduling-west-indies-tour	ecb-cwi-hold-positive-talks-rescheduling-west-indies-tour
29135211	https://www.espncricinfo.com/story/_/id/29135211/covid-19-crisis-force-australian-players-more-self-reliant	covid-19-crisis-force-australian-players-more-self-reliant
29135413	https://www.espncricinfo.com/story/_/id/29135413/brendon-mccullum-sees-opportunity-new-zealand-post-covid-19-bbl	brendon-mccullum-sees-opportunity-new-zealand-post-covid-19-bbl
29141020	https://www.espncricinfo.com/story/_/id/29141020/kyle-coetzer-life-covid-19-pandemic-baked-cake-my-kids	kyle-coetzer-life-covid-19-pandemic-baked-cake-my-kids
29145747	https://www.espncricinfo.com/story/_/id/29145747/south-african-allrounder-solo-nqweni-announces-news-positive-coronavirus-test	south-african-allrounder-solo-nqweni-announces-news-positive-coronavirus-test
29149045	https://www.espncricinfo.com/story/_/id/29149045/bcci-says-india-ready-two-week-quarantine-make-australia-tour-happen	bcci-says-india-ready-two-week-quarantine-make-australia-tour-happen
29149676	https://www.espncricinfo.com/story/_/id/29149676/megan-schutt-braced-women-game-feel-impact-covid-19	megan-schutt-braced-women-game-feel-impact-covid-19
29153686	https://www.espncricinfo.com/story/_/id/29153686/bangladesh-players-body-hopes-conduct-elections-covid-19-public-holiday	bangladesh-players-body-hopes-conduct-elections-covid-19-public-holiday
29159696	https://www.espncricinfo.com/story/_/id/29159696/jahanara-alam-life-covid-19-pandemic-fast-ramadan	jahanara-alam-life-covid-19-pandemic-fast-ramadan
29164462	https://www.espncricinfo.com/story/_/id/29164462/covid-19-effect-women-world-cup-qualifier-2021-postponed	covid-19-effect-women-world-cup-qualifier-2021-postponed
29181570	https://www.espncricinfo.com/story/_/id/29181570/jemimah-rodrigues-life-covid-19-pandemic-break-helped-us-recharge	jemimah-rodrigues-life-covid-19-pandemic-break-helped-us-recharge
29190667	https://www.espncricinfo.com/story/_/id/29190667/babar-azam-fears-growth-cricket-due-covid-19-pandemic	babar-azam-fears-growth-cricket-due-covid-19-pandemic
29194219	https://www.espncricinfo.com/story/_/id/29194219/sport-interrupted-lights-camera-ready-no-sign-action-tv-broadcast-affected-coronavirus-pandemic	sport-interrupted-lights-camera-ready-no-sign-action-tv-broadcast-affected-coronavirus-pandemic
29194952	https://www.espncricinfo.com/story/_/id/29194952/cricket-comeback-covid-19-state-game	cricket-comeback-covid-19-state-game
29197457	https://www.espncricinfo.com/story/_/id/29197457/mickey-arthur-life-covid-19-pandemic-spent-my-birthday-sangakkara	mickey-arthur-life-covid-19-pandemic-spent-my-birthday-sangakkara
29197477	https://www.espncricinfo.com/story/_/id/29197477/ca-considering-disinfecting-ball-adapt-covid-19-risks	ca-considering-disinfecting-ball-adapt-covid-19-risks
29209965	https://www.espncricinfo.com/story/_/id/29209965/chris-woakes-admits-realities-post-covid-training-take-headspace	chris-woakes-admits-realities-post-covid-training-take-headspace
29212489	https://www.espncricinfo.com/story/_/id/29212489/covid-19-kyle-coetzer-fears-cricket-start-forgotten-scotland	covid-19-kyle-coetzer-fears-cricket-start-forgotten-scotland
29218212	https://www.espncricinfo.com/story/_/id/29218212/shannon-gabriel-just-taking-my-body-back-easypositive	shannon-gabriel-just-taking-my-body-back-easypositive
29231500	https://www.espncricinfo.com/story/_/id/29231500/most-county-clubs-built-last-covid-19-crisis,-surrey-chief-says	most-county-clubs-built-last-covid-19-crisis,-surrey-chief-says
29232832	https://www.espncricinfo.com/story/_/id/29232832/new-zealand-cricket-set-suffer-job-losses-amid-covid-19-fallout	new-zealand-cricket-set-suffer-job-losses-amid-covid-19-fallout
29241322	https://www.espncricinfo.com/story/_/id/29241322/ecb-backs-covid-19-substitutes-plans-bio-secure-internationals-ramp-up	ecb-backs-covid-19-substitutes-plans-bio-secure-internationals-ramp-up
29243721	https://www.espncricinfo.com/story/_/id/29243721/covid-19-crisis-cricket-west-indies-announces-temporary-salary-fund-cuts	covid-19-crisis-cricket-west-indies-announces-temporary-salary-fund-cuts
29248399	https://www.espncricinfo.com/story/_/id/29248399/jasprit-bumrah-wants-alternative-saliva-shining-ball-covid-19-era	jasprit-bumrah-wants-alternative-saliva-shining-ball-covid-19-era
29256344	https://www.espncricinfo.com/story/_/id/29256344/ecb-announces-record-turnover-prepares-covid-19-financial-hit	ecb-announces-record-turnover-prepares-covid-19-financial-hit
29266581	https://www.espncricinfo.com/story/_/id/29266581/bio-secure-venues-withstand-covid-second-wave-steve-elworthy%5Cu003eBio-secure	bio-secure-venues-withstand-covid-second-wave-steve-elworthy%5Cu003eBio-secure
29273758	https://www.espncricinfo.com/story/_/id/29273758/coronavirus-newsfile-three-members-south-africa-women-high-performance-set-test-positive	coronavirus-newsfile-three-members-south-africa-women-high-performance-set-test-positive
29283421	https://www.espncricinfo.com/story/_/id/29283421/west-indies-embark-historic-england-tour-passing-covid-tests	west-indies-embark-historic-england-tour-passing-covid-tests
29285672	https://www.espncricinfo.com/story/_/id/29285672/full-coverage-cricket-australia-covid-19-financial-battle	full-coverage-cricket-australia-covid-19-financial-battle
29286499	https://www.espncricinfo.com/story/_/id/29286499/pcb-scraps-plans-lahore-training-camp-due-covid-19-concerns	pcb-scraps-plans-lahore-training-camp-due-covid-19-concerns
29286966	https://www.espncricinfo.com/story/_/id/29286966/icc-approves-use-substitute-player-shows-covid-19-symptoms-tests	icc-approves-use-substitute-player-shows-covid-19-symptoms-tests
29305647	https://www.espncricinfo.com/story/_/id/29305647/shahid-afridi-tests-positive-covid-19	shahid-afridi-tests-positive-covid-19
29316975	https://www.espncricinfo.com/story/_/id/29316975/the-buzz-training-covid-style	the-buzz-training-covid-style
29321296	https://www.espncricinfo.com/story/_/id/29321296/how-covid-crisis-brought-ca-chief-kevin-roberts	how-covid-crisis-brought-ca-chief-kevin-roberts
29322404	https://www.espncricinfo.com/story/_/id/29322404/scotland-cancel-australia-t20-fixture-due-covid-19-pandemic	scotland-cancel-australia-t20-fixture-due-covid-19-pandemic
29334401	https://www.espncricinfo.com/story/_/id/29334401/bunbury-festival-cancelled-due-impact-covid-19	bunbury-festival-cancelled-due-impact-covid-19
29337870	https://www.espncricinfo.com/story/_/id/29337870/mashrafe-mortaza,-nazmul-islam,-nafees-iqbal-test-positive-covid-19	mashrafe-mortaza,-nazmul-islam,-nafees-iqbal-test-positive-covid-19
29343405	https://www.espncricinfo.com/story/_/id/29343405/david-warner-positive-able-play-ipl-replaces-t20-world-cup	david-warner-positive-able-play-ipl-replaces-t20-world-cup
29347459	https://www.espncricinfo.com/story/_/id/29347459/three-covid-19-tests-week,-one-every-five-days-pakistan-players	three-covid-19-tests-week,-one-every-five-days-pakistan-players
29347984	https://www.espncricinfo.com/story/_/id/29347984/shadab-khan,-haris-rauf,-haider-ali-test-positive-covid-19	shadab-khan,-haris-rauf,-haider-ali-test-positive-covid-19
29351550	https://www.espncricinfo.com/story/_/id/29351550/ashley-giles-concerned-pakistan-trio-positive-covid-19-tests	ashley-giles-concerned-pakistan-trio-positive-covid-19-tests
29352210	https://www.espncricinfo.com/story/_/id/29352210/seven-more-pakistan-players-test-positive-covid-19	seven-more-pakistan-players-test-positive-covid-19
29356815	https://www.espncricinfo.com/story/_/id/29356815/mohammad-hafeez-says-negative-covid-19-day-pcb-announces-positive-result	mohammad-hafeez-says-negative-covid-19-day-pcb-announces-positive-result
29357362	https://www.espncricinfo.com/story/_/id/29357362/bangladesh-postpone-sri-lanka-tour-due-covid-19-pandemic%20due%20to%20the%20pandemic	bangladesh-postpone-sri-lanka-tour-due-covid-19-pandemic%20due%20to%20the%20pandemic
29363970	https://www.espncricinfo.com/story/_/id/29363970/jofra-archer-tests-negative-covid-19	jofra-archer-tests-negative-covid-19
29370213	https://www.espncricinfo.com/story/_/id/29370213/infrastructure-development-takes-hit-pcb-slash-budget-covid-19	infrastructure-development-takes-hit-pcb-slash-budget-covid-19
29370255	https://www.espncricinfo.com/story/_/id/29370255/pakistan-prepare-fly-england-10-covid-positive-players	pakistan-prepare-fly-england-10-covid-positive-players
29373424	https://www.espncricinfo.com/story/_/id/29373424/mohammad-hafeez,-five-others-return-negative-results-pcb-covid-19-restests	mohammad-hafeez,-five-others-return-negative-results-pcb-covid-19-restests
29374293	https://www.espncricinfo.com/story/_/id/29374293/phil-simmons-enters-self-isolation-alzarri-joseph-downplays-disruption	phil-simmons-enters-self-isolation-alzarri-joseph-downplays-disruption
29383560	https://www.espncricinfo.com/story/_/id/29383560/ben-stokes-promises-take-positive-route-england-captaincy-looms	ben-stokes-promises-take-positive-route-england-captaincy-looms
29385923	https://www.espncricinfo.com/story/_/id/29385923/mohammad-hafeez,-five-others-join-squad-worcester-following-second-negative-covid-19-tests	mohammad-hafeez,-five-others-join-squad-worcester-following-second-negative-covid-19-tests
29399748	https://www.espncricinfo.com/story/_/id/29399748/sam-curran-self-isolating-sickness-diarrhoea	sam-curran-self-isolating-sickness-diarrhoea
29404383	https://www.espncricinfo.com/story/_/id/29404383/sam-curran-tests-negative-covid-19-sickness-bout%5Cu003eSam	sam-curran-tests-negative-covid-19-sickness-bout%5Cu003eSam
29416641	https://www.espncricinfo.com/story/_/id/29416641/haider-ali,-imran-khan-kashif-bhatti-return-two-negative-tests-covid-19	haider-ali,-imran-khan-kashif-bhatti-return-two-negative-tests-covid-19
29417295	https://www.espncricinfo.com/story/_/id/29417295/umar-akmal-ban-appeal-heard-july-13-coronavirus-delay	umar-akmal-ban-appeal-heard-july-13-coronavirus-delay
29417329	https://www.espncricinfo.com/story/_/id/29417329/from-86,000-zero-week-covid-19-changed-cricket	from-86,000-zero-week-covid-19-changed-cricket
29433708	https://www.espncricinfo.com/story/_/id/29433708/asia-cup-2020-%25D9%2585%25D9%2584%25D8%25AA%25D9%2588%25DB%258C-wake-covid-19-acc-looks-window-2021	asia-cup-2020-%25D9%2585%25D9%2584%25D8%25AA%25D9%2588%25DB%258C-wake-covid-19-acc-looks-window-2021
29438966	https://www.espncricinfo.com/story/_/id/29438966/covid-19-lockdown-threatens-push-bangladesh-fringe-cricketers-game	covid-19-lockdown-threatens-push-bangladesh-fringe-cricketers-game
29458681	https://www.espncricinfo.com/story/_/id/29458681/longest-big-bash-brings-broadcast-cash-covid-19-flexibility	longest-big-bash-brings-broadcast-cash-covid-19-flexibility
29460411	https://www.espncricinfo.com/story/_/id/29460411/mashrafe-mortaza-recovers-covid-19	mashrafe-mortaza-recovers-covid-19
29462890	https://www.espncricinfo.com/story/_/id/29462890/wbbl-feature-three-week-sydney-hub-amid-covid-19-contingencies-	wbbl-feature-three-week-sydney-hub-amid-covid-19-contingencies-
29472786	https://www.espncricinfo.com/story/_/id/29472786/pakistan-kashif-bhatti-join-squad-covid-19-scare-england	pakistan-kashif-bhatti-join-squad-covid-19-scare-england
29479294	https://www.espncricinfo.com/story/_/id/29479294/no-more-player-tests,-csa-certain-covid-19-free-3tc	no-more-player-tests,-csa-certain-covid-19-free-3tc
29479809	https://www.espncricinfo.com/story/_/id/29479809/county-friendlies-pilot-events-fans-post-covid-return	county-friendlies-pilot-events-fans-post-covid-return
29500073	https://www.espncricinfo.com/story/_/id/29500073/josh-hazlewood-braced-challenge-england-tour,-ipl-quarantine-	josh-hazlewood-braced-challenge-england-tour,-ipl-quarantine-
29501031	https://www.espncricinfo.com/story/_/id/29501031/covid-19-india-women-set-pull-england-tour	covid-19-india-women-set-pull-england-tour
29502051	https://www.espncricinfo.com/story/_/id/29502051/icc-postpones-t20-world-cup-due-covid-19-pandemic	icc-postpones-t20-world-cup-due-covid-19-pandemic
29506269	https://www.espncricinfo.com/story/_/id/29506269/adelaide-quarantine-camp-firming-ahead-india-test-series	adelaide-quarantine-camp-firming-ahead-india-test-series
29507396	https://www.espncricinfo.com/story/_/id/29507396/jofra-archer-cleared-rejoin-england-squad-negative-covid-test	jofra-archer-cleared-rejoin-england-squad-negative-covid-test
29514033	https://www.espncricinfo.com/story/_/id/29514033/jofra-archer-reveals-racist-abuse-social-media-isolation%5Cu003eracist	jofra-archer-reveals-racist-abuse-social-media-isolation%5Cu003eracist
29517339	https://www.espncricinfo.com/story/_/id/29517339/euro-t20-slam-postponed-again-due-covid-19-pandemic	euro-t20-slam-postponed-again-due-covid-19-pandemic
29524094	https://www.espncricinfo.com/story/_/id/29524094/joe-root-backs-jofra-archer-put-isolation-troubles-test-recall	joe-root-backs-jofra-archer-put-isolation-troubles-test-recall
29528329	https://www.espncricinfo.com/story/_/id/29528329/mohammad-amir-cleared-join-pakistan-squad-england-two-negative-covid-19-results	mohammad-amir-cleared-join-pakistan-squad-england-two-negative-covid-19-results
29529462	https://www.espncricinfo.com/story/_/id/29529462/ipl-2020-kings-xi-punjab-co-owner-wants-daily-covid-tests-uae	ipl-2020-kings-xi-punjab-co-owner-wants-daily-covid-tests-uae
29534549	https://www.espncricinfo.com/story/_/id/29534549/there-positive-conflict-gary-stead-relationship-kane-williamson	there-positive-conflict-gary-stead-relationship-kane-williamson
29540557	https://www.espncricinfo.com/story/_/id/29540557/pcb-came-pressure-england-tour-positive-covid-19-tests,-says-ceo	pcb-came-pressure-england-tour-positive-covid-19-tests,-says-ceo
29548009	https://www.espncricinfo.com/story/_/id/29548009/a-triumphant-post-covid-return-(just-touch-ball)	a-triumphant-post-covid-return-(just-touch-ball)
29550649	https://www.espncricinfo.com/story/_/id/29550649/covid-19-restrictions-make-david-warner-rethink-international-future-	covid-19-restrictions-make-david-warner-rethink-international-future-
29562473	https://www.espncricinfo.com/story/_/id/29562473/haris-rauf-tests-negative-covid-19,-set-fly-england	haris-rauf-tests-negative-covid-19,-set-fly-england
29562744	https://www.espncricinfo.com/story/_/id/29562744/ahead-ipl-governing-council-meeting-questions-covid-19-testing-bio-bubbles	ahead-ipl-governing-council-meeting-questions-covid-19-testing-bio-bubbles
29569172	https://www.espncricinfo.com/story/_/id/29569172/curtis-campher-huge-positive-ireland-dafter-accomplished-debut	curtis-campher-huge-positive-ireland-dafter-accomplished-debut
29587933	https://www.espncricinfo.com/story/_/id/29587933/let-our-lives-grind-halt-arun-lal-bcci-covid-19-guidelines-states-senior	let-our-lives-grind-halt-arun-lal-bcci-covid-19-guidelines-states-senior
29597457	https://www.espncricinfo.com/story/_/id/29597457/stirling-balbirnie-underline-importance-ireland-benefit-positive-approach	stirling-balbirnie-underline-importance-ireland-benefit-positive-approach
29603799	https://www.espncricinfo.com/story/_/id/29603799/victoria-training-paused-covid-19-lockdown-clarity-sought	victoria-training-paused-covid-19-lockdown-clarity-sought
29605207	https://www.espncricinfo.com/story/_/id/29605207/covid-19-pcb-offers-financial-support-25-unemployed-pakistan-women-cricketers	covid-19-pcb-offers-financial-support-25-unemployed-pakistan-women-cricketers
29605322	https://www.espncricinfo.com/story/_/id/29605322/ipl-franchises-begin-quarantining-testing-covid-19-quarantine	ipl-franchises-begin-quarantining-testing-covid-19-quarantine
29608655	https://www.espncricinfo.com/story/_/id/29608655/cpl-2020-all-players-test-negative-covid-19-arrival-	cpl-2020-all-players-test-negative-covid-19-arrival-
29619831	https://www.espncricinfo.com/story/_/id/29619831/covid-19-impact-zimbabwe-v-afghanistan-t20i-series-called-off	covid-19-impact-zimbabwe-v-afghanistan-t20i-series-called-off
29632187	https://www.espncricinfo.com/story/_/id/29632187/slc-hopeful-lpl-start-august-28-covid-19-hurdles	slc-hopeful-lpl-start-august-28-covid-19-hurdles
29633616	https://www.espncricinfo.com/story/_/id/29633616/csk-eye-short-camp-chennai-rcb-players-quarantine-uae-flight	csk-eye-short-camp-chennai-rcb-players-quarantine-uae-flight
29640032	https://www.espncricinfo.com/story/_/id/29640032/jordan-cox-kent-double-centurion-dropped-breaching-covid-19-protocols	jordan-cox-kent-double-centurion-dropped-breaching-covid-19-protocols
29643970	https://www.espncricinfo.com/story/_/id/29643970/rajasthan-royals-fielding-coach-dishant-yagnik-tests-positive-covid-19	rajasthan-royals-fielding-coach-dishant-yagnik-tests-positive-covid-19
29645505	https://www.espncricinfo.com/story/_/id/29645505/mohammad-hafeez-self-isolating-biosecurity-protocol-breach	mohammad-hafeez-self-isolating-biosecurity-protocol-breach
29646859	https://www.espncricinfo.com/story/_/id/29646859/karun-nair-recovers-covid-19	karun-nair-recovers-covid-19
29653771	https://www.espncricinfo.com/story/_/id/29653771/ipl-2020-no-relaxation-likely-quarantine-rules-english-australian-players	ipl-2020-no-relaxation-likely-quarantine-rules-english-australian-players
29654530	https://www.espncricinfo.com/story/_/id/29654530/mohammad-hafeez-back-pakistan-squad-negative-covid-19-test	mohammad-hafeez-back-pakistan-squad-negative-covid-19-test
29666498	https://www.espncricinfo.com/story/_/id/29666498/chetan-chauhan,-former-india-opener,-critical-testing-positive-covid-19	chetan-chauhan,-former-india-opener,-critical-testing-positive-covid-19
29666709	https://www.espncricinfo.com/story/_/id/29666709/nick-gubbins-withdrawn-middlesex-game-order-self-isolate	nick-gubbins-withdrawn-middlesex-game-order-self-isolate
29693346	https://www.espncricinfo.com/story/_/id/29693346/covid-19-bangladesh-u-19-cricketer-iftekhar-hossain-tests-positive	covid-19-bangladesh-u-19-cricketer-iftekhar-hossain-tests-positive
29700943	https://www.espncricinfo.com/story/_/id/29700943/two-south-africa-men-players-test-positive-covid-19	two-south-africa-men-players-test-positive-covid-19
29709781	https://www.espncricinfo.com/story/_/id/29709781/ipl-franchises-wrestle-sponsorship-challenges-covid-hit-economy	ipl-franchises-wrestle-sponsorship-challenges-covid-hit-economy
29735333	https://www.espncricinfo.com/story/_/id/29735333/ipl-2020-chris-gayle-set-link-kings-xi-punjab-negative-covid-19-tests	ipl-2020-chris-gayle-set-link-kings-xi-punjab-negative-covid-19-tests
29744559	https://www.espncricinfo.com/story/_/id/29744559/ipl-2020-no-schedule-covid-19-protocols-abu-dhabi-raise-concerns	ipl-2020-no-schedule-covid-19-protocols-abu-dhabi-raise-concerns
29757717	https://www.espncricinfo.com/story/_/id/29757717/ipl-2020-csk-extend-quarantine,-train-september-1	ipl-2020-csk-extend-quarantine,-train-september-1
29758537	https://www.espncricinfo.com/story/_/id/29758537/ipl-2020-india-player-least-ten-csk-squad-members-test-positive-covid-19	ipl-2020-india-player-least-ten-csk-squad-members-test-positive-covid-19
29759859	https://www.espncricinfo.com/story/_/id/29759859/ipl-2020-covid-19-csk-ranks-five-day-chepauk-camp-sharp-focus	ipl-2020-covid-19-csk-ranks-five-day-chepauk-camp-sharp-focus
29760809	https://www.espncricinfo.com/story/_/id/29760809/ipl-2020-dishant-yagnik-rejoin-rajasthan-royals-testing-negative-covid-19	ipl-2020-dishant-yagnik-rejoin-rajasthan-royals-testing-negative-covid-19
29762579	https://www.espncricinfo.com/story/_/id/29762579/two-week-quarantine-australia-victoria-new-south-wales-players-new-zealand-series	two-week-quarantine-australia-victoria-new-south-wales-players-new-zealand-series
29763724	https://www.espncricinfo.com/story/_/id/29763724/ipl-2020-one-more-csk-player-tests-positive-covid-19	ipl-2020-one-more-csk-player-tests-positive-covid-19
29765357	https://www.espncricinfo.com/story/_/id/29765357/how-other-sports-tackling-cases-athletes-testing-positive-covid-19	how-other-sports-tackling-cases-athletes-testing-positive-covid-19
29766133	https://www.espncricinfo.com/story/_/id/29766133/ipl-2020-suresh-raina-exit-csk-camp-due-concerns-bubble,-isolation	ipl-2020-suresh-raina-exit-csk-camp-due-concerns-bubble,-isolation
29777031	https://www.espncricinfo.com/story/_/id/29777031/ipl-2020-josh-hazlewood-says-csk-covid-19-outbreak-obviously-little-bit-concern	ipl-2020-josh-hazlewood-says-csk-covid-19-outbreak-obviously-little-bit-concern
29783873	https://www.espncricinfo.com/story/_/id/29783873/ipl-2020-franchises-look-glass-half-full-covid-19-hit-finances	ipl-2020-franchises-look-glass-half-full-covid-19-hit-finances
29784929	https://www.espncricinfo.com/story/_/id/29784929/ipl-2020-csk-camp-negative-fresh-covid-19-test-train-september-4-another-test	ipl-2020-csk-camp-negative-fresh-covid-19-test-train-september-4-another-test
29787042	https://www.espncricinfo.com/story/_/id/29787042/new-ecb-chairman-ian-watmore-backs-hundred-warns-job-cuts-inevitable-covid-19-outbre	new-ecb-chairman-ian-watmore-backs-hundred-warns-job-cuts-inevitable-covid-19-outbre
29787528	https://www.espncricinfo.com/story/_/id/29787528/ipl-2020-mumbai-indians-hardik-pandya-focusing-only-cricket-covid-19-entering-ipl-bu	ipl-2020-mumbai-indians-hardik-pandya-focusing-only-cricket-covid-19-entering-ipl-bu
29791091	https://www.espncricinfo.com/story/_/id/29791091/ipl-2020-sunrisers-kane-williamson-shows-little-bit-apprehension-csk-covid-19-outbre	ipl-2020-sunrisers-kane-williamson-shows-little-bit-apprehension-csk-covid-19-outbre
29793266	https://www.espncricinfo.com/story/_/id/29793266/cricket-returns-pakistan-covid-19-situation-improves	cricket-returns-pakistan-covid-19-situation-improves
29793358	https://www.espncricinfo.com/story/_/id/29793358/lpl-2020-lanka-premier-league-rescheduled-expectations-reduced-quarantine-period	lpl-2020-lanka-premier-league-rescheduled-expectations-reduced-quarantine-period
29806368	https://www.espncricinfo.com/story/_/id/29806368/wbbl-season-held-entirely-sydney-hub-amid-covid-19-challenges	wbbl-season-held-entirely-sydney-hub-amid-covid-19-challenges
29807096	https://www.espncricinfo.com/story/_/id/29807096/chennai-super-kings-set-training-extended-quarantine	chennai-super-kings-set-training-extended-quarantine
29807386	https://www.espncricinfo.com/story/_/id/29807386/australia-women-quarantine-coffee-machines,-xbox-three-hours-training	australia-women-quarantine-coffee-machines,-xbox-three-hours-training
29813924	https://www.espncricinfo.com/story/_/id/29813924/the-week-cricket-ipl-first-covid-casualties	the-week-cricket-ipl-first-covid-casualties
29822826	https://www.espncricinfo.com/story/_/id/29822826/ipl-2020-virat-kohli-much-better-shape-rcb-fitness-coach-effects-covid-19-lockdown	ipl-2020-virat-kohli-much-better-shape-rcb-fitness-coach-effects-covid-19-lockdown
29824389	https://www.espncricinfo.com/story/_/id/29824389/bob-willis-trophy-match-abandoned-northamptonshire-player-tests-positive-covid-19	bob-willis-trophy-match-abandoned-northamptonshire-player-tests-positive-covid-19
29825226	https://www.espncricinfo.com/story/_/id/29825226/ipl-2020-delhi-capitals-assistant-physio-tests-positive-covid-19	ipl-2020-delhi-capitals-assistant-physio-tests-positive-covid-19
29827870	https://www.espncricinfo.com/story/_/id/29827870/australia-v-india-2020-21-western-australia-quarantine-snub-forces-india-tour-east	australia-v-india-2020-21-western-australia-quarantine-snub-forces-india-tour-east
29832541	https://www.espncricinfo.com/story/_/id/29832541/cricket-ireland-cancels-interprovincial-t20-links-northamptonshire-covid-case	cricket-ireland-cancels-interprovincial-t20-links-northamptonshire-covid-case
29835989	https://www.espncricinfo.com/story/_/id/29835989/bangladesh-batsman-saif-hassan-tests-positive-covid-19	bangladesh-batsman-saif-hassan-tests-positive-covid-19
29838018	https://www.espncricinfo.com/story/_/id/29838018/covid-resurgence-leave-global-game-crisis-warns-ian-watmore-new-ecb-chairman	covid-resurgence-leave-global-game-crisis-warns-ian-watmore-new-ecb-chairman
29845271	https://www.espncricinfo.com/story/_/id/29845271/ipl-2020-one-chennai-super-kings-player-had-tested-positive-covid-19-back-fold	ipl-2020-one-chennai-super-kings-player-had-tested-positive-covid-19-back-fold
29848829	https://www.espncricinfo.com/story/_/id/29848829/covid-19-crisis-indian-domestic-cricketers-brace-massive-financial-loss	covid-19-crisis-indian-domestic-cricketers-brace-massive-financial-loss
29854404	https://www.espncricinfo.com/story/_/id/29854404/ten-nights-only-bbl-roadshow-drawing-board-navigate-covid-19	ten-nights-only-bbl-roadshow-drawing-board-navigate-covid-19
29864751	https://www.espncricinfo.com/story/_/id/29864751/australia-men-squad-quarantine-train-adelaide-oval-return-england	australia-men-squad-quarantine-train-adelaide-oval-return-england
29866940	https://www.espncricinfo.com/story/_/id/29866940/sl-v-bangladesh-2020-slc-says-bangladesh-need-one-week-quarantine,-according-bcb-ceo	sl-v-bangladesh-2020-slc-says-bangladesh-need-one-week-quarantine,-according-bcb-ceo
29883855	https://www.espncricinfo.com/story/_/id/29883855/bcb-president-nazmul-hassan-says-no-slc-14-day-quarantine-requirement	bcb-president-nazmul-hassan-says-no-slc-14-day-quarantine-requirement
29890040	https://www.espncricinfo.com/story/_/id/29890040/england-news-ecb-announce-62-job-cuts-covid-realities-hit-home	england-news-ecb-announce-62-job-cuts-covid-realities-hit-home
29891392	https://www.espncricinfo.com/story/_/id/29891392/cricket-covid-19-england-players-cannot-exempt-ecb-cuts,-says-chris-woakes	cricket-covid-19-england-players-cannot-exempt-ecb-cuts,-says-chris-woakes
29895432	https://www.espncricinfo.com/story/_/id/29895432/covid-19-bangladesh-batsman-saif-hassan-returns-positive-again-second-test	covid-19-bangladesh-batsman-saif-hassan-returns-positive-again-second-test
29897768	https://www.espncricinfo.com/story/_/id/29897768/sri-lanka-cricket-proposes-split-quarantine-bangladesh-cricket-board	sri-lanka-cricket-proposes-split-quarantine-bangladesh-cricket-board
29898244	https://www.espncricinfo.com/story/_/id/29898244/david-willey-tests-positive-covid-19,-ruling-three-yorkshire-team-mates-blast-group-games	david-willey-tests-positive-covid-19,-ruling-three-yorkshire-team-mates-blast-group-games
29905837	https://www.espncricinfo.com/story/_/id/29905837/ipl-2020-varying-quarantine-period-ipl-bound-players-england-bubble	ipl-2020-varying-quarantine-period-ipl-bound-players-england-bubble
29918561	https://www.espncricinfo.com/story/_/id/29918561/heather-knight-making-cricket-more-inclusive-small-positive-pandemic	heather-knight-making-cricket-more-inclusive-small-positive-pandemic
29927633	https://www.espncricinfo.com/story/_/id/29927633/bangladesh-player-shows-classical-covid-symptoms,-isolated-training-camp	bangladesh-player-shows-classical-covid-symptoms,-isolated-training-camp
29934905	https://www.espncricinfo.com/story/_/id/29934905/ipl-2020-csk-ruturaj-gaikwad-resumes-training-negative-covid-19-tests	ipl-2020-csk-ruturaj-gaikwad-resumes-training-negative-covid-19-tests
29935247	https://www.espncricinfo.com/story/_/id/29935247/women-cricket-covid-19-return-action-some-teams,-not-all	women-cricket-covid-19-return-action-some-teams,-not-all
29935360	https://www.espncricinfo.com/story/_/id/29935360/justin-langer-plans-handle-era-covid-cricket-hubs-boxing,-family,-keeping-perspective	justin-langer-plans-handle-era-covid-cricket-hubs-boxing,-family,-keeping-perspective
29949766	https://www.espncricinfo.com/story/_/id/29949766/ipl-2020-rr-vs-csk-sanju-samson-worked-my-range-hitting-skills-covid-19-break	ipl-2020-rr-vs-csk-sanju-samson-worked-my-range-hitting-skills-covid-19-break
29951741	https://www.espncricinfo.com/story/_/id/29951741/bangladesh-bowler-abu-jayed-tests-positive-covid-19	bangladesh-bowler-abu-jayed-tests-positive-covid-19
29957343	https://www.espncricinfo.com/story/_/id/29957343/covid-19-policy-changes-leave-women-cricketers-flap-pakistan	covid-19-policy-changes-leave-women-cricketers-flap-pakistan
29957765	https://www.espncricinfo.com/story/_/id/29957765/ipl-2020-cricket-australia-juggles-flight-quarantine-challenges-get-mitchell-marsh-home	ipl-2020-cricket-australia-juggles-flight-quarantine-challenges-get-mitchell-marsh-home
29966801	https://www.espncricinfo.com/story/_/id/29966801/australia-afghanistan-test-postponed-due-covid-19-scheduling-difficulties	australia-afghanistan-test-postponed-due-covid-19-scheduling-difficulties
29976718	https://www.espncricinfo.com/story/_/id/29976718/women-cricket-fundamental-ecb-future-covid-financial-crunch,-insists-tom-harrison	women-cricket-fundamental-ecb-future-covid-financial-crunch,-insists-tom-harrison
29977607	https://www.espncricinfo.com/story/_/id/29977607/neetu-david-covid-19-made-picking-women-t20-challenge-squads-challenging-first-assignment	neetu-david-covid-19-made-picking-women-t20-challenge-squads-challenging-first-assignment
29984478	https://www.espncricinfo.com/story/_/id/29984478/england-cricket-covid-19-county-staff-face-return-furlough-october-onwards	england-cricket-covid-19-county-staff-face-return-furlough-october-onwards
29992258	https://www.espncricinfo.com/story/_/id/29992258/bangladesh-tour-sri-lanka-postponed-again-bcb,-slc-stalemate-covid-19-quarantine-continues	bangladesh-tour-sri-lanka-postponed-again-bcb,-slc-stalemate-covid-19-quarantine-continues
29993123	https://www.espncricinfo.com/story/_/id/29993123/sourav-ganguly-priority-host-england-series-india-covid-19-threat	sourav-ganguly-priority-host-england-series-india-covid-19-threat
29993351	https://www.espncricinfo.com/story/_/id/29993351/msl-2020-no-mzansi-super-league-year-covid-19-pandemic	msl-2020-no-mzansi-super-league-year-covid-19-pandemic
29999149	https://www.espncricinfo.com/story/_/id/29999149/covid-19-cricket-lingering-snapshots-summer-carry-cricket-family-uncertain-winter	covid-19-cricket-lingering-snapshots-summer-carry-cricket-family-uncertain-winter
30009386	https://www.espncricinfo.com/story/_/id/30009386/bengal-cricketers-mukesh-kumar-shreyan-chakraborty-test-positive-covid-19	bengal-cricketers-mukesh-kumar-shreyan-chakraborty-test-positive-covid-19
30045127	https://www.espncricinfo.com/story/_/id/30045127/india-women-tour-sri-lanka-five-odis-three-t20is-pending-sri-lanka-quarantine-regulations	india-women-tour-sri-lanka-five-odis-three-t20is-pending-sri-lanka-quarantine-regulations
30047514	https://www.espncricinfo.com/story/_/id/30047514/england-cricket-covid-19-player-welfare-priority-2021-wtc-final-lord-remains-ecb-agenda	england-cricket-covid-19-player-welfare-priority-2021-wtc-final-lord-remains-ecb-agenda
30065563	https://www.espncricinfo.com/story/_/id/30065563/new-south-wales-depart-early-sheffield-shield-sydney-covid-19-cases	new-south-wales-depart-early-sheffield-shield-sydney-covid-19-cases
30067887	https://www.espncricinfo.com/story/_/id/30067887/sheffield-shield-edges-back-covid-19-precipice-uncertainty-remain	sheffield-shield-edges-back-covid-19-precipice-uncertainty-remain
30099551	https://www.espncricinfo.com/story/_/id/30099551/england-tour-sri-lanka-mickey-arthur-really-positive-fixtures-go-ahead	england-tour-sri-lanka-mickey-arthur-really-positive-fixtures-go-ahead
30105822	https://www.espncricinfo.com/story/_/id/30105822/covid-19-impact-bangladesh-hold-preliminary-age-group-trials-whatsapp	covid-19-impact-bangladesh-hold-preliminary-age-group-trials-whatsapp
30118554	https://www.espncricinfo.com/story/_/id/30118554/cricket-australia-confident-wbbl-plans-adapt-changing-covid-19-situation	cricket-australia-confident-wbbl-plans-adapt-changing-covid-19-situation
30119248	https://www.espncricinfo.com/story/_/id/30119248/wbbl-2020-sarah-glenn-reveals-battled-covid-19-april-ahead-wbbl-debut	wbbl-2020-sarah-glenn-reveals-battled-covid-19-april-ahead-wbbl-debut
30125343	https://www.espncricinfo.com/story/_/id/30125343/mansi-joshi-tests-positive-covid-19,-miss-women-t20-challenge	mansi-joshi-tests-positive-covid-19,-miss-women-t20-challenge
30129316	https://www.espncricinfo.com/story/_/id/30129316/national-t20-cup-pcb-disturbed-nine-pakistan-players-breach-covid-19-protocols	national-t20-cup-pcb-disturbed-nine-pakistan-players-breach-covid-19-protocols
30146189	https://www.espncricinfo.com/story/_/id/30146189/australia-vs-india-2020-21-india-quarantine-sydney-canberra	australia-vs-india-2020-21-india-quarantine-sydney-canberra
30148422	https://www.espncricinfo.com/story/_/id/30148422/england-south-africa-2020-21-england-expect-south-africa-tour-go-ahead-quarantine-agreement-reached	england-south-africa-2020-21-england-expect-south-africa-tour-go-ahead-quarantine-agreement-reached
30151633	https://www.espncricinfo.com/story/_/id/30151633/plunket-shield-auckland-seamer-ben-lister-becomes-first-covid-19-replacement	plunket-shield-auckland-seamer-ben-lister-becomes-first-covid-19-replacement
30158473	https://www.espncricinfo.com/story/_/id/30158473/three-bangladesh-19-players-test-positive-covid-19	three-bangladesh-19-players-test-positive-covid-19
30166061	https://www.espncricinfo.com/story/_/id/30166061/world-test-championship-icc-plans-split-points-covid-19-affected-games-complete-cycle	world-test-championship-icc-plans-split-points-covid-19-affected-games-complete-cycle
30168323	https://www.espncricinfo.com/story/_/id/30168323/zimbabwe-players,-support-staff-test-positive-covid-19	zimbabwe-players,-support-staff-test-positive-covid-19
30195168	https://www.espncricinfo.com/story/_/id/30195168/australia-vs-india-2020-21-sourav-ganguly-says-australia-tour-positive-players-families-allowed-tour	australia-vs-india-2020-21-sourav-ganguly-says-australia-tour-positive-players-families-allowed-tour
30215039	https://www.espncricinfo.com/story/_/id/30215039/indian-summer-give-true-insight-covid-new-normal-cricket-australia-funding	indian-summer-give-true-insight-covid-new-normal-cricket-australia-funding
30218753	https://www.espncricinfo.com/story/_/id/30218753/csk-vs-kkr-ipl-2020-ruturaj-gaikwad-covid-made-tough	csk-vs-kkr-ipl-2020-ruturaj-gaikwad-covid-made-tough
30222041	https://www.espncricinfo.com/story/_/id/30222041/covid-19-effect-was-bit-confused-start-ipl-2020,-admits-mumbai-indians-quinton-de-kock	covid-19-effect-was-bit-confused-start-ipl-2020,-admits-mumbai-indians-quinton-de-kock
30223264	https://www.espncricinfo.com/story/_/id/30223264/west-indies-begin-quarantine-period-new-zealand-54-hour-journey	west-indies-begin-quarantine-period-new-zealand-54-hour-journey
30234047	https://www.espncricinfo.com/story/_/id/30234047/phil-simmons-confident-prolonged-isolation-wont-affect-sharp-west-indies-new-zealand-t20is	phil-simmons-confident-prolonged-isolation-wont-affect-sharp-west-indies-new-zealand-t20is
30242967	https://www.espncricinfo.com/story/_/id/30242967/covid-19-4-day-franchise-series-six-warriors-players-withdrawn-opening-round-	covid-19-4-day-franchise-series-six-warriors-players-withdrawn-opening-round-
30247026	https://www.espncricinfo.com/story/_/id/30247026/west-indies-contingent-clears-first-covid-19-test-new-zealand	west-indies-contingent-clears-first-covid-19-test-new-zealand
30254152	https://www.espncricinfo.com/story/_/id/30254152/balochistan-bismillah-khan-tests-positive-covid-19	balochistan-bismillah-khan-tests-positive-covid-19
30254701	https://www.espncricinfo.com/story/_/id/30254701/cricket-ireland-awarded-1.5-million-government-covid-19-sports-rescue-package	cricket-ireland-awarded-1.5-million-government-covid-19-sports-rescue-package
30259656	https://www.espncricinfo.com/story/_/id/30259656/bbl-clubs-face-juggling-act-quarantined-england-players	bbl-clubs-face-juggling-act-quarantined-england-players
30265000	https://www.espncricinfo.com/story/_/id/30265000/west-indies-contingent-new-zealand-clears-second-covid-19-test	west-indies-contingent-new-zealand-clears-second-covid-19-test
30275881	https://www.espncricinfo.com/story/_/id/30275881/mahmudullah-miss-psl-playoffs-testing-positive-covid-19	mahmudullah-miss-psl-playoffs-testing-positive-covid-19
30283785	https://www.espncricinfo.com/story/_/id/30283785/james-vince-set-miss-psl-playoffs-positive-covid-19-test	james-vince-set-miss-psl-playoffs-positive-covid-19-test
30289565	https://www.espncricinfo.com/story/_/id/30289565/mominul-haque,-bangladesh-test-captain,-positive-covid-19-mild-symptoms	mominul-haque,-bangladesh-test-captain,-positive-covid-19-mild-symptoms
30293994	https://www.espncricinfo.com/story/_/id/30293994/new-zeland-vs-west-indies,-2020-21-west-indies-barred-training-isolation-protocol-breaches-christchurch	new-zeland-vs-west-indies,-2020-21-west-indies-barred-training-isolation-protocol-breaches-christchurch
30299884	https://www.espncricinfo.com/story/_/id/30299884/new-zealand-vs-west-indies,-2020-21-west-indies-coach-phil-simmons-apologises-embarrassing-covid-19-breaches	new-zealand-vs-west-indies,-2020-21-west-indies-coach-phil-simmons-apologises-embarrassing-covid-19-breaches
30301071	https://www.espncricinfo.com/story/_/id/30301071/bangladesh-selector-habibul-bashar-tests-positive-covid-19	bangladesh-selector-habibul-bashar-tests-positive-covid-19
30302824	https://www.espncricinfo.com/story/_/id/30302824/australia-vs-india-2020-21-indians-land-sydney-go-quarantine	australia-vs-india-2020-21-indians-land-sydney-go-quarantine
30303445	https://www.espncricinfo.com/story/_/id/30303445/west-indies-touring-party-new-zealand-clears-third-covid-19-test	west-indies-touring-party-new-zealand-clears-third-covid-19-test
30314075	https://www.espncricinfo.com/story/_/id/30314075/india-tour-australia-india-begin-training-clearing-covid-19-test	india-tour-australia-india-begin-training-clearing-covid-19-test
30318915	https://www.espncricinfo.com/story/_/id/30318915/australia-vs-india-2020-21-quality-training-quarantine-key-sean-abbott-success	australia-vs-india-2020-21-quality-training-quarantine-key-sean-abbott-success
30325825	https://www.espncricinfo.com/story/_/id/30325825/australia-vs-india-state-cricketers-forced-self-isolate,-cricket-australia-assesses-adelaide-covid-19-outbreak	australia-vs-india-state-cricketers-forced-self-isolate,-cricket-australia-assesses-adelaide-covid-19-outbreak
30327540	https://www.espncricinfo.com/story/_/id/30327540/the-buzz-virat-kohli-netflix-chillin-quarantine	the-buzz-virat-kohli-netflix-chillin-quarantine
30335337	https://www.espncricinfo.com/story/_/id/30335337/scotland-pull-women-series-ireland-spain-covid-concerns	scotland-pull-women-series-ireland-spain-covid-concerns
30340129	https://www.espncricinfo.com/story/_/id/30340129/aus-vs-ind-2020-21-cricket-australia-optimistic-adelaide-test-covid-19-outbreak	aus-vs-ind-2020-21-cricket-australia-optimistic-adelaide-test-covid-19-outbreak
30342988	https://www.espncricinfo.com/story/_/id/30342988/south-africa-vs-england-three-south-africa-players-isolated-one-tests-positive-covid-19	south-africa-vs-england-three-south-africa-players-isolated-one-tests-positive-covid-19
30346403	https://www.espncricinfo.com/story/_/id/30346403/nz-vs-wi-2020-21-new-zealand-west-indies-ipl-contingent-clear-covid-19-tests-ahead-t20is	nz-vs-wi-2020-21-new-zealand-west-indies-ipl-contingent-clear-covid-19-tests-ahead-t20is
30346752	https://www.espncricinfo.com/story/_/id/30346752/south-africa-vs-england-2020-21-mark-boucher-focused-care-factor-three-sa-players-forced-self-isolate	south-africa-vs-england-2020-21-mark-boucher-focused-care-factor-three-sa-players-forced-self-isolate
30351915	https://www.espncricinfo.com/story/_/id/30351915/lpl-2020-sohail-tanvir-canada-batsman-ravinderpal-singh-test-positive-covid-19	lpl-2020-sohail-tanvir-canada-batsman-ravinderpal-singh-test-positive-covid-19
30353059	https://www.espncricinfo.com/story/_/id/30353059/south-africa-vs-england-2020-21-sa-hit-second-positive-covid-19-test-ahead-england-series%5Cu003esecond	south-africa-vs-england-2020-21-sa-hit-second-positive-covid-19-test-ahead-england-series%5Cu003esecond
30365300	https://www.espncricinfo.com/story/_/id/30365300/new-zealand-vs-pakistan-fakhar-zaman-ruled-nz-tour-developing-covid-symptoms	new-zealand-vs-pakistan-fakhar-zaman-ruled-nz-tour-developing-covid-symptoms
30369874	https://www.espncricinfo.com/story/_/id/30369874/bbl-2020-21-david-warner-return-bbl-australia-career,-expresses-concern-covid-schedule	bbl-2020-21-david-warner-return-bbl-australia-career,-expresses-concern-covid-schedule
30373887	https://www.espncricinfo.com/story/_/id/30373887/pca-response-covid-19-vindicated-limited-county-job-losses-	pca-response-covid-19-vindicated-limited-county-job-losses-
30379234	https://www.espncricinfo.com/story/_/id/30379234/west-indies-bangladesh,-2020-21-cwi-send-inspection-team-assess-covid-19-plans-protocols	west-indies-bangladesh,-2020-21-cwi-send-inspection-team-assess-covid-19-plans-protocols
30387410	https://www.espncricinfo.com/story/_/id/30387410/nepal-captain-gyanendra-malla,-two-others-covid-19-positive	nepal-captain-gyanendra-malla,-two-others-covid-19-positive
30391179	https://www.espncricinfo.com/story/_/id/30391179/new-zealand-vs-pakistan-six-members-pakistan-contingent-test-positive-covid-19	new-zealand-vs-pakistan-six-members-pakistan-contingent-test-positive-covid-19
30393030	https://www.espncricinfo.com/story/_/id/30393030/south-africa-vs-england-2020-risk-matches-being-cancelled-covid-19-cases-rise-remains-real-csa-doctor	south-africa-vs-england-2020-risk-matches-being-cancelled-covid-19-cases-rise-remains-real-csa-doctor
30395214	https://www.espncricinfo.com/story/_/id/30395214/pakistan-new-zealand-2020-21-new-zealand-director-public-health-takes-dim-view-pakistan-covid-breaches	pakistan-new-zealand-2020-21-new-zealand-director-public-health-takes-dim-view-pakistan-covid-breaches
30398622	https://www.espncricinfo.com/story/_/id/30398622/lpl-2020-shahid-afridi-end-quarantine-early-cleared-play-galle-gladiators-opening-game/	lpl-2020-shahid-afridi-end-quarantine-early-cleared-play-galle-gladiators-opening-game/
30404105	https://www.espncricinfo.com/story/_/id/30404105/sandeep-lamichhane-tests-positive-covid-19	sandeep-lamichhane-tests-positive-covid-19
30404383	https://www.espncricinfo.com/story/_/id/30404383/bangabandhu-t20-cup-reserve-umpire-ali-arman-tests-positive-covid-19	bangabandhu-t20-cup-reserve-umpire-ali-arman-tests-positive-covid-19
30404454	https://www.espncricinfo.com/story/_/id/30404454/new-zealand-vs-pakistan-one-more-member-pakistan-camp-tests-positive-covid-19	new-zealand-vs-pakistan-one-more-member-pakistan-camp-tests-positive-covid-19
30421146	https://www.espncricinfo.com/story/_/id/30421146/raza-hasan-expelled-quaid-e-azam-trophy-covid-19-protocol-breach	raza-hasan-expelled-quaid-e-azam-trophy-covid-19-protocol-breach
30432114	https://www.espncricinfo.com/story/_/id/30432114/new-zealand-vs-pakistan,-2020-21-one-further-covid-19-positive-pakistan-touring-squad	new-zealand-vs-pakistan,-2020-21-one-further-covid-19-positive-pakistan-touring-squad
30434716	https://www.espncricinfo.com/story/_/id/30434716/cricket-west-indies-officials-happy-concise-tight-covid-19-protocols-bangladesh	cricket-west-indies-officials-happy-concise-tight-covid-19-protocols-bangladesh
30442973	https://www.espncricinfo.com/story/_/id/30442973/pakistan-tour-new-zealand-how-did-eight-members-pakistan-squad-test-positive-covid-19	pakistan-tour-new-zealand-how-did-eight-members-pakistan-squad-test-positive-covid-19
30447585	https://www.espncricinfo.com/story/_/id/30447585/south-africa-vs-england,-1st-odi,-cape-town-match-called-amid-covid-scare	south-africa-vs-england,-1st-odi,-cape-town-match-called-amid-covid-scare
30447906	https://www.espncricinfo.com/story/_/id/30447906/bbl-2020-21-brisbane-heat-afghanistan-spinner-mujeeb-ur-rahman-tests-positive-covid-19	bbl-2020-21-brisbane-heat-afghanistan-spinner-mujeeb-ur-rahman-tests-positive-covid-19
30452796	https://www.espncricinfo.com/story/_/id/30452796/south-africa-squad-clears-covid-19-tests-england-odi-series-take-place%5Cu003eThe	south-africa-squad-clears-covid-19-tests-england-odi-series-take-place%5Cu003eThe
30460183	https://www.espncricinfo.com/story/_/id/30460183/south-africa-vs-england-2020-1st-odi-cape-town-odi-postponed-positive-covid-tests-cause-paarl-cancellation	south-africa-vs-england-2020-1st-odi-cape-town-odi-postponed-positive-covid-tests-cause-paarl-cancellation
30462283	https://www.espncricinfo.com/story/_/id/30462283/south-africa-vs-england-2020-21-odi-series-go-ahead-covid-19-outbreak%5Cu003eExplainer	south-africa-vs-england-2020-21-odi-series-go-ahead-covid-19-outbreak%5Cu003eExplainer
30467153	https://www.espncricinfo.com/story/_/id/30467153/nz-vs-pak-2020-21-pakistan-set-train-entire-squad-found-covid-negative-final-round-testing	nz-vs-pak-2020-21-pakistan-set-train-entire-squad-found-covid-negative-final-round-testing
30468196	https://www.espncricinfo.com/story/_/id/30468196/england-south-africa-2020-21-england-blame-unacceptable-newlands-facilities-claims-covid-19-protocols-br	england-south-africa-2020-21-england-blame-unacceptable-newlands-facilities-claims-covid-19-protocols-br
30468430	https://www.espncricinfo.com/story/_/id/30468430/south-africa-vs-england-2020-tour-called-covid-19-outbreak	south-africa-vs-england-2020-tour-called-covid-19-outbreak
30475723	https://www.espncricinfo.com/story/_/id/30475723/south-africa-vs-england-squad-cleared-fly-home-confirmation-false-positives	south-africa-vs-england-squad-cleared-fly-home-confirmation-false-positives
30481687	https://www.espncricinfo.com/story/_/id/30481687/australia-tour-south-africa-move-perth-amid-covid-19-fallout	australia-tour-south-africa-move-perth-amid-covid-19-fallout
30481776	https://www.espncricinfo.com/story/_/id/30481776/covid-19-outbreak-sri-lanka-consider-cancelling-tour-south-africa%5Cu003eunderstood	covid-19-outbreak-sri-lanka-consider-cancelling-tour-south-africa%5Cu003eunderstood
30488631	https://www.espncricinfo.com/story/_/id/30488631/pakistan-tour-new-zealand-collectively-accepted-challenge-shan-masood-isolation-new-zealand	pakistan-tour-new-zealand-collectively-accepted-challenge-shan-masood-isolation-new-zealand
30497857	https://www.espncricinfo.com/story/_/id/30497857/nepal-paras-khadka-tests-positive-covid-19	nepal-paras-khadka-tests-positive-covid-19
30501091	https://www.espncricinfo.com/story/_/id/30501091/bbl-2020-21-mujeeb-ur-rahman-links-brisbane-heat-covid-recovery	bbl-2020-21-mujeeb-ur-rahman-links-brisbane-heat-covid-recovery
30501731	https://www.espncricinfo.com/story/_/id/30501731/aus-vs-ind-bcci-rohit-sharma-clinically-fit-work-endurance-quarantine	aus-vs-ind-bcci-rohit-sharma-clinically-fit-work-endurance-quarantine
30517118	https://www.espncricinfo.com/story/_/id/30517118/brisbane-heat-vs-sydney-thunder,-bbl-2020-chris-lynn,-dan-lawrence-investigated-covid-19-protocol-breach	brisbane-heat-vs-sydney-thunder,-bbl-2020-chris-lynn,-dan-lawrence-investigated-covid-19-protocol-breach
30517186	https://www.espncricinfo.com/story/_/id/30517186/nz-vs-wi-2nd-test-players-travel-quarantine,-why-umpires,-asks-jason-holder	nz-vs-wi-2nd-test-players-travel-quarantine,-why-umpires,-asks-jason-holder
30517542	https://www.espncricinfo.com/story/_/id/30517542/south-africa-domestic-match-called-dolphins-player-tests-covid-19-positive-sri-lanka-series-looms	south-africa-domestic-match-called-dolphins-player-tests-covid-19-positive-sri-lanka-series-looms
30523036	https://www.espncricinfo.com/story/_/id/30523036/bbl-2020-21-chris-lynn,-dan-lawrence-brisbane-heat-fined-covid-19-breach	bbl-2020-21-chris-lynn,-dan-lawrence-brisbane-heat-fined-covid-19-breach
30537861	https://www.espncricinfo.com/story/_/id/30537861/south-africa-vs-sri-lanka-2020-21-sa-face-first-test-selection-headaches-amid-domestic-covid-19-scare	south-africa-vs-sri-lanka-2020-21-sa-face-first-test-selection-headaches-amid-domestic-covid-19-scare
30538962	https://www.espncricinfo.com/story/_/id/30538962/final-round-south-africa-domestic-fixtures-postponed-2021-due-covid-19	final-round-south-africa-domestic-fixtures-postponed-2021-due-covid-19
30541025	https://www.espncricinfo.com/story/_/id/30541025/australia-vs-india,-1st-test,-adelaide-cricket-australia-alert-sydney-covid-19-outbreak	australia-vs-india,-1st-test,-adelaide-cricket-australia-alert-sydney-covid-19-outbreak
30544047	https://www.espncricinfo.com/story/_/id/30544047/sa-vs-sl-raynard-van-tonder,-lutho-sipamla-earn-maiden-test-call-ups-sri-lanka-series-covid-19	sa-vs-sl-raynard-van-tonder,-lutho-sipamla-earn-maiden-test-call-ups-sri-lanka-series-covid-19
30550689	https://www.espncricinfo.com/story/_/id/30550689/aus-vs-ind-2nd-test-sydney-covid-19-outbreak-david-warner,-sean-abbott-flown-melbourne-early	aus-vs-ind-2nd-test-sydney-covid-19-outbreak-david-warner,-sean-abbott-flown-melbourne-early
30579705	https://www.espncricinfo.com/story/_/id/30579705/sri-lanka-worried-new-covid-19-strain,-england-tour-likely-schedule	sri-lanka-worried-new-covid-19-strain,-england-tour-likely-schedule
30579713	https://www.espncricinfo.com/story/_/id/30579713/suresh-raina-arrested-let-bail-flouting-covid-19-rules	suresh-raina-arrested-let-bail-flouting-covid-19-rules
30588689	https://www.espncricinfo.com/story/_/id/30588689/england-sri-lanka-2020-21-england-players-exempt-quarantine,-spite-south-africa-covid-mutation	england-sri-lanka-2020-21-england-players-exempt-quarantine,-spite-south-africa-covid-mutation
30615266	https://www.espncricinfo.com/story/_/id/30615266/bbl-2020-21-sam-billings-embracing-challenges-cricket-covid-era	bbl-2020-21-sam-billings-embracing-challenges-cricket-covid-era
30617325	https://www.espncricinfo.com/story/_/id/30617325/aus-vs-ind-3rd-test-scg-sydney-cricket-ground-retains-third-test-spite-covid-doubts	aus-vs-ind-3rd-test-scg-sydney-cricket-ground-retains-third-test-spite-covid-doubts
30621455	https://www.espncricinfo.com/story/_/id/30621455/australia-vs-india,-2020-21-sydney-covid-19-spike-raises-scg-test-crowd-doubts	australia-vs-india,-2020-21-sydney-covid-19-spike-raises-scg-test-crowd-doubts
30623664	https://www.espncricinfo.com/story/_/id/30623664/australia-vs-india-2020-21-rohit-sharma-joins-india-squad-two-week-quarantine	australia-vs-india-2020-21-rohit-sharma-joins-india-squad-two-week-quarantine
30633219	https://www.espncricinfo.com/story/_/id/30633219/england-sri-lanka-2020-21-joe-root-england-prepared-positive-tests-attempt-manage-covid-threat	england-sri-lanka-2020-21-joe-root-england-prepared-positive-tests-attempt-manage-covid-threat
30636602	https://www.espncricinfo.com/story/_/id/30636602/aus-vs-ind-rohit,-pant,-gill,-shaw,-saini-placed-isolation-post-outing-melbourne	aus-vs-ind-rohit,-pant,-gill,-shaw,-saini-placed-isolation-post-outing-melbourne
30642622	https://www.espncricinfo.com/story/_/id/30642622/zimbabwe-cricket-puts-all-cricket-activities-hold-due-rising-covid-19-cases	zimbabwe-cricket-puts-all-cricket-activities-hold-due-rising-covid-19-cases
30647715	https://www.espncricinfo.com/story/_/id/30647715/aus-vs-ind-2020-21-india-australia-players-staff-all-test-negative-covid-19	aus-vs-ind-2020-21-india-australia-players-staff-all-test-negative-covid-19
30649464	https://www.espncricinfo.com/story/_/id/30649464/sri-lanka-vs-england-moeen-ali-tests-positive-covid-19-england-arrive-sri-lanka	sri-lanka-vs-england-moeen-ali-tests-positive-covid-19-england-arrive-sri-lanka
30649929	https://www.espncricinfo.com/story/_/id/30649929/alarm-bells-pcb-sana-mir-tests-positive-covid-19	alarm-bells-pcb-sana-mir-tests-positive-covid-19
30652779	https://www.espncricinfo.com/story/_/id/30652779/sydney-bbl-fixtures-move-interstate-due-covid-19-border-restrictions	sydney-bbl-fixtures-move-interstate-due-covid-19-border-restrictions
30655348	https://www.espncricinfo.com/story/_/id/30655348/england-sri-lanka-2021-england-touring-party-sri-lanka-faces-anxious-wait-covid-19-test-results	england-sri-lanka-2021-england-touring-party-sri-lanka-faces-anxious-wait-covid-19-test-results
30658765	https://www.espncricinfo.com/story/_/id/30658765/australia-vs-india,-2020-21-fears-covid-19-case-acquired-virus-mcg-test	australia-vs-india,-2020-21-fears-covid-19-case-acquired-virus-mcg-test
30660509	https://www.espncricinfo.com/story/_/id/30660509/england-sri-lanka-2020-21-no-new-positive-tests-england-gives-boost-sri-lanka-series-prospects	england-sri-lanka-2020-21-no-new-positive-tests-england-gives-boost-sri-lanka-series-prospects
30668861	https://www.espncricinfo.com/story/_/id/30668861/india-not-travel-brisbane-there-hard-quarantine-bcci-ca	india-not-travel-brisbane-there-hard-quarantine-bcci-ca
30668876	https://www.espncricinfo.com/story/_/id/30668876/jack-leach-admits-covid-19-concerns-meant-feared-had-played-last-test	jack-leach-admits-covid-19-concerns-meant-feared-had-played-last-test
30671695	https://www.espncricinfo.com/story/_/id/30671695/two-uae-players-test-positive-covid-19-ahead-ireland-odis	two-uae-players-test-positive-covid-19-ahead-ireland-odis
30678604	https://www.espncricinfo.com/story/_/id/30678604/aus-vs-ind-gabba-test-india-fear-multiple-quarantines-impact-home-series-england-	aus-vs-ind-gabba-test-india-fear-multiple-quarantines-impact-home-series-england-
30680004	https://www.espncricinfo.com/story/_/id/30680004/another-covid-19-case-uae-camp-pushes-ireland-odi-january-16	another-covid-19-case-uae-camp-pushes-ireland-odi-january-16
30690987	https://www.espncricinfo.com/story/_/id/30690987/bbl-2020-21-seven-bbl-fixtures-relocated-due-travel-restrictions-covid-hotspots	bbl-2020-21-seven-bbl-fixtures-relocated-due-travel-restrictions-covid-hotspots
30693360	https://www.espncricinfo.com/story/_/id/30693360/ireland-uae-2020-21-uae-ireland-odi-called-covid-19-outbreak-worsens	ireland-uae-2020-21-uae-ireland-odi-called-covid-19-outbreak-worsens
30697686	https://www.espncricinfo.com/story/_/id/30697686/england-sri-lanka-2021-moeen-ali-faces-extended-quarantine,-set-miss-second-sri-lanka-test	england-sri-lanka-2021-moeen-ali-faces-extended-quarantine,-set-miss-second-sri-lanka-test
30698777	https://www.espncricinfo.com/story/_/id/30698777/sri-lanka-vs-england-2020-21-chris-woakes-resigned-first-test-absence-release-covid-quarantine	sri-lanka-vs-england-2020-21-chris-woakes-resigned-first-test-absence-release-covid-quarantine
30714175	https://www.espncricinfo.com/story/_/id/30714175/ban-vs-wi,-2021-22-hayden-walsh-ruled-bangladesh-odi-series-testing-positive-covid-19	ban-vs-wi,-2021-22-hayden-walsh-ruled-bangladesh-odi-series-testing-positive-covid-19
30716383	https://www.espncricinfo.com/story/_/id/30716383/sri-lanka-vs-england-england-unconcerned-hotel-staff-positive-covid-tests	sri-lanka-vs-england-england-unconcerned-hotel-staff-positive-covid-tests
30717302	https://www.espncricinfo.com/story/_/id/30717302/uae-ireland-odi-series-held-again-no-further-covid-positives	uae-ireland-odi-series-held-again-no-further-covid-positives
30722619	https://www.espncricinfo.com/story/_/id/30722619/sri-lanka-vs-england,-1st-test,-galle-moeen-ali-returns-england-bubble-release-quarantine	sri-lanka-vs-england,-1st-test,-galle-moeen-ali-returns-england-bubble-release-quarantine
30725809	https://www.espncricinfo.com/story/_/id/30725809/bbl-2020-21-aaron-finch-returns-top-bid-positive-end-difficult-bbl	bbl-2020-21-aaron-finch-returns-top-bid-positive-end-difficult-bbl
30752875	https://www.espncricinfo.com/story/_/id/30752875/wi-vs-sl-2021-22-sri-lanka-binura-fernando-chamika-karunaratne-test-covid-19-positive-ahead-west-indies-tour	wi-vs-sl-2021-22-sri-lanka-binura-fernando-chamika-karunaratne-test-covid-19-positive-ahead-west-indies-tour
30758673	https://www.espncricinfo.com/story/_/id/30758673/quarantine-restrictions-force-south-africa-use-separate-t20i-test-squads	quarantine-restrictions-force-south-africa-use-separate-t20i-test-squads
30775490	https://www.espncricinfo.com/story/_/id/30775490/ban-vs-wi-2020-21-richard-illingworth-become-first-neutral-umpire-test-cricket-covid-19-pandemic	ban-vs-wi-2020-21-richard-illingworth-become-first-neutral-umpire-test-cricket-covid-19-pandemic
30777116	https://www.espncricinfo.com/story/_/id/30777116/james-harris-ready-huge-challenge-covid-19-election-pca-chair	james-harris-ready-huge-challenge-covid-19-election-pca-chair
30781347	https://www.espncricinfo.com/story/_/id/30781347/bbl-2020-21-bbl-finals-week-fixtures-navigate-covid-19-border-restrictions	bbl-2020-21-bbl-finals-week-fixtures-navigate-covid-19-border-restrictions
30785828	https://www.espncricinfo.com/story/_/id/30785828/shai-hope,-kyle-hope-test-positive-covid-19,-ruled-super-50-cup	shai-hope,-kyle-hope-test-positive-covid-19,-ruled-super-50-cup
30806267	https://www.espncricinfo.com/story/_/id/30806267/england-india-2020-21-moeen-ali-urges-people-take-covid-19-vaccine	england-india-2020-21-moeen-ali-urges-people-take-covid-19-vaccine
30815185	https://www.espncricinfo.com/story/_/id/30815185/ind-vs-eng-1st-test-india-england-squad-members-clear-covid-19-tests	ind-vs-eng-1st-test-india-england-squad-members-clear-covid-19-tests
30819682	https://www.espncricinfo.com/story/_/id/30819682/australia-postpone-south-africa-tour-unacceptable-level-covid-19-risk	australia-postpone-south-africa-tour-unacceptable-level-covid-19-risk
30823762	https://www.espncricinfo.com/story/_/id/30823762/covid-19-cricket-south-africa-rejected-formal-australia-offer-host-test-series	covid-19-cricket-south-africa-rejected-formal-australia-offer-host-test-series
30826043	https://www.espncricinfo.com/story/_/id/30826043/sl-tour-wi-mickey-arthur-lahiru-thirimanne-test-positive-covid-19	sl-tour-wi-mickey-arthur-lahiru-thirimanne-test-positive-covid-19
30827145	https://www.espncricinfo.com/story/_/id/30827145/chris-jordan-hopes-positive-influence-bame-communities	chris-jordan-hopes-positive-influence-bame-communities
30861486	https://www.espncricinfo.com/story/_/id/30861486/zim-vs-ire-2021-22-ireland-white-ball-tour-zimbabwe-postponed-amid-covid-19-reshuffle	zim-vs-ire-2021-22-ireland-white-ball-tour-zimbabwe-postponed-amid-covid-19-reshuffle
30866337	https://www.espncricinfo.com/story/_/id/30866337/pak-vs-sa-t20is-heinrich-klaasen-covid-19-not-run-20-30-metres-heart-rate-going-too-high	pak-vs-sa-t20is-heinrich-klaasen-covid-19-not-run-20-30-metres-heart-rate-going-too-high
30879216	https://www.espncricinfo.com/story/_/id/30879216/zim-women-vs-pak-w-2021-22-covid-19-pakistan-women-tour-zimbabwe-ends-abruptly-flight-restrictions	zim-women-vs-pak-w-2021-22-covid-19-pakistan-women-tour-zimbabwe-ends-abruptly-flight-restrictions
30879575	https://www.espncricinfo.com/story/_/id/30879575/when-kyle-jarvis-had-covid-19,-malaria-tick-bite-fever	when-kyle-jarvis-had-covid-19,-malaria-tick-bite-fever
30880687	https://www.espncricinfo.com/story/_/id/30880687/covid-19-vaccines-key-bangladesh-2020-21-domestic-season	covid-19-vaccines-key-bangladesh-2020-21-domestic-season
30884747	https://www.espncricinfo.com/story/_/id/30884747/qualification-2023-world-cup-covid-19-forces-postponement-three-men-world-cup-league-2-series	qualification-2023-world-cup-covid-19-forces-postponement-three-men-world-cup-league-2-series
30900266	https://www.espncricinfo.com/story/_/id/30900266/australia-covid-19-victoria-cleared-travel-nsw-new-south-wales-domestic-fixtures-melbourne-lockdown	australia-covid-19-victoria-cleared-travel-nsw-new-south-wales-domestic-fixtures-melbourne-lockdown
30922241	https://www.espncricinfo.com/story/_/id/30922241/first-round-covid-19-vaccines-administered-new-zealand-bound-bangladesh-squad-members	first-round-covid-19-vaccines-administered-new-zealand-bound-bangladesh-squad-members
30933036	https://www.espncricinfo.com/story/_/id/30933036/psl-2021-wahab-riaz-daren-sammy-quarantine-breaching-biosecure-protocols	psl-2021-wahab-riaz-daren-sammy-quarantine-breaching-biosecure-protocols
30944462	https://www.espncricinfo.com/story/_/id/30944462/sri-lanka-lahiru-kumara-tests-positive-covid-19-miss-west-indies-tour	sri-lanka-lahiru-kumara-tests-positive-covid-19-miss-west-indies-tour
30949312	https://www.espncricinfo.com/story/_/id/30949312/indian-domestic-cricket-vijay-hazare-trophy-2020-21-bihar-player-tests-positive-covid-19	indian-domestic-cricket-vijay-hazare-trophy-2020-21-bihar-player-tests-positive-covid-19
30969397	https://www.espncricinfo.com/story/_/id/30969397/ind-vs-sa-women-cricket-no-squads-yet-india-south-africa-go-quarantine	ind-vs-sa-women-cricket-no-squads-yet-india-south-africa-go-quarantine
30972687	https://www.espncricinfo.com/story/_/id/30972687/covid-19-wellington-host-matches-auckland-goes-lockdown	covid-19-wellington-host-matches-auckland-goes-lockdown
30982429	https://www.espncricinfo.com/story/_/id/30982429/nz-covid-19-lockdown-wellington-host-remainder-australia-men-england-women-matches	nz-covid-19-lockdown-wellington-host-remainder-australia-men-england-women-matches
30983913	https://www.espncricinfo.com/story/_/id/30983913/islamabad-quetta-game-postponed-tomorrow-fawad-ahmed-tests-positive-covid-19	islamabad-quetta-game-postponed-tomorrow-fawad-ahmed-tests-positive-covid-19
30984044	https://www.espncricinfo.com/story/_/id/30984044/afghanistan-vs-zimbabwe-1st-test-sean-williams-playing-covid-19-s-not-faint-hearted	afghanistan-vs-zimbabwe-1st-test-sean-williams-playing-covid-19-s-not-faint-hearted
30985760	https://www.espncricinfo.com/story/_/id/30985760/ipl-2021-mumbai-set-miss-ipl-staging-due-covid-19-spike	ipl-2021-mumbai-set-miss-ipl-staging-due-covid-19-spike
30988713	https://www.espncricinfo.com/story/_/id/30988713/psl-fawad-ahmed-two-overseas-players-one-support-staffer-test-positive-covid-19	psl-fawad-ahmed-two-overseas-players-one-support-staffer-test-positive-covid-19
30989010	https://www.espncricinfo.com/story/_/id/30989010/covid-19-cricket-english-cricket-anticipates-government-bail-wednesday-budget	covid-19-cricket-english-cricket-anticipates-government-bail-wednesday-budget
30996363	https://www.espncricinfo.com/story/_/id/30996363/psl-2021-pcb-mulls-playing-entire-psl-karachi-recent-covid-19-cases	psl-2021-pcb-mulls-playing-entire-psl-karachi-recent-covid-19-cases
30997159	https://www.espncricinfo.com/story/_/id/30997159/psl-2021-pcb-offers-covid-19-vaccine-all-participants	psl-2021-pcb-offers-covid-19-vaccine-all-participants
31001025	https://www.espncricinfo.com/story/_/id/31001025/psl-2021-postponed-more-players-test-positive-covid-19	psl-2021-postponed-more-players-test-positive-covid-19
31001768	https://www.espncricinfo.com/story/_/id/31001768/a-line-how-covid-19-forced-psl-2021-suspended	a-line-how-covid-19-forced-psl-2021-suspended
31007725	https://www.espncricinfo.com/story/_/id/31007725/bangladesh-emerging-team-vs-ireland-game-called-ruhan-pretorius-tests-positive-covid-19	bangladesh-emerging-team-vs-ireland-game-called-ruhan-pretorius-tests-positive-covid-19
31018747	https://www.espncricinfo.com/story/_/id/31018747/india-women-just-lost-year,-not-all-blame-goes-covid	india-women-just-lost-year,-not-all-blame-goes-covid
31022370	https://www.espncricinfo.com/story/_/id/31022370/psl-2021-non-playing-psl-franchise-member-left-bubble-testing-covid-19-positive	psl-2021-non-playing-psl-franchise-member-left-bubble-testing-covid-19-positive
31025118	https://www.espncricinfo.com/story/_/id/31025118/covid-summer-brings-australia-back-field-defeats-india-new-zealand	covid-summer-brings-australia-back-field-defeats-india-new-zealand
31027646	https://www.espncricinfo.com/story/_/id/31027646/ireland-tour-bangladesh-ruhan-pretorius-opens-bizarre-days-false-covid-positive	ireland-tour-bangladesh-ruhan-pretorius-opens-bizarre-days-false-covid-positive
31030506	https://www.espncricinfo.com/story/_/id/31030506/ireland-support-staff-tests-positive-covid-19,-prompts-two-hour-delay	ireland-support-staff-tests-positive-covid-19,-prompts-two-hour-delay
31079604	https://www.espncricinfo.com/story/_/id/31079604/covid-19-impact-bcci-suspends-19-men-50-domestic-tournament-	covid-19-impact-bcci-suspends-19-men-50-domestic-tournament-
31080373	https://www.espncricinfo.com/story/_/id/31080373/member-pakistan-touring-party-africa-tests-positive-covid-19	member-pakistan-touring-party-africa-tests-positive-covid-19
31087606	https://www.espncricinfo.com/story/_/id/31087606/psl-2021-likely-resume-early-june-following-week-quarantine	psl-2021-likely-resume-early-june-following-week-quarantine
31098679	https://www.espncricinfo.com/story/_/id/31098679/pakistan-pm-former-cricket-captain-imran-khan-tests-positive-covid-19,-enters-self-isolation	pakistan-pm-former-cricket-captain-imran-khan-tests-positive-covid-19,-enters-self-isolation
31124832	https://www.espncricinfo.com/story/_/id/31124832/new-zealand-cricketers-covid-19-vaccine-priority-list	new-zealand-cricketers-covid-19-vaccine-priority-list
31144548	https://www.espncricinfo.com/story/_/id/31144548/after-sachin-tendulkar-yusuf-pathan,-s-badrinath-tests-covid-19-positive	after-sachin-tendulkar-yusuf-pathan,-s-badrinath-tests-covid-19-positive
31153370	https://www.espncricinfo.com/story/_/id/31153370/bangladesh-cricket-mominul-haque-rested-next-ncl-round-recent-issues-covid-19	bangladesh-cricket-mominul-haque-rested-next-ncl-round-recent-issues-covid-19
31153761	https://www.espncricinfo.com/story/_/id/31153761/icc-regulations-non-neutral-umpires-covid-19-regulations-extend-july	icc-regulations-non-neutral-umpires-covid-19-regulations-extend-july
31157422	https://www.espncricinfo.com/story/_/id/31157422/final-rounds-marsh-cup,-sheffield-shield-set-resume-amid-latest-covid-outbreak	final-rounds-marsh-cup,-sheffield-shield-set-resume-amid-latest-covid-outbreak
31159443	https://www.espncricinfo.com/story/_/id/31159443/irfan-pathan-fourth-player-test-covid-19-positive-road-safety-world-series	irfan-pathan-fourth-player-test-covid-19-positive-road-safety-world-series
31163258	https://www.espncricinfo.com/story/_/id/31163258/india-women-t20i-captain-harmanpreet-kaur-tests-positive-covid-19	india-women-t20i-captain-harmanpreet-kaur-tests-positive-covid-19
31166782	https://www.espncricinfo.com/story/_/id/31166782/county-game-expected-report-100-million-losses-due-covid-19-neil-snowball	county-game-expected-report-100-million-losses-due-covid-19-neil-snowball
31178264	https://www.espncricinfo.com/story/_/id/31178264/limit-squads-icc-events-increased-30-response-covid-19	limit-squads-icc-events-increased-30-response-covid-19
31180904	https://www.espncricinfo.com/story/_/id/31180904/bangladesh-domestic-ncl-2021-matches-postponed-amid-surge-covid-19-cases	bangladesh-domestic-ncl-2021-matches-postponed-amid-surge-covid-19-cases
31181122	https://www.espncricinfo.com/story/_/id/31181122/covid-19-sachin-tendulkar-hospitalised-matter-abundant-precaution	covid-19-sachin-tendulkar-hospitalised-matter-abundant-precaution
31181631	https://www.espncricinfo.com/story/_/id/31181631/covid-19-effect-icc-sets-fund-financially-hit-members	covid-19-effect-icc-sets-fund-financially-hit-members
31186770	https://www.espncricinfo.com/story/_/id/31186770/ipl-2021-bcci-keeps-hyderabad-contingency-plans-covid-19-surge	ipl-2021-bcci-keeps-hyderabad-contingency-plans-covid-19-surge
31187115	https://www.espncricinfo.com/story/_/id/31187115/ipl-2021-delhi-capitals-axar-patel-tests-positive-covid-19	ipl-2021-delhi-capitals-axar-patel-tests-positive-covid-19
31193779	https://www.espncricinfo.com/story/_/id/31193779/ipl-2021-devdutt-padikkal-quarantine-home-testing-positive-covid-19	ipl-2021-devdutt-padikkal-quarantine-home-testing-positive-covid-19
31197236	https://www.espncricinfo.com/story/_/id/31197236/county-championship-2021-wayne-parnell-miss-northants-season-opener-quarantine-extended-nhs-system	county-championship-2021-wayne-parnell-miss-northants-season-opener-quarantine-extended-nhs-system
31202672	https://www.espncricinfo.com/story/_/id/31202672/ipl-2021-mumbai-indians-kiran-more-tests-covid-19-positive-mi-ipl-bubble	ipl-2021-mumbai-indians-kiran-more-tests-covid-19-positive-mi-ipl-bubble
31207074	https://www.espncricinfo.com/story/_/id/31207074/ipl-2021-devdutt-padikkal-links-royal-challengers-bangalore-testing-negative-covid-19	ipl-2021-devdutt-padikkal-links-royal-challengers-bangalore-testing-negative-covid-19
31208318	https://www.espncricinfo.com/story/_/id/31208318/ipl-2021-glenn-maxwell-want-positive-influence-rcb-performances-take-care-	ipl-2021-glenn-maxwell-want-positive-influence-rcb-performances-take-care-
31209241	https://www.espncricinfo.com/story/_/id/31209241/tracker-how-covid-19-affected-ipl-2021	tracker-how-covid-19-affected-ipl-2021
31209781	https://www.espncricinfo.com/story/_/id/31209781/icc-ceo-geoff-allardice-covid-19-made-very-difficult-re-establish-calendar-women-cricket	icc-ceo-geoff-allardice-covid-19-made-very-difficult-re-establish-calendar-women-cricket
31209968	https://www.espncricinfo.com/story/_/id/31209968/global-t20-canada-set-held-malaysia-due-covid-19	global-t20-canada-set-held-malaysia-due-covid-19
31213564	https://www.espncricinfo.com/story/_/id/31213564/covid-19-two-remaining-men-world-cup-challenge-league-series-rescheduled	covid-19-two-remaining-men-world-cup-challenge-league-series-rescheduled
31214286	https://www.espncricinfo.com/story/_/id/31214286/ipl-2021-virat-kohli-royal-challengers-bangalore-rcb-captain-says-no-home-advantage-positive	ipl-2021-virat-kohli-royal-challengers-bangalore-rcb-captain-says-no-home-advantage-positive
31214647	https://www.espncricinfo.com/story/_/id/31214647/covid-19-sachin-tendulkar-discharged-hospital-testing-negative	covid-19-sachin-tendulkar-discharged-hospital-testing-negative
31215243	https://www.espncricinfo.com/story/_/id/31215243/ipl-2021-faqs-strongest-team-covid-effect-overseas-captains-more	ipl-2021-faqs-strongest-team-covid-effect-overseas-captains-more
31222057	https://www.espncricinfo.com/story/_/id/31222057/sa-vs-pak-1st-t20i-heinrich-klaasen-hopes-south-africa-positive-streetwise	sa-vs-pak-1st-t20i-heinrich-klaasen-hopes-south-africa-positive-streetwise
31227287	https://www.espncricinfo.com/story/_/id/31227287/pakistan-19-tour-bangladesh-called-due-covid-19-surge	pakistan-19-tour-bangladesh-called-due-covid-19-surge
31238176	https://www.espncricinfo.com/story/_/id/31238176/srh-vs-kkr,-ipl-2021-nitish-rana-jumps-match-winning-mode-covid-19-bout	srh-vs-kkr,-ipl-2021-nitish-rana-jumps-match-winning-mode-covid-19-bout
31243628	https://www.espncricinfo.com/story/_/id/31243628/ireland-suspends-elite-men-training-player-tests-positive-covid-19	ireland-suspends-elite-men-training-player-tests-positive-covid-19
31247331	https://www.espncricinfo.com/story/_/id/31247331/five-south-africa-emerging-women-players-test-positive-covid-19	five-south-africa-emerging-women-players-test-positive-covid-19
31248279	https://www.espncricinfo.com/story/_/id/31248279/ipl-2021-royal-challengers-bangalore-being-rcb-death-bowler-privilege-positive-harshal-patel	ipl-2021-royal-challengers-bangalore-being-rcb-death-bowler-privilege-positive-harshal-patel
31249297	https://www.espncricinfo.com/story/_/id/31249297/covid-19-india-tour-england-postponed-india-test-team-travel-larger-squad-instead	covid-19-india-tour-england-postponed-india-test-team-travel-larger-squad-instead
31254889	https://www.espncricinfo.com/story/_/id/31254889/ipl-2021-delay-covid-19-test-results-rules-anrich-nortje-kagiso-rabada-available-rajasthan-royals-game	ipl-2021-delay-covid-19-test-results-rules-anrich-nortje-kagiso-rabada-available-rajasthan-royals-game
31267487	https://www.espncricinfo.com/story/_/id/31267487/ipl-2021-delhi-capitals-anrich-nortje-joins-delhi-capitals-bubble-testing-negative-covid-19	ipl-2021-delhi-capitals-anrich-nortje-joins-delhi-capitals-bubble-testing-negative-covid-19
31290537	https://www.espncricinfo.com/story/_/id/31290537/ecb-confident-summer-schedule-survive-india-joining-covid-19-red-list	ecb-confident-summer-schedule-survive-india-joining-covid-19-red-list
31293539	https://www.espncricinfo.com/story/_/id/31293539/eng-vs-nz-2021-surgery-done,-colin-de-grandhomme-ready-england-tour,-nz-players-get-covid-vaccine	eng-vs-nz-2021-surgery-done,-colin-de-grandhomme-ready-england-tour,-nz-players-get-covid-vaccine
31303074	https://www.espncricinfo.com/story/_/id/31303074/pbks-vs-srh,-ipl-2021-injured-natarajan-not-leaving-sunrisers-bubble-scans-due-quarantine-rule	pbks-vs-srh,-ipl-2021-injured-natarajan-not-leaving-sunrisers-bubble-scans-due-quarantine-rule
31307260	https://www.espncricinfo.com/story/_/id/31307260/covid-19-ms-dhoni-parents-hospitalised-support-set-says-csk-coach-stephen-fleming	covid-19-ms-dhoni-parents-hospitalised-support-set-says-csk-coach-stephen-fleming
31310472	https://www.espncricinfo.com/story/_/id/31310472/ipl-2021-being-quarantine-best-moment-my-life-test-debut,-says-axar-patel	ipl-2021-being-quarantine-best-moment-my-life-test-debut,-says-axar-patel
31316632	https://www.espncricinfo.com/story/_/id/31316632/ipl-2021-officials-back-covid-19-bubble-no-plans-shifting-ipl-matches-delhi	ipl-2021-officials-back-covid-19-bubble-no-plans-shifting-ipl-matches-delhi
31330447	https://www.espncricinfo.com/story/_/id/31330447/ricky-ponting-covid-19-situation-quite-grim-ipl-bring-lot-joy	ricky-ponting-covid-19-situation-quite-grim-ipl-bring-lot-joy
31330970	https://www.espncricinfo.com/story/_/id/31330970/ipl-2021-rajasthan-royals-andrew-tye-leaves-home-anxiety-worsening-covid-19-situation-builds	ipl-2021-rajasthan-royals-andrew-tye-leaves-home-anxiety-worsening-covid-19-situation-builds
31336802	https://www.espncricinfo.com/story/_/id/31336802/covid-19-kkr-pat-cummins-donates-$50,000-purchase-oxygen-supplies-india-hospitals-ipl-2021	covid-19-kkr-pat-cummins-donates-$50,000-purchase-oxygen-supplies-india-hospitals-ipl-2021
31338211	https://www.espncricinfo.com/story/_/id/31338211/sl-vs-ban-2nd-test-bangladesh-new-positive-outlook-bodes-well-their-test-future	sl-vs-ban-2nd-test-bangladesh-new-positive-outlook-bodes-well-their-test-future
31339660	https://www.espncricinfo.com/story/_/id/31339660/psl-conduct-replacement-draft-ahead-2021-season-resumption-following-postponement-covid-19	psl-conduct-replacement-draft-ahead-2021-season-resumption-following-postponement-covid-19
31348516	https://www.espncricinfo.com/story/_/id/31348516/2021-women-t20-challenge-likely-postponed-amid-covid-19-wave-india	2021-women-t20-challenge-likely-postponed-amid-covid-19-wave-india
31352167	https://www.espncricinfo.com/story/_/id/31352167/bcci-gives-nod-tnpl-season-5-held-covid-19-precautions-place	bcci-gives-nod-tnpl-season-5-held-covid-19-precautions-place
31364937	https://www.espncricinfo.com/story/_/id/31364937/covid-19-shikhar-dhawan-sachin-tendulkar-nicholas-pooran-jaydev-unadkat-contribute-relief-efforts	covid-19-shikhar-dhawan-sachin-tendulkar-nicholas-pooran-jaydev-unadkat-contribute-relief-efforts
31366159	https://www.espncricinfo.com/story/_/id/31366159/nightmare-week-how-r-ashwin-family-dealing-covid-19-crisis	nightmare-week-how-r-ashwin-family-dealing-covid-19-crisis
31369818	https://www.espncricinfo.com/story/_/id/31369818/county-championship-2021-covid-19-substitution-jack-brooks-somerset-lewis-gregory-ruled-out	county-championship-2021-covid-19-substitution-jack-brooks-somerset-lewis-gregory-ruled-out
31370895	https://www.espncricinfo.com/story/_/id/31370895/mi-vs-csk,-ipl-2021-hardik,-krunal-pandya-donate-200-oxygen-concentrators-rural-areas-covid-19	mi-vs-csk,-ipl-2021-hardik,-krunal-pandya-donate-200-oxygen-concentrators-rural-areas-covid-19
31375848	https://www.espncricinfo.com/story/_/id/31375848/ipl-2021-virat-kohli-says-rcb-support-india-covid-19-relief,-wear-special-blue-jersey-raise-funds	ipl-2021-virat-kohli-says-rcb-support-india-covid-19-relief,-wear-special-blue-jersey-raise-funds
31382048	https://www.espncricinfo.com/story/_/id/31382048/ipl-2021-varun-chakravarthy,-sandeep-warrier-positive-covid-19,-kkr-vs-rcb-rescheduled	ipl-2021-varun-chakravarthy,-sandeep-warrier-positive-covid-19,-kkr-vs-rcb-rescheduled
31382380	https://www.espncricinfo.com/story/_/id/31382380/ipl-2021-covid-19-csk-three-members-csk-contingent-test-positive-players	ipl-2021-covid-19-csk-three-members-csk-contingent-test-positive-players
31382650	https://www.espncricinfo.com/story/_/id/31382650/ipl-2021-punjab-kings-kl-rahul-undergoes-surgery-appendicitis-likely-rejoin-ipl-bubble-quarantine	ipl-2021-punjab-kings-kl-rahul-undergoes-surgery-appendicitis-likely-rejoin-ipl-bubble-quarantine
31383619	https://www.espncricinfo.com/story/_/id/31383619/ipl-2021-covid-19-effect-delhi-capitals-players-isolate-mumbai-indians-sunrisers-hyderabad-skip-practice	ipl-2021-covid-19-effect-delhi-capitals-players-isolate-mumbai-indians-sunrisers-hyderabad-skip-practice
31384364	https://www.espncricinfo.com/story/_/id/31384364/ipl-2021-amid-covid-concerns,-bcci-considers-moving-ipl-mumbai	ipl-2021-amid-covid-concerns,-bcci-considers-moving-ipl-mumbai
31386969	https://www.espncricinfo.com/story/_/id/31386969/ipl-2021-sunrisers-hyderabad-wriddhiman-saha-tests-positive-covid-19	ipl-2021-sunrisers-hyderabad-wriddhiman-saha-tests-positive-covid-19
31387020	https://www.espncricinfo.com/story/_/id/31387020/ipl-2021-postponed-covid-19-count-increases	ipl-2021-postponed-covid-19-count-increases
31387283	https://www.espncricinfo.com/story/_/id/31387283/covid-19-pakistan-franchises-write-pcb-asking-psl-2021-moved-karachi-uae	covid-19-pakistan-franchises-write-pcb-asking-psl-2021-moved-karachi-uae
31389118	https://www.espncricinfo.com/story/_/id/31389118/ipl-2021-delhi-capitals-amit-mishra-first-player-dc-test-positive-covid-19	ipl-2021-delhi-capitals-amit-mishra-first-player-dc-test-positive-covid-19
31392458	https://www.espncricinfo.com/story/_/id/31392458/ipl-2020-chennai-super-kings-michael-hussey-tests-positive-covid-19	ipl-2020-chennai-super-kings-michael-hussey-tests-positive-covid-19
31393119	https://www.espncricinfo.com/story/_/id/31393119/ipl-2021-postponed-covid-19-australians-head-maldives,-new-zealand-bangladesh-chartered-flights-6	ipl-2021-postponed-covid-19-australians-head-maldives,-new-zealand-bangladesh-chartered-flights-6
31393690	https://www.espncricinfo.com/story/_/id/31393690/raging-covid-19-pandemic-sop-loopholes-why-ipl-2021-repeat-uae-success	raging-covid-19-pandemic-sop-loopholes-why-ipl-2021-repeat-uae-success
31397543	https://www.espncricinfo.com/story/_/id/31397543/covid-19-hits-ipl-2021-bcci-president-sourav-ganguly-bubble-breach-travelling-issue	covid-19-hits-ipl-2021-bcci-president-sourav-ganguly-bubble-breach-travelling-issue
31397845	https://www.espncricinfo.com/story/_/id/31397845/india-women-batter-veda-krishnamurthy-loses-mother-sister-covid-19-two-weeks-apart	india-women-batter-veda-krishnamurthy-loses-mother-sister-covid-19-two-weeks-apart
31402899	https://www.espncricinfo.com/story/_/id/31402899/india-captain-virat-kohli-wife-anushka-sharma-donate-inr-2-crore-fundariser-india-covid-19-fight	india-captain-virat-kohli-wife-anushka-sharma-donate-inr-2-crore-fundariser-india-covid-19-fight
31403047	https://www.espncricinfo.com/story/_/id/31403047/three-men-t20-world-cup-2022-qualifying-events-called-covid-19	three-men-t20-world-cup-2022-qualifying-events-called-covid-19
31403800	https://www.espncricinfo.com/story/_/id/31403800/covid-19-pakistan-pcb-approaches-emirates-cricket-board-host-remainder-psl-2021-uae	covid-19-pakistan-pcb-approaches-emirates-cricket-board-host-remainder-psl-2021-uae
31407123	https://www.espncricinfo.com/story/_/id/31407123/ipl-2021-kkr-tim-seifert-tests-positive-covid-19-treated-chennai-returning-new-zealand	ipl-2021-kkr-tim-seifert-tests-positive-covid-19-treated-chennai-returning-new-zealand
31408625	https://www.espncricinfo.com/story/_/id/31408625/ipl-2021-kkr-prasidh-krishna-tests-positive-covid-19	ipl-2021-kkr-prasidh-krishna-tests-positive-covid-19
31415303	https://www.espncricinfo.com/story/_/id/31415303/rajasthan-royals-chetan-sakariya-loses-father-covid-19	rajasthan-royals-chetan-sakariya-loses-father-covid-19
31419917	https://www.espncricinfo.com/story/_/id/31419917/piyush-chawla-father-dies-post-covid-19-complications	piyush-chawla-father-dies-post-covid-19-complications
31420172	https://www.espncricinfo.com/story/_/id/31420172/former-rajasthan-legspinner-vivek-yadav-dies-covid-19-related-complications	former-rajasthan-legspinner-vivek-yadav-dies-covid-19-related-complications
31421244	https://www.espncricinfo.com/story/_/id/31421244/virat-kohli-other-india-players-take-first-jab-covid-19-vaccination-	virat-kohli-other-india-players-take-first-jab-covid-19-vaccination-
31442811	https://www.espncricinfo.com/story/_/id/31442811/hanuma-vihari-network-volunteers-helps-unthinkable-covid-19-crisis	hanuma-vihari-network-volunteers-helps-unthinkable-covid-19-crisis
31444656	https://www.espncricinfo.com/story/_/id/31444656/eng-women-vs-ind-women-2021-rajeshwari-gayakwad-recovering-covid-19-left-india-squads-england-tour	eng-women-vs-ind-women-2021-rajeshwari-gayakwad-recovering-covid-19-left-india-squads-england-tour
31453989	https://www.espncricinfo.com/story/_/id/31453989/covid-19-ipl-2021-michael-hussey,-rest-australia-contingent-maldives,-set-fly-home	covid-19-ipl-2021-michael-hussey,-rest-australia-contingent-maldives,-set-fly-home
31461778	https://www.espncricinfo.com/story/_/id/31461778/india-brace-long-quarantine-two-weeks-mumbai,-10-days-southampton	india-brace-long-quarantine-two-weeks-mumbai,-10-days-southampton
31464271	https://www.espncricinfo.com/story/_/id/31464271/tim-seifert-now-covid-negative-kkr-stint,-soon-fly-back-new-zealand-nz-head-coach-gary-stead	tim-seifert-now-covid-negative-kkr-stint,-soon-fly-back-new-zealand-nz-head-coach-gary-stead
31464477	https://www.espncricinfo.com/story/_/id/31464477/covid-19-deaths-cricket	covid-19-deaths-cricket
31465159	https://www.espncricinfo.com/story/_/id/31465159/shakib-al-hasan,-mustafizur-rahman-join-bangladesh-team-bubble-quarantine	shakib-al-hasan,-mustafizur-rahman-join-bangladesh-team-bubble-quarantine
31466223	https://www.espncricinfo.com/story/_/id/31466223/wriddhiman-saha,-amit-mishra,-prasidh-krishna-recover-covid-19	wriddhiman-saha,-amit-mishra,-prasidh-krishna-recover-covid-19
31472018	https://www.espncricinfo.com/story/_/id/31472018/surrey-record-1.2-million-losses-covid-ruined-2020-season	surrey-record-1.2-million-losses-covid-ruined-2020-season
31472360	https://www.espncricinfo.com/story/_/id/31472360/cricket-west-indies-begins-covid-19-vaccinations-men-squad	cricket-west-indies-begins-covid-19-vaccinations-men-squad
31484520	https://www.espncricinfo.com/story/_/id/31484520/county-championship-2021-peter-siddle-six-scant-reward-chelmsford-diehards-brave-post-covid-ice-age	county-championship-2021-peter-siddle-six-scant-reward-chelmsford-diehards-brave-post-covid-ice-age
31486372	https://www.espncricinfo.com/story/_/id/31486372/recovering-covid-experiencing-episode-man-vs-wild	recovering-covid-experiencing-episode-man-vs-wild
31487860	https://www.espncricinfo.com/story/_/id/31487860/khaled-mahmud,-former-bangladesh-captain-bcb-director,-tests-positive-covid-19	khaled-mahmud,-former-bangladesh-captain-bcb-director,-tests-positive-covid-19
31494455	https://www.espncricinfo.com/story/_/id/31494455/ban-vs-sl-2021-two-players-coach-sri-lankan-contingent-test-positive-covid-19	ban-vs-sl-2021-two-players-coach-sri-lankan-contingent-test-positive-covid-19
31497650	https://www.espncricinfo.com/story/_/id/31497650/covid-19-west-indies-marquino-mindley-tests-positive	covid-19-west-indies-marquino-mindley-tests-positive
31502673	https://www.espncricinfo.com/story/_/id/31502673/bcci-donate-2000-oxygen-concentrators-towards-india-covid-relief	bcci-donate-2000-oxygen-concentrators-towards-india-covid-relief
31503083	https://www.espncricinfo.com/story/_/id/31503083/rachael-heyhoe-flint-trophy-2021-katie-levick-battles-suspected-long-covid-ahead-season-start	rachael-heyhoe-flint-trophy-2021-katie-levick-battles-suspected-long-covid-ahead-season-start
31506424	https://www.espncricinfo.com/story/_/id/31506424/ipl-2021-world-stops-little-bit-kkr-tim-seifert-recounts-covid-19-experience-india	ipl-2021-world-stops-little-bit-kkr-tim-seifert-recounts-covid-19-experience-india
31507523	https://www.espncricinfo.com/story/_/id/31507523/psl-2021-quetta-gladiators-anwar-ali-tests-positive-covid-19	psl-2021-quetta-gladiators-anwar-ali-tests-positive-covid-19
31522138	https://www.espncricinfo.com/story/_/id/31522138/psl-2021-naseem-shah-invited-rejoin-bubble-covid-19-protocol-violation	psl-2021-naseem-shah-invited-rejoin-bubble-covid-19-protocol-violation
31524963	https://www.espncricinfo.com/story/_/id/31524963/ashwin-opens-sleepless-nights-ipl-2021-family-members-tested-positive-covid-19	ashwin-opens-sleepless-nights-ipl-2021-family-members-tested-positive-covid-19
31535666	https://www.espncricinfo.com/story/_/id/31535666/west-indies-return-full-training-players-test-negative-covid-19	west-indies-return-full-training-players-test-negative-covid-19
31581287	https://www.espncricinfo.com/story/_/id/31581287/nz-vs-england-2021-trent-boult-line-play-second-test-relaxed-quarantine-uk	nz-vs-england-2021-trent-boult-line-play-second-test-relaxed-quarantine-uk
31612197	https://www.espncricinfo.com/story/_/id/31612197/sl-vs-ind-2021-india-squad-sri-lanka-quarantine-mumbai-june-14	sl-vs-ind-2021-india-squad-sri-lanka-quarantine-mumbai-june-14
31628969	https://www.espncricinfo.com/story/_/id/31628969/ongoing-zimbabwe-south-africa-four-day-match-suspended-covid-19-cases-rise	ongoing-zimbabwe-south-africa-four-day-match-suspended-covid-19-cases-rise
31645587	https://www.espncricinfo.com/story/_/id/31645587/vitality-blast-2021-ollie-pope-miss-four-surrey-blast-fixtures-being-required-self-isolate	vitality-blast-2021-ollie-pope-miss-four-surrey-blast-fixtures-being-required-self-isolate
31653060	https://www.espncricinfo.com/story/_/id/31653060/vitality-t20-blast-2021-durham-hit-positive-covid-19-test,-number-players-staff-forced-self-isolate	vitality-t20-blast-2021-durham-hit-positive-covid-19-test,-number-players-staff-forced-self-isolate
31674955	https://www.espncricinfo.com/story/_/id/31674955/bcci-form-committee-compensate-india-senior-male-domestic-cricketers-covid-19-hit-season	bcci-form-committee-compensate-india-senior-male-domestic-cricketers-covid-19-hit-season
31679138	https://www.espncricinfo.com/story/_/id/31679138/cricket-covid-19-boost-venues-government-extends-crowds-pilot-scheme-sri-lanka,-pakistan-series	cricket-covid-19-boost-venues-government-extends-crowds-pilot-scheme-sri-lanka,-pakistan-series
31700880	https://www.espncricinfo.com/story/_/id/31700880/wi-vs-sa-t20s-mulder-replaces-covid-positive-pretorius-west-indies-t20is	wi-vs-sa-t20s-mulder-replaces-covid-positive-pretorius-west-indies-t20is
31718437	https://www.espncricinfo.com/story/_/id/31718437/t20-blast-marnus-labuschagne-sidelined-glamorgan-team-mate-nick-selman-positive-covid-test	t20-blast-marnus-labuschagne-sidelined-glamorgan-team-mate-nick-selman-positive-covid-test
31719299	https://www.espncricinfo.com/story/_/id/31719299/eng-vs-sl-2021-positive-covid-19-test-england-sri-lanka-match-officials-forces-changes-odi-series	eng-vs-sl-2021-positive-covid-19-test-england-sri-lanka-match-officials-forces-changes-odi-series
31722794	https://www.espncricinfo.com/story/_/id/31722794/the-buzz-isolation-cricket-marnus-labuschagne	the-buzz-isolation-cricket-marnus-labuschagne
31731328	https://www.espncricinfo.com/story/_/id/31731328/former-south-africa-team-manager-goolam-rajah-dies-covid-19-related-complications	former-south-africa-team-manager-goolam-rajah-dies-covid-19-related-complications
31731512	https://www.espncricinfo.com/story/_/id/31731512/vitality-t20-blast-2021-ollie-robinson-eight-sussex-players-self-isolating	vitality-t20-blast-2021-ollie-robinson-eight-sussex-players-self-isolating
31762319	https://www.espncricinfo.com/story/_/id/31762319/mitchell-starc-prepared-quarantine-hurdles-t20-world-cup-test-demands	mitchell-starc-prepared-quarantine-hurdles-t20-world-cup-test-demands
31768066	https://www.espncricinfo.com/story/_/id/31768066/eng-vs-pak-2021-england-odi-squad-forced-self-isolate-positive-covid-19-tests	eng-vs-pak-2021-england-odi-squad-forced-self-isolate-positive-covid-19-tests
31768865	https://www.espncricinfo.com/story/_/id/31768865/zim-vs-ban,-2021-sean-williams-craig-ervine-self-isolation,-miss-one-bangladesh-test	zim-vs-ban,-2021-sean-williams-craig-ervine-self-isolation,-miss-one-bangladesh-test
31769966	https://www.espncricinfo.com/story/_/id/31769966/eng-vs-pak-2021-ashley-giles-defends-covid-protocols-outbreak-causes-squad-swap	eng-vs-pak-2021-ashley-giles-defends-covid-protocols-outbreak-causes-squad-swap
31771119	https://www.espncricinfo.com/story/_/id/31771119/sl-vs-ind-2021-sri-lanka-face-nerve-wracking-wait-covid-test-results-returning-england	sl-vs-ind-2021-sri-lanka-face-nerve-wracking-wait-covid-test-results-returning-england
31773465	https://www.espncricinfo.com/story/_/id/31773465/marnus-labuschagne-isolation-2nd-xi-double-century	marnus-labuschagne-isolation-2nd-xi-double-century
31782561	https://www.espncricinfo.com/story/_/id/31782561/eng-vs-ind-women-2021-1st-t20i-harmanpreet-kaur-covid-19-groin-injury-hampered-england-tour-preparations	eng-vs-ind-women-2021-1st-t20i-harmanpreet-kaur-covid-19-groin-injury-hampered-england-tour-preparations
31782971	https://www.espncricinfo.com/story/_/id/31782971/sri-lanka-batting-coach-grant-flower-tests-positive-covid-19-returning-england	sri-lanka-batting-coach-grant-flower-tests-positive-covid-19-returning-england
31788103	https://www.espncricinfo.com/story/_/id/31788103/sri-lanka-team-data-analyst-gt-niroshan-tests-positive-covid-19	sri-lanka-team-data-analyst-gt-niroshan-tests-positive-covid-19
31793392	https://www.espncricinfo.com/story/_/id/31793392/sl-vs-ind,-2021-player-alternative-sri-lanka-squad-india-series-tests-covid-19-positive	sl-vs-ind,-2021-player-alternative-sri-lanka-squad-india-series-tests-covid-19-positive
31799245	https://www.espncricinfo.com/story/_/id/31799245/ire-vs-sa-2021-ireland-neil-rock-tests-positive-covid-19	ire-vs-sa-2021-ireland-neil-rock-tests-positive-covid-19
31799292	https://www.espncricinfo.com/story/_/id/31799292/county-championship-2021-kent-forced-pick-new-squad-sussex-fixture-following-positive-covid-test	county-championship-2021-kent-forced-pick-new-squad-sussex-fixture-following-positive-covid-test
31799458	https://www.espncricinfo.com/story/_/id/31799458/sri-lanka-allowed-come-isolation-players-return-negative-tests	sri-lanka-allowed-come-isolation-players-return-negative-tests
31801090	https://www.espncricinfo.com/story/_/id/31801090/county-championship-2021-sussex-top-jas-singh-four-debut-covid-weakened-kent	county-championship-2021-sussex-top-jas-singh-four-debut-covid-weakened-kent
31805077	https://www.espncricinfo.com/story/_/id/31805077/county-championship-2021-derbyshire-match-essex-abandoned-positive-covid-19-test	county-championship-2021-derbyshire-match-essex-abandoned-positive-covid-19-test
31806641	https://www.espncricinfo.com/story/_/id/31806641/county-championship-2021-nathan-gilchrist-becomes-latest-kent-player-self-isolate	county-championship-2021-nathan-gilchrist-becomes-latest-kent-player-self-isolate
31810967	https://www.espncricinfo.com/story/_/id/31810967/mushfiqur-rahim-break-doubt-due-australia-series-quarantine-rules	mushfiqur-rahim-break-doubt-due-australia-series-quarantine-rules
31819457	https://www.espncricinfo.com/story/_/id/31819457/eng-vs-ind-test-series-india-player-tests-positive-covid-19	eng-vs-ind-test-series-india-player-tests-positive-covid-19
31821422	https://www.espncricinfo.com/story/_/id/31821422/india-england-covid-19-rishabh-pant-four-india-squad-members-forced-quarantine-london	india-england-covid-19-rishabh-pant-four-india-squad-members-forced-quarantine-london
31821909	https://www.espncricinfo.com/story/_/id/31821909/england-vs-india-2021-cricket-learn-live-covid,-lose-players,-warns-ecb-ceo,-tom-harrison	england-vs-india-2021-cricket-learn-live-covid,-lose-players,-warns-ecb-ceo,-tom-harrison
31832512	https://www.espncricinfo.com/story/_/id/31832512/the-hundred-players-staff-told-avoid-shops-pubs-mitigate-covid-19-risks	the-hundred-players-staff-told-avoid-shops-pubs-mitigate-covid-19-risks
31840639	https://www.espncricinfo.com/story/_/id/31840639/sri-lanka-vs-india,-1st-odi,-2021-kuldeep-yadav-puts-tough-days-positive-return	sri-lanka-vs-india,-1st-odi,-2021-kuldeep-yadav-puts-tough-days-positive-return
31852196	https://www.espncricinfo.com/story/_/id/31852196/covid-threaten-cricket-australia-hopes-full-domestic-season	covid-threaten-cricket-australia-hopes-full-domestic-season
31859587	https://www.espncricinfo.com/story/_/id/31859587/india-england-2021-rishabh-pant-returns-india-camp-recovering-covid-19	india-england-2021-rishabh-pant-returns-india-camp-recovering-covid-19
31862259	https://www.espncricinfo.com/story/_/id/31862259/ban-vs-aus-2021-mushfiqur-rahim-australia-t20is-missing-quarantine-deadline	ban-vs-aus-2021-mushfiqur-rahim-australia-t20is-missing-quarantine-deadline
31863711	https://www.espncricinfo.com/story/_/id/31863711/west-indies-australia-odi-suspended-positive-covid-test-emerges-moments-play	west-indies-australia-odi-suspended-positive-covid-test-emerges-moments-play
31870873	https://www.espncricinfo.com/story/_/id/31870873/west-indies-australia-odi-series-resume-no-new-covid-cases-bubble	west-indies-australia-odi-series-resume-no-new-covid-cases-bubble
31873504	https://www.espncricinfo.com/story/_/id/31873504/covid-19-india-england-bharat-arun-wriddhiman-saha-abhimanyu-easwaran-rejoin-squad	covid-19-india-england-bharat-arun-wriddhiman-saha-abhimanyu-easwaran-rejoin-squad
31882768	https://www.espncricinfo.com/story/_/id/31882768/pak-vs-wi-2021-covid-19-eats-one-t20i-west-indies-pakistan-series	pak-vs-wi-2021-covid-19-eats-one-t20i-west-indies-pakistan-series
31888834	https://www.espncricinfo.com/story/_/id/31888834/men-hundred-andy-flower-tests-positive-covid-19,-misses-trent-rockets-fixture	men-hundred-andy-flower-tests-positive-covid-19,-misses-trent-rockets-fixture
31895331	https://www.espncricinfo.com/story/_/id/31895331/sl-vs-ind-2021-indian-player-tests-positive-covid-19,-second-t20i-postponed-day	sl-vs-ind-2021-indian-player-tests-positive-covid-19,-second-t20i-postponed-day
31898177	https://www.espncricinfo.com/story/_/id/31898177/sl-vs-ind-krunal-pandya-immediate-contacts-test-negative-covid-19	sl-vs-ind-krunal-pandya-immediate-contacts-test-negative-covid-19
31904876	https://www.espncricinfo.com/story/_/id/31904876/sl-vs-ind-2021-2nd-t20i-prithvi-shaw,-suryakumar-yadav,-hardik-pandya,-chahal-india-players-isolation	sl-vs-ind-2021-2nd-t20i-prithvi-shaw,-suryakumar-yadav,-hardik-pandya,-chahal-india-players-isolation
31910649	https://www.espncricinfo.com/story/_/id/31910649/bangladesh-unhappy-australia-covid-19-demands-force-mushfiqur-rahim-miss-home-t20is	bangladesh-unhappy-australia-covid-19-demands-force-mushfiqur-rahim-miss-home-t20is
31916601	https://www.espncricinfo.com/story/_/id/31916601/sl-vs-ind,-3rd-t20i-indian-contingent-leaves-sri-lankan-shores,-krunal-pandya-remains-isolation-	sl-vs-ind,-3rd-t20i-indian-contingent-leaves-sri-lankan-shores,-krunal-pandya-remains-isolation-
31917379	https://www.espncricinfo.com/story/_/id/31917379/sl-vs-ind-t20i-series-yuzvendra-chahal-k-gowtham-test-positive-covid-19-sri-lanka	sl-vs-ind-t20i-series-yuzvendra-chahal-k-gowtham-test-positive-covid-19-sri-lanka
31935348	https://www.espncricinfo.com/story/_/id/31935348/the-hundred-2021-shane-warne-self-isolating-returning-positive-covid-19-test	the-hundred-2021-shane-warne-self-isolating-returning-positive-covid-19-test
31941422	https://www.espncricinfo.com/story/_/id/31941422/ban-vs-aus,-1st-t20i,-2021-mahmudullah-very-disappointed-covid-19-protocols-ruling-mushfiqur-rahim-out	ban-vs-aus,-1st-t20i,-2021-mahmudullah-very-disappointed-covid-19-protocols-ruling-mushfiqur-rahim-out
31955284	https://www.espncricinfo.com/story/_/id/31955284/covid-challenge-laid-bare-australian-grassroots-female-game-stands-tall	covid-challenge-laid-bare-australian-grassroots-female-game-stands-tall
31962981	https://www.espncricinfo.com/story/_/id/31962981/aus-women-vs-ind-women-2021-rachael-haynes-wary-looming-quarantine-nsw-ahead-india-home-series	aus-women-vs-ind-women-2021-rachael-haynes-wary-looming-quarantine-nsw-ahead-india-home-series
31979148	https://www.espncricinfo.com/story/_/id/31979148/krunal-pandya-yuzvendra-chahal-k-gowtham-return-india-testing-negative-covid-19-sri-lanka	krunal-pandya-yuzvendra-chahal-k-gowtham-return-india-testing-negative-covid-19-sri-lanka
31979980	https://www.espncricinfo.com/story/_/id/31979980/faqs-ipl-2021-covid-19-protocols-uae	faqs-ipl-2021-covid-19-protocols-uae
31982225	https://www.espncricinfo.com/story/_/id/31982225/royal-london-cup-covid-outbreak-causes-cancellation-gloucestershire-visit-middlesex	royal-london-cup-covid-outbreak-causes-cancellation-gloucestershire-visit-middlesex
31992574	https://www.espncricinfo.com/story/_/id/31992574/the-hundred-northern-superchargers-thursday-game-doubt-two-players-return-positive-lateral-flow-tests	the-hundred-northern-superchargers-thursday-game-doubt-two-players-return-positive-lateral-flow-tests
32003363	https://www.espncricinfo.com/story/_/id/32003363/the-hundred-northern-superchargers-vs-manchester-originals-set-go-ahead-two-positive-covid-19-cases	the-hundred-northern-superchargers-vs-manchester-originals-set-go-ahead-two-positive-covid-19-cases
32032216	https://www.espncricinfo.com/story/_/id/32032216/kusal-perera-sri-lanka-tests-positive-covid-19-ahead-south-africa-series	kusal-perera-sri-lanka-tests-positive-covid-19-ahead-south-africa-series
32074913	https://www.espncricinfo.com/story/_/id/32074913/cpl-2021-carlos-brathwaite-isolating-covid-19-case-flight-uk	cpl-2021-carlos-brathwaite-isolating-covid-19-case-flight-uk
32075970	https://www.espncricinfo.com/story/_/id/32075970/nz-ban-finn-allen-tests-positive-covid-19-dhaka	nz-ban-finn-allen-tests-positive-covid-19-dhaka
32080914	https://www.espncricinfo.com/story/_/id/32080914/women-t20-world-cup-2023-lack-covid-19-documents-force-turkey-pull-europe-qualifiers	women-t20-world-cup-2023-lack-covid-19-documents-force-turkey-pull-europe-qualifiers
32082406	https://www.espncricinfo.com/story/_/id/32082406/wi-vs-pak-2021-misbah-ul-haq-tests-positive-covid-19,-complete-quarantine-jamaica	wi-vs-pak-2021-misbah-ul-haq-tests-positive-covid-19,-complete-quarantine-jamaica
32103294	https://www.espncricinfo.com/story/_/id/32103294/county-championship-2021-surrey-trip-durham-covid-19-positive	county-championship-2021-surrey-trip-durham-covid-19-positive
32106478	https://www.espncricinfo.com/story/_/id/32106478/india-women-australia-covid-19-start-delayed-two-days-all-games-played-queensland	india-women-australia-covid-19-start-delayed-two-days-all-games-played-queensland
32112185	https://www.espncricinfo.com/story/_/id/32112185/india-women-australia-2021-hard-quarantine-set-challenge-preparation-india-australia	india-women-australia-2021-hard-quarantine-set-challenge-preparation-india-australia
32113383	https://www.espncricinfo.com/story/_/id/32113383/south-africa-tour-sri-lanka-2021-kusal-perera-back-limited-overs-squads-recovering-covid-19	south-africa-tour-sri-lanka-2021-kusal-perera-back-limited-overs-squads-recovering-covid-19
32118281	https://www.espncricinfo.com/story/_/id/32118281/ban-vs-nz-t20is-2021-mahmudullah-happy-positive-competition-bangladesh-squad	ban-vs-nz-t20is-2021-mahmudullah-happy-positive-competition-bangladesh-squad
32130732	https://www.espncricinfo.com/story/_/id/32130732/finn-allen-back-new-zealand-bio-bubble-returning-two-negative-covid-19-tests	finn-allen-back-new-zealand-bio-bubble-returning-two-negative-covid-19-tests
32137836	https://www.espncricinfo.com/story/_/id/32137836/usman-khawaja-australia-cricket-covid-challenge-season-even-more-fluid-last	usman-khawaja-australia-cricket-covid-challenge-season-even-more-fluid-last
32138513	https://www.espncricinfo.com/story/_/id/32138513/mitchell-starc-joins-alyssa-healy-brisbane-quarantine-amid-covid-schedule-challenges	mitchell-starc-joins-alyssa-healy-brisbane-quarantine-amid-covid-schedule-challenges
32150794	https://www.espncricinfo.com/story/_/id/32150794/ravi-shastri-returns-positive-lateral-flow-test-covid-19-eng-vs-ind-4th-test-oval	ravi-shastri-returns-positive-lateral-flow-test-covid-19-eng-vs-ind-4th-test-oval
32158855	https://www.espncricinfo.com/story/_/id/32158855/covid-19-ravi-shastri-bharat-arun-r-sridhar-test-positive-not-travel-manchester-eng-vs-ind-test-series	covid-19-ravi-shastri-bharat-arun-r-sridhar-test-positive-not-travel-manchester-eng-vs-ind-test-series
32159978	https://www.espncricinfo.com/story/_/id/32159978/former-south-africa-allrounder-john-watkins-dies-aged-98-ten-days-contracting-covid-19	former-south-africa-allrounder-john-watkins-dies-aged-98-ten-days-contracting-covid-19
32168984	https://www.espncricinfo.com/story/_/id/32168984/marsh-cup-sheffield-shield-wncl-2021-22-australia-domestic-season-start-delayed-covid-19-challenges	marsh-cup-sheffield-shield-wncl-2021-22-australia-domestic-season-start-delayed-covid-19-challenges
32175627	https://www.espncricinfo.com/story/_/id/32175627/eng-vs-ind-5th-test-old-trafford-one-more-member-indian-support-staff-tests-positive-covid-19	eng-vs-ind-5th-test-old-trafford-one-more-member-indian-support-staff-tests-positive-covid-19
32176672	https://www.espncricinfo.com/story/_/id/32176672/pakistan-vs-new-zealand-2021-mohammad-nawaz-tests-positive-covid-19-ahead-new-zealand-series	pakistan-vs-new-zealand-2021-mohammad-nawaz-tests-positive-covid-19-ahead-new-zealand-series
32180884	https://www.espncricinfo.com/story/_/id/32180884/eng-vs-ind-5th-test-manchester-test-postponed-indefinitely-covid-19-fears	eng-vs-ind-5th-test-manchester-test-postponed-indefinitely-covid-19-fears
32180941	https://www.espncricinfo.com/story/_/id/32180941/blog-eng-vs-ind-2021-manchester-test-rescheduled-following-india-covid-19-issues	blog-eng-vs-ind-2021-manchester-test-rescheduled-following-india-covid-19-issues
32201468	https://www.espncricinfo.com/story/_/id/32201468/sourav-ganguly-bcci-manchester-test-players-refused-play-cant-blame-eng-vs-ind-covid-19	sourav-ganguly-bcci-manchester-test-players-refused-play-cant-blame-eng-vs-ind-covid-19
32216066	https://www.espncricinfo.com/story/_/id/32216066/first-20-wbbl-matches-moved-tasmania-amid-covid-disruption	first-20-wbbl-matches-moved-tasmania-amid-covid-disruption
32217475	https://www.espncricinfo.com/story/_/id/32217475/covid-19-nz-quarantine-facilities-place-bangladesh,-netherlands,-south-africa-tour-2021-22-no-india	covid-19-nz-quarantine-facilities-place-bangladesh,-netherlands,-south-africa-tour-2021-22-no-india
32218144	https://www.espncricinfo.com/story/_/id/32218144/shardul-thakur-covid-19-outbreak-india-bubble-there-was-fear-happen-anyone	shardul-thakur-covid-19-outbreak-india-bubble-there-was-fear-happen-anyone
32242611	https://www.espncricinfo.com/story/_/id/32242611/bcci-announces-pay-hikes-domestic-cricketers-compensation-covid-19-affected-2019-20-season	bcci-announces-pay-hikes-domestic-cricketers-compensation-covid-19-affected-2019-20-season
32255465	https://www.espncricinfo.com/story/_/id/32255465/ipl-2021-dc-vs-srh-t-natarajan-sunrisers-hyderabad-tests-positive-covid-19	ipl-2021-dc-vs-srh-t-natarajan-sunrisers-hyderabad-tests-positive-covid-19
32268413	https://www.espncricinfo.com/story/_/id/32268413/ipl-2021-srh-sunrisers-hyderabad-sign-umran-malik-covid-19-replacement-t-natarajan	ipl-2021-srh-sunrisers-hyderabad-sign-umran-malik-covid-19-replacement-t-natarajan
32294501	https://www.espncricinfo.com/story/_/id/32294501/sheffield-shield-2021-22-sheffield-shield-clash-postponed-due-covid-19-cases-queensland	sheffield-shield-2021-22-sheffield-shield-clash-postponed-due-covid-19-cases-queensland
32310428	https://www.espncricinfo.com/story/_/id/32310428/sheffield-shield-victoria-new-south-wales-prepare-quarantine-get-their-season-going	sheffield-shield-victoria-new-south-wales-prepare-quarantine-get-their-season-going
32347897	https://www.espncricinfo.com/story/_/id/32347897/pakistan-domestic-four-balochistan-players-test-positive-covid-19-pcb-tweaks-national-t20-cup-schedule	pakistan-domestic-four-balochistan-players-test-positive-covid-19-pcb-tweaks-national-t20-cup-schedule
32353223	https://www.espncricinfo.com/story/_/id/32353223/covid-19-faqs-t20-world-cup-10-day-isolation-positive-tests-fans-wear-masks	covid-19-faqs-t20-world-cup-10-day-isolation-positive-tests-fans-wear-masks
32680619	https://www.espncricinfo.com/story/_/id/32680619/women-world-cup-qualifier-three-sri-lanka-players-test-positive-covid-19	women-world-cup-qualifier-three-sri-lanka-players-test-positive-covid-19
32725622	https://www.espncricinfo.com/story/_/id/32725622/women-world-cup-qualifier-2021-22-zimbabwe-called-following-concerns-new-covid-19-variant	women-world-cup-qualifier-2021-22-zimbabwe-called-following-concerns-new-covid-19-variant
32725633	https://www.espncricinfo.com/story/_/id/32725633/south-africa-vs-netherlands-2021-new-covid-19-variant-forces-postponement-last-two-odis	south-africa-vs-netherlands-2021-new-covid-19-variant-forces-postponement-last-two-odis
32725850	https://www.espncricinfo.com/story/_/id/32725850/india-tour-south-africa-bcci-awaits-government-permission-amid-fears-new-covid-19-variant	india-tour-south-africa-bcci-awaits-government-permission-amid-fears-new-covid-19-variant
32741992	https://www.espncricinfo.com/story/_/id/32741992/six-sri-lankan-women-cricketers-test-positive-covid-19	six-sri-lankan-women-cricketers-test-positive-covid-19
32768368	https://www.espncricinfo.com/story/_/id/32768368/csa-postpones-round-four-division-2-four-day-matches-covid-19-cases-emerge	csa-postpones-round-four-division-2-four-day-matches-covid-19-cases-emerge
32857193	https://www.espncricinfo.com/story/_/id/32857193/bangladesh-women-players-tested-covid-19-positive-omicron-variant,-says-health-minister	bangladesh-women-players-tested-covid-19-positive-omicron-variant,-says-health-minister
32908975	https://www.espncricinfo.com/story/_/id/32908975/mzansi-super-league-2021-cancelled-amid-covid-19-concerns	mzansi-super-league-2021-cancelled-amid-covid-19-concerns
32935417	https://www.espncricinfo.com/story/_/id/32935417/first-usa-vs-ireland-odi-cancelled-match-official-tests-positive-covid-19	first-usa-vs-ireland-odi-cancelled-match-official-tests-positive-covid-19
32943158	https://www.espncricinfo.com/story/_/id/32943158/ashes-2021-22-test-match-continues-four-covid-cases-emerging-england-touring-party	ashes-2021-22-test-match-continues-four-covid-cases-emerging-england-touring-party
32944368	https://www.espncricinfo.com/story/_/id/32944368/ashes-2021-22-test-match-continues-four-covid-cases-emerging-england-touring-party	ashes-2021-22-test-match-continues-four-covid-cases-emerging-england-touring-party
32945067	https://www.espncricinfo.com/story/_/id/32945067/sa-vs-ind-2021-22-1st-test-covid-19-effects-forced-duanne-olivier-sit-centurion-test-india	sa-vs-ind-2021-22-1st-test-covid-19-effects-forced-duanne-olivier-sit-centurion-test-india
32950304	https://www.espncricinfo.com/story/_/id/32950304/bangladesh-vs-sri-lanka-asia-cup-19-match-called-covid-19-reasons	bangladesh-vs-sri-lanka-asia-cup-19-match-called-covid-19-reasons
32961395	https://www.espncricinfo.com/story/_/id/32961395/bbl-2021-22-melbourne-stars-vs-perth-scorchers-postponed-due-covid-19-case-stars-camp	bbl-2021-22-melbourne-stars-vs-perth-scorchers-postponed-due-covid-19-case-stars-camp
32966074	https://www.espncricinfo.com/story/_/id/32966074/bbl-2021-22-sydney-thunder-melbourne-stars-report-multiple-covid-cases	bbl-2021-22-sydney-thunder-melbourne-stars-report-multiple-covid-cases
32971101	https://www.espncricinfo.com/story/_/id/32971101/2021-cricket-sambit-bal-learnt-cricket-second-covid-year	2021-cricket-sambit-bal-learnt-cricket-second-covid-year
32975310	https://www.espncricinfo.com/story/_/id/32975310/bbl-2021-22-melbourne-stars-vs-perth-scorchers-clash-go-ahead-more-covid-19-cases	bbl-2021-22-melbourne-stars-vs-perth-scorchers-clash-go-ahead-more-covid-19-cases
32977120	https://www.espncricinfo.com/story/_/id/32977120/australia-vs-england,-4th-ashes-test-isolating-england-coach-chris-silverwood-now-found-covid-positive	australia-vs-england,-4th-ashes-test-isolating-england-coach-chris-silverwood-now-found-covid-positive
32978337	https://www.espncricinfo.com/story/_/id/32978337/bcci-disburses-longstanding-covid-compensation-domestic-players	bcci-disburses-longstanding-covid-compensation-domestic-players
32983231	https://www.espncricinfo.com/story/_/id/32983231/covid-19-six-bengal-players-team-assistant-coach-test-positive-ahead-ranji-trophy-2021-22	covid-19-six-bengal-players-team-assistant-coach-test-positive-ahead-ranji-trophy-2021-22
32987774	https://www.espncricinfo.com/story/_/id/32987774/bbl-2021-22-bbl-hub-agenda-amid-covid-19-outbreaks	bbl-2021-22-bbl-hub-agenda-amid-covid-19-outbreaks
32989444	https://www.espncricinfo.com/story/_/id/32989444/bbl-2021-22-brisbane-heat-hit-covid-19-cases-forcing-bbl-last-minute-fixture-change	bbl-2021-22-brisbane-heat-hit-covid-19-cases-forcing-bbl-last-minute-fixture-change
32989855	https://www.espncricinfo.com/story/_/id/32989855/aus-vs-eng-4th-ashes-test-covid-19-distraction-says-thorpe-cummins-agrees-really-tough-england	aus-vs-eng-4th-ashes-test-covid-19-distraction-says-thorpe-cummins-agrees-really-tough-england
32992236	https://www.espncricinfo.com/story/_/id/32992236/bcci-postpones-ranji-trophy,-ck-nayudu-trophy,-women-t20-league-2021-22-due-rising-covid-19-cases	bcci-postpones-ranji-trophy,-ck-nayudu-trophy,-women-t20-league-2021-22-due-rising-covid-19-cases
32995356	https://www.espncricinfo.com/story/_/id/32995356/bbl-2020-21-more-covid-chaos-hits-bbl-brisbane-heat-game-postponed	bbl-2020-21-more-covid-chaos-hits-bbl-brisbane-heat-game-postponed
33006681	https://www.espncricinfo.com/story/_/id/33006681/pakistan-abdul-bangalzai-miss-u-19-world-cup-testing-positive-covid-19	pakistan-abdul-bangalzai-miss-u-19-world-cup-testing-positive-covid-19
33013786	https://www.espncricinfo.com/story/_/id/33013786/west-indies-vs-ireland-1st-odi-andy-balbirnie-playing-covid-more-challenging-pitch-it	west-indies-vs-ireland-1st-odi-andy-balbirnie-playing-covid-more-challenging-pitch-it
33033955	https://www.espncricinfo.com/story/_/id/33033955/bcci-postpones-19-cooch-behar-trophy-following-positive-covid-19-cases-team-environment	bcci-postpones-19-cooch-behar-trophy-following-positive-covid-19-cases-team-environment
33113041	https://www.espncricinfo.com/story/_/id/33113041/smooth-bpl-2022-covid-cloud-mean-big-gains-bangladesh-cricket	smooth-bpl-2022-covid-cloud-mean-big-gains-bangladesh-cricket
33120359	https://www.espncricinfo.com/story/_/id/33120359/psl-2022-three-players-five-support-staff-test-positive-covid-19-	psl-2022-three-players-five-support-staff-test-positive-covid-19-
33185131	https://www.espncricinfo.com/story/_/id/33185131/aus-vs-sl-t20i-series-nuwan-thushara-tests-positive-covid-19-doubt-t20i-tour-australia	aus-vs-sl-t20i-series-nuwan-thushara-tests-positive-covid-19-doubt-t20i-tour-australia
33198774	https://www.espncricinfo.com/story/_/id/33198774/nz-vs-sa-covid-19-puts-keegan-petersen-south-africa-test-tour-new-zealand	nz-vs-sa-covid-19-puts-keegan-petersen-south-africa-test-tour-new-zealand
33242892	https://www.espncricinfo.com/story/_/id/33242892/aus-vs-sl-2022-sri-lanka-kusal-mendis-tests-positive-covid-19,-miss-start-australia-t20i-series	aus-vs-sl-2022-sri-lanka-kusal-mendis-tests-positive-covid-19,-miss-start-australia-t20i-series
33293137	https://www.espncricinfo.com/story/_/id/33293137/aus-vs-sl-2022-wanindu-hasaranga-tests-positive-covid-19-ahead-third-t20i-australia	aus-vs-sl-2022-wanindu-hasaranga-tests-positive-covid-19-ahead-third-t20i-australia
33352336	https://www.espncricinfo.com/story/_/id/33352336/ind-vs-sl-t20i-series-wanindu-hasaranga-positive-covid-19-again-likely-miss-entire-t20i-series-india	ind-vs-sl-t20i-series-wanindu-hasaranga-positive-covid-19-again-likely-miss-entire-t20i-series-india
33390986	https://www.espncricinfo.com/story/_/id/33390986/australian-cricketers-association-confident-mou-talks-game-looks-covid	australian-cricketers-association-confident-mou-talks-game-looks-covid
33487791	https://www.espncricinfo.com/story/_/id/33487791/wi-vs-eng-1st-test-antigua-jack-leach-major-positive-england-find-lessons-antiguan-adversity	wi-vs-eng-1st-test-antigua-jack-leach-major-positive-england-find-lessons-antiguan-adversity
33491118	https://www.espncricinfo.com/story/_/id/33491118/nz-vs-aus-wwc-2022-ashleigh-gardner-beats-covid-effects-match-winning-all-round-show	nz-vs-aus-wwc-2022-ashleigh-gardner-beats-covid-effects-match-winning-all-round-show
33613978	https://www.espncricinfo.com/story/_/id/33613978/pak-vs-aus-2022-injured-mitchell-marsh-miss-opening-odi-josh-inglis-tests-positive-covid	pak-vs-aus-2022-injured-mitchell-marsh-miss-opening-odi-josh-inglis-tests-positive-covid
33620078	https://www.espncricinfo.com/story/_/id/33620078/pakistan-vs-australia-2021-22-ashton-agar-ruled-odi-series-testing-positive-covid	pakistan-vs-australia-2021-22-ashton-agar-ruled-odi-series-testing-positive-covid
33670192	https://www.espncricinfo.com/story/_/id/33670192/alastair-cook-warns-joe-root-england-relentless-positive-message-sounds-deluded	alastair-cook-warns-joe-root-england-relentless-positive-message-sounds-deluded
33722083	https://www.espncricinfo.com/story/_/id/33722083/sa-vs-ban-2022-2nd-test-khaya-zondo-glenton-stuurman-replace-sarel-erwee-wiaan-mulder-covid-19-subs	sa-vs-ban-2022-2nd-test-khaya-zondo-glenton-stuurman-replace-sarel-erwee-wiaan-mulder-covid-19-subs
33759536	https://www.espncricinfo.com/story/_/id/33759536/ipl-2022-two-more-covid-positive-cases-delhi-capitals-camp	ipl-2022-two-more-covid-positive-cases-delhi-capitals-camp
33759766	https://www.espncricinfo.com/story/_/id/33759766/positive-cricket-australian-coaches-how-rob-key-vision-england-reboot-look	positive-cricket-australian-coaches-how-rob-key-vision-england-reboot-look
33760406	https://www.espncricinfo.com/story/_/id/33760406/ipl-2022-delhi-capitals-allrounder-mitchell-marsh-tests-positive-covid-19	ipl-2022-delhi-capitals-allrounder-mitchell-marsh-tests-positive-covid-19
33765315	https://www.espncricinfo.com/story/_/id/33765315/ipl-2022-covid-19-punjab-kings-delhi-capitals-face-mumbai-pune	ipl-2022-covid-19-punjab-kings-delhi-capitals-face-mumbai-pune
33783706	https://www.espncricinfo.com/story/_/id/33783706/ipl-2022-covid-19-delhi-capitals-head-coach-ricky-ponting-isolation-family-member-tests-positive	ipl-2022-covid-19-delhi-capitals-head-coach-ricky-ponting-isolation-family-member-tests-positive
33864704	https://www.espncricinfo.com/story/_/id/33864704/cricket-return-asian-games-2022-delayed-covid-19-outbreak-china	cricket-return-asian-games-2022-delayed-covid-19-outbreak-china
33879332	https://www.espncricinfo.com/story/_/id/33879332/ipl-2022-csk-vs-dc-member-delhi-capitals-contingent-reportedly-tests-positive-covid-19-	ipl-2022-csk-vs-dc-member-delhi-capitals-contingent-reportedly-tests-positive-covid-19-
33891618	https://www.espncricinfo.com/story/_/id/33891618/ban-vs-sl-2022-shakib-al-hasan-first-sri-lanka-test-testing-positive-covid	ban-vs-sl-2022-shakib-al-hasan-first-sri-lanka-test-testing-positive-covid
33907950	https://www.espncricinfo.com/story/_/id/33907950/ban-vs-sl,-2022-1st-test-shakib-al-hasan-tests-negative-covid-19,-contention-play-first-test-vs-sri-lanka	ban-vs-sl,-2022-1st-test-shakib-al-hasan-tests-negative-covid-19,-contention-play-first-test-vs-sri-lanka
33949782	https://www.espncricinfo.com/story/_/id/33949782/new-zealand-nicholls,-tickner,-jurgensen-test-positive-covid-19	new-zealand-nicholls,-tickner,-jurgensen-test-positive-covid-19
34009404	https://www.espncricinfo.com/story/_/id/34009404/ollie-robinson-suffers-further-fitness-setback-testing-positive-covid	ollie-robinson-suffers-further-fitness-setback-testing-positive-covid
34017994	https://www.espncricinfo.com/story/_/id/34017994/andrew-mcdonald-miss-start-sri-lanka-tour-covid-19	andrew-mcdonald-miss-start-sri-lanka-tour-covid-19
34037863	https://www.espncricinfo.com/story/_/id/34037863/eng-vs-nz-1st-test-lord-stuart-broad-good-feeling-victory-england-promise-positive-final-push	eng-vs-nz-1st-test-lord-stuart-broad-good-feeling-victory-england-promise-positive-final-push
34065913	https://www.espncricinfo.com/story/_/id/34065913/england-vs-nz,-2nd-test-kane-williamson-miss-second-test-testing-positive-covid-	england-vs-nz,-2nd-test-kane-williamson-miss-second-test-testing-positive-covid-
34078064	https://www.espncricinfo.com/story/_/id/34078064/ind-vs-sa-2nd-t20i-throwback-pre-covid-s-cuttack-cricket-party-kicks-match-eve	ind-vs-sa-2nd-t20i-throwback-pre-covid-s-cuttack-cricket-party-kicks-match-eve
34084594	https://www.espncricinfo.com/story/_/id/34084594/pak-vs-wi-2022-babar-azam-pakistan-playing-proactive,-positive-cricket	pak-vs-wi-2022-babar-azam-pakistan-playing-proactive,-positive-cricket
34085504	https://www.espncricinfo.com/story/_/id/34085504/england-vs-nz,-2nd-test-michael-bracewell-signals-positive-intent-new-zealand-target-final-day-win	england-vs-nz,-2nd-test-michael-bracewell-signals-positive-intent-new-zealand-target-final-day-win
34095516	https://www.espncricinfo.com/story/_/id/34095516/england-vs-nz,-2022-michael-bracewell-tests-positive-covid,-faces-five-day-isolation-period	england-vs-nz,-2022-michael-bracewell-tests-positive-covid,-faces-five-day-isolation-period
34099907	https://www.espncricinfo.com/story/_/id/34099907/eng-vs-nz-2022-devon-conway-begins-five-day-isolation-testing-positive-covid-19	eng-vs-nz-2022-devon-conway-begins-five-day-isolation-testing-positive-covid-19
34122046	https://www.espncricinfo.com/story/_/id/34122046/ashwin-misses-plane-england-testing-positive-covid-19	ashwin-misses-plane-england-testing-positive-covid-19
34124994	https://www.espncricinfo.com/story/_/id/34124994/england-vs-nz-3rd-test-england-play-covid-concerns-illness-affects-build-headingley-test	england-vs-nz-3rd-test-england-play-covid-concerns-illness-affects-build-headingley-test
34130278	https://www.espncricinfo.com/story/_/id/34130278/eng-v-nz,-3rd-test-kane-williamson-relieved-back-fold-frustrating-covid-diagnosis	eng-v-nz,-3rd-test-kane-williamson-relieved-back-fold-frustrating-covid-diagnosis
34149642	https://www.espncricinfo.com/story/_/id/34149642/india-tour-england-2022-rohit-sharma-tests-positive-covid-19	india-tour-england-2022-rohit-sharma-tests-positive-covid-19
34150669	https://www.espncricinfo.com/story/_/id/34150669/eng-vs-nz,-3rd-test-ben-foakes-withdrawn-headingley-test-positive-covid-19-test	eng-vs-nz,-3rd-test-ben-foakes-withdrawn-headingley-test-positive-covid-19-test
34159930	https://www.espncricinfo.com/story/_/id/34159930/england-vs-nz,-3rd-test-brendon-mccullum-england-explore-line-new-positive-approach	england-vs-nz,-3rd-test-brendon-mccullum-england-explore-line-new-positive-approach
34167240	https://www.espncricinfo.com/story/_/id/34167240/ind-vs-eng,-5th-test,-2022-rohit-sharma-tests-positive-covid-19-once-again	ind-vs-eng,-5th-test,-2022-rohit-sharma-tests-positive-covid-19-once-again
34168135	https://www.espncricinfo.com/story/_/id/34168135/england-vs-india,-5th-test-james-anderson-awe-england-positive-approach-3-0-series-win	england-vs-india,-5th-test-james-anderson-awe-england-positive-approach-3-0-series-win
34176290	https://www.espncricinfo.com/story/_/id/34176290/sl-vs-aus,-1st-test,-galle-2022-angelo-mathews-tests-positive-covid-19-withdrawn-galle-test	sl-vs-aus,-1st-test,-galle-2022-angelo-mathews-tests-positive-covid-19-withdrawn-galle-test
34187191	https://www.espncricinfo.com/story/_/id/34187191/mitchell-santner-departure-ireland-delayed-testing-positive-covid	mitchell-santner-departure-ireland-delayed-testing-positive-covid
34188177	https://www.espncricinfo.com/story/_/id/34188177/eng-vs-ind-2022-rohit-sharma-tests-negative-covid-19	eng-vs-ind-2022-rohit-sharma-tests-negative-covid-19
34193704	https://www.espncricinfo.com/story/_/id/34193704/sl-vs-aus-2022-praveen-jayawickrama-ruled-second-test-australia-due-covid	sl-vs-aus-2022-praveen-jayawickrama-ruled-second-test-australia-due-covid
34204205	https://www.espncricinfo.com/story/_/id/34204205/sl-vs-aus,-2nd-test,-2022-dhananjaya-de-silva,-asitha-fernando-jeffrey-vandersay-join-sri-lanka-covid-19-list	sl-vs-aus,-2nd-test,-2022-dhananjaya-de-silva,-asitha-fernando-jeffrey-vandersay-join-sri-lanka-covid-19-list
34205230	https://www.espncricinfo.com/story/_/id/34205230/pakistan-sri-lanka-2022-pakistan-team-masseur-malang-ali-tests-positive-covid-colombo	pakistan-sri-lanka-2022-pakistan-team-masseur-malang-ali-tests-positive-covid-colombo
34225107	https://www.espncricinfo.com/story/_/id/34225107/sl-vs-aus,-2nd-test,-2022-pathum-nissanka-second-test-covid	sl-vs-aus,-2nd-test,-2022-pathum-nissanka-second-test-covid
34229843	https://www.espncricinfo.com/story/_/id/34229843/australia-news-jess-jonassen-miss-start-ireland-tri-series-due-covid	australia-news-jess-jonassen-miss-start-ireland-tri-series-due-covid
34245898	https://www.espncricinfo.com/story/_/id/34245898/eng-vs-ind-2022-2nd-odi-rohit-sharma-wants-india-more-positive-tricky-chases	eng-vs-ind-2022-2nd-odi-rohit-sharma-wants-india-more-positive-tricky-chases
34276205	https://www.espncricinfo.com/story/_/id/34276205/kl-rahul-tests-positive-covid-19,-likely-miss-t20is-west-indies	kl-rahul-tests-positive-covid-19,-likely-miss-t20is-west-indies
34297902	https://www.espncricinfo.com/story/_/id/34297902/cwg-2022-pooja-vastrakar,-s-meghana-test-positive-covid-19,-miss-flight-birmingham	cwg-2022-pooja-vastrakar,-s-meghana-test-positive-covid-19,-miss-flight-birmingham
34305024	https://www.espncricinfo.com/story/_/id/34305024/2022-commonwealth-games-meghana-join-india-squad-uk,-pooja-vastrakar-quarantine	2022-commonwealth-games-meghana-join-india-squad-uk,-pooja-vastrakar-quarantine
34364579	https://www.espncricinfo.com/story/_/id/34364579/aus-vs-ind-cwg-2022-tahlia-mcgrath-plays-final-testing-positive-covid-19	aus-vs-ind-cwg-2022-tahlia-mcgrath-plays-final-testing-positive-covid-19
34382234	https://www.espncricinfo.com/story/_/id/34382234/george-garton-battle-long-covid-id-walk-two-minutes-sit-half-hour-was-breath	george-garton-battle-long-covid-id-walk-two-minutes-sit-half-hour-was-breath
34407496	https://www.espncricinfo.com/story/_/id/34407496/zim-vs-ind-2022-shikhar-dhawan-embraces-spirituality-stay-positive	zim-vs-ind-2022-shikhar-dhawan-embraces-spirituality-stay-positive
34445177	https://www.espncricinfo.com/story/_/id/34445177/india-asia-cup-2022-rahul-dravid-tests-positive-covid-19,-delay-travel-uae-asia-cup	india-asia-cup-2022-rahul-dravid-tests-positive-covid-19,-delay-travel-uae-asia-cup
34591734	https://www.espncricinfo.com/story/_/id/34591734/eng-vs-sa,-3rd-test-ollie-pope-hopes-no.3-keeps-summer-positive-returns	eng-vs-sa,-3rd-test-ollie-pope-hopes-no.3-keeps-summer-positive-returns
34609944	https://www.espncricinfo.com/story/_/id/34609944/ind-vs-aus-2022-mohammed-shami-tests-positive-covid-19-umesh-yadav-named-replacement	ind-vs-aus-2022-mohammed-shami-tests-positive-covid-19-umesh-yadav-named-replacement
34640973	https://www.espncricinfo.com/story/_/id/34640973/bcci-president-sourav-ganguly-ipl-return-pre-covid-home-away-format-2023	bcci-president-sourav-ganguly-ipl-return-pre-covid-home-away-format-2023
34670068	https://www.espncricinfo.com/story/_/id/34670068/ind-vs-sa-2022-deepak-hooda-injured-mohammed-shami-covid-positive	ind-vs-sa-2022-deepak-hooda-injured-mohammed-shami-covid-positive
34689525	https://www.espncricinfo.com/story/_/id/34689525/naseem-shah-tests-covid-19-positive,-not-feature-remainder-england-t20is	naseem-shah-tests-covid-19-positive,-not-feature-remainder-england-t20is
34750706	https://www.espncricinfo.com/story/_/id/34750706/aus-vs-eng,-1st-t20i,-2022-23-perth-long-wait-international-cricket-covid-lockout	aus-vs-eng,-1st-t20i,-2022-23-perth-long-wait-international-cricket-covid-lockout
34858825	https://www.espncricinfo.com/story/_/id/34858825/ire-vs-sl-t20wworld-cup-2022-ireland-george-dockrell-plays-super-12-match-being-covid-positive	ire-vs-sl-t20wworld-cup-2022-ireland-george-dockrell-plays-super-12-match-being-covid-positive
34887501	https://www.espncricinfo.com/story/_/id/34887501/aus-vs-eng,-men-t20-world-cup-2022-matthew-wade-tests-positive-covid-19,-play-england	aus-vs-eng,-men-t20-world-cup-2022-matthew-wade-tests-positive-covid-19,-play-england
35277222	https://www.espncricinfo.com/story/_/id/35277222/aus-vs-sa-2022-everything-ticking-nicely-josh-hazlewood-positive-boxing-day-return	aus-vs-sa-2022-everything-ticking-nicely-josh-hazlewood-positive-boxing-day-return
35374133	https://www.espncricinfo.com/story/_/id/35374133/matt-renshaw-tests-positive-covid-test-recall	matt-renshaw-tests-positive-covid-test-recall
35532002	https://www.espncricinfo.com/story/_/id/35532002/england-19-captain-grace-scrivens-promises-positive-mindset-world-cup-semi-final-australia	england-19-captain-grace-scrivens-promises-positive-mindset-world-cup-semi-final-australia
35774136	https://www.espncricinfo.com/story/_/id/35774136/rohit-sharma-feels-india-bat-positively,-shreyas-iyer-did	rohit-sharma-feels-india-bat-positively,-shreyas-iyer-did
35874298	https://www.espncricinfo.com/story/_/id/35874298/middlesex-cricket-club-admit-financial-concerns-ecb-monitor-club-status-following-covid-pensions-error	middlesex-cricket-club-admit-financial-concerns-ecb-monitor-club-status-following-covid-pensions-error
36031069	https://www.espncricinfo.com/story/_/id/36031069/yorkshire-need-support-positive-action-their-attempts-deal-azeem-rafiq-racism-scandal	yorkshire-need-support-positive-action-their-attempts-deal-azeem-rafiq-racism-scandal
37735956	https://www.espncricinfo.com/story/_/id/37735956/ipl-2023-rohit-sharma-young-batters-coming-biggest-positive-mumbai	ipl-2023-rohit-sharma-young-batters-coming-biggest-positive-mumbai
37869012	https://www.espncricinfo.com/story/_/id/37869012/eng-vs-aus,-1st-test,-edgbaston-stuart-broad-england-positive-position-australia-day-two	eng-vs-aus,-1st-test,-edgbaston-stuart-broad-england-positive-position-australia-day-two
38615939	https://www.espncricinfo.com/story/_/id/38615939/new-zealand-stockpile-icc-cricket-world-cup-2023-positives-netherlands-face-problem-plenty	new-zealand-stockpile-icc-cricket-world-cup-2023-positives-netherlands-face-problem-plenty
39152070	https://www.espncricinfo.com/story/_/id/39152070/tony-de-zorzi-stirs-south-africa-positive-play-bid-make-spot-own	tony-de-zorzi-stirs-south-africa-positive-play-bid-make-spot-own
39501927	https://www.espncricinfo.com/story/_/id/39501927/ian-chappell-ben-stokes-positive-aggression-england-new-mantra-success-india-vs-england-2023-24	ian-chappell-ben-stokes-positive-aggression-england-new-mantra-success-india-vs-england-2023-24
40871599	https://www.espncricinfo.com/story/_/id/40871599/pak-vs-ban-mushtaq-ahmed-praises-shakib-al-hasan-mushfiqur-rahim-creating-positive-atmosphere	pak-vs-ban-mushtaq-ahmed-praises-shakib-al-hasan-mushfiqur-rahim-creating-positive-atmosphere
47680919	https://www.espncricinfo.com/story/_/id/47680919/sri-lanka-vs-england,-odi-series-asalanka-seeks-positives-awkward-timing-odi-series	sri-lanka-vs-england,-odi-series-asalanka-seeks-positives-awkward-timing-odi-series
