story_id,url,published,player,team,status,date,date_type,quote,notes,verified,reject_reason
1222302,https://www.espncricinfo.com/story/south-african-allrounder-solo-nqweni-announces-news-of-positive-coronavirus-test-1222302,2020-05-07T12:33:29+00:00,Zafar Sarfraz,Pakistan,positive,2020-05-07,retrospective,Nqweni is the third cricketer known to have contracted the disease after Pakistan's Zafar Sarfraz and Scotland's Majid Haq .,"Mentioned in retrospect; story gives no date, so PUBLISHED date used.",True,
1222302,https://www.espncricinfo.com/story/south-african-allrounder-solo-nqweni-announces-news-of-positive-coronavirus-test-1222302,2020-05-07T12:33:29+00:00,Majid Haq,Scotland,positive,2020-05-07,retrospective,Nqweni is the third cricketer known to have contracted the disease after Pakistan's Zafar Sarfraz and Scotland's Majid Haq .,"Mentioned in retrospect; story gives no date, so PUBLISHED date used.",True,
29145747,https://www.espncricinfo.com/story/_/id/29145747/south-african-allrounder-solo-nqweni-announces-news-positive-coronavirus-test,2020-05-07T12:33:29+00:00,Zafar Sarfraz,Pakistan,positive,2020-05-07,retrospective,Nqweni is the third cricketer known to have contracted the disease after Pakistan's Zafar Sarfraz and Scotland's Majid Haq .,"Mentioned in retrospect; story gives no date, so PUBLISHED date used.",True,
29145747,https://www.espncricinfo.com/story/_/id/29145747/south-african-allrounder-solo-nqweni-announces-news-positive-coronavirus-test,2020-05-07T12:33:29+00:00,Majid Haq,Scotland,positive,2020-05-07,retrospective,Nqweni is the third cricketer known to have contracted the disease after Pakistan's Zafar Sarfraz and Scotland's Majid Haq .,"Mentioned in retrospect; story gives no date, so PUBLISHED date used.",True,
1219320,https://www.espncricinfo.com/story/covid-19-list-of-all-the-cricket-series-affected-by-coronaviruss-full-coverage-1219320,2020-03-13T17:23:00+00:00,Kyle Jarvis,,positive,2021-02-11,retrospective,"When Kyle Jarvis had Covid-19, malaria and tick bite fever","Headline in coverage-timeline list (PUBLISHED field 2020-03-13 is the page's original date); date is the list entry's day, year 2021 inferred from neighbouring entries (IPL 2021, Vijay Hazare 2020-21). Past infection; infection date not given, list-entry date used.",True,
28898417,https://www.espncricinfo.com/story/_/id/28898417/list-all-cricket-series-affected-coronavirus-full-coverage,2020-03-13T17:23:00+00:00,Kyle Jarvis,,positive,2021-02-11,retrospective,"When Kyle Jarvis had Covid-19, malaria and tick bite fever","Headline in coverage-timeline list (PUBLISHED field 2020-03-13 is the page's original date); date is the list entry's day, year 2021 inferred from neighbouring entries (IPL 2021, Vijay Hazare 2020-21). Past infection; infection date not given, list-entry date used.",True,
1225015,https://www.espncricinfo.com/story/shahid-afridi-tests-positive-for-covid-19-1225015,2020-06-13T09:35:22+00:00,Taufeeq Umar,Pakistan,positive,2020-06-13,retrospective,"Afridi became the third cricketer from Pakistan, and the second international after former opener Taufeeq Umar , to have contracted the virus.","Earlier infection mentioned in retrospect; no date given, published date used.",True,
29305647,https://www.espncricinfo.com/story/_/id/29305647/shahid-afridi-tests-positive-covid-19,2020-06-13T09:35:22+00:00,Taufeeq Umar,Pakistan,positive,2020-06-13,retrospective,"Afridi became the third cricketer from Pakistan, and the second international after former opener Taufeeq Umar , to have contracted the virus.","Earlier infection mentioned in retrospect; no date given, published date used.",True,
1225015,https://www.espncricinfo.com/story/shahid-afridi-tests-positive-for-covid-19-1225015,2020-06-13T09:35:22+00:00,Zafar Sarfraz,Pakistan,positive,2020-06-13,retrospective,"Zafar Sarfraz, the former first-class cricketer who died of the disease , was the first.","Former first-class cricketer; died of Covid-19; mentioned in retrospect, no date given.",True,
29305647,https://www.espncricinfo.com/story/_/id/29305647/shahid-afridi-tests-positive-covid-19,2020-06-13T09:35:22+00:00,Zafar Sarfraz,Pakistan,positive,2020-06-13,retrospective,"Zafar Sarfraz, the former first-class cricketer who died of the disease , was the first.","Former first-class cricketer; died of Covid-19; mentioned in retrospect, no date given.",True,
1225449,https://www.espncricinfo.com/story/shadab-khan-haris-rauf-haider-ali-test-positive-for-covid-19-1225449,2020-06-22T16:20:18+00:00,Shahid Afridi,Pakistan,positive,2020-06-22,retrospective,"Last week, former Pakistan captain Shahid Afridi announced he had tested positive for the virus, and was self-isolating.",Announced 'last week' relative to published date; exact date not in text.,True,
29347984,"https://www.espncricinfo.com/story/_/id/29347984/shadab-khan,-haris-rauf,-haider-ali-test-positive-covid-19",2020-06-22T16:20:18+00:00,Shahid Afridi,Pakistan,positive,2020-06-22,retrospective,"Last week, former Pakistan captain Shahid Afridi announced he had tested positive for the virus, and was self-isolating.",Announced 'last week' relative to published date; exact date not in text.,True,
1225449,https://www.espncricinfo.com/story/shadab-khan-haris-rauf-haider-ali-test-positive-for-covid-19-1225449,2020-06-22T16:20:18+00:00,Taufeeq Umar,Pakistan,positive,2020-06-22,retrospective,"Taufeeq Umar also contracted the virus, going on to make a full recovery.","Past infection, recovered; no date given.",True,
29347984,"https://www.espncricinfo.com/story/_/id/29347984/shadab-khan,-haris-rauf,-haider-ali-test-positive-covid-19",2020-06-22T16:20:18+00:00,Taufeeq Umar,Pakistan,positive,2020-06-22,retrospective,"Taufeeq Umar also contracted the virus, going on to make a full recovery.","Past infection, recovered; no date given.",True,
1225794,https://www.espncricinfo.com/story/mohammad-hafeez-five-others-return-negative-results-in-pcb-covid-19-retests-1225794,2020-06-27T11:35:38+00:00,Mohammad Hafeez,Pakistan,positive,2020-06-21,retrospective,"Six of the ten Pakistani cricketers who had earlier tested positive for Covid-19 - Mohammad Hafeez , Wahab Riaz , Fakhar Zaman , Shadab Khan , Mohammad Rizwan and Mohammad Hasnain - have returned negative results when tested again, Wasim Khan, the PCB chief executive, announced on Saturday.",Earlier positive; Wasim Khan says positive tests carried out on the 21st; negative on retest announced 2020-06-27.,True,
29373424,"https://www.espncricinfo.com/story/_/id/29373424/mohammad-hafeez,-five-others-return-negative-results-pcb-covid-19-restests",2020-06-27T11:35:38+00:00,Mohammad Hafeez,Pakistan,positive,2020-06-21,retrospective,"Six of the ten Pakistani cricketers who had earlier tested positive for Covid-19 - Mohammad Hafeez , Wahab Riaz , Fakhar Zaman , Shadab Khan , Mohammad Rizwan and Mohammad Hasnain - have returned negative results when tested again, Wasim Khan, the PCB chief executive, announced on Saturday.",Earlier positive; Wasim Khan says positive tests carried out on the 21st; negative on retest announced 2020-06-27.,True,
1225794,https://www.espncricinfo.com/story/mohammad-hafeez-five-others-return-negative-results-in-pcb-covid-19-retests-1225794,2020-06-27T11:35:38+00:00,Wahab Riaz,Pakistan,positive,2020-06-21,retrospective,"Six of the ten Pakistani cricketers who had earlier tested positive for Covid-19 - Mohammad Hafeez , Wahab Riaz , Fakhar Zaman , Shadab Khan , Mohammad Rizwan and Mohammad Hasnain - have returned negative results when tested again, Wasim Khan, the PCB chief executive, announced on Saturday.",Earlier positive; Wasim Khan says positive tests carried out on the 21st; negative on retest announced 2020-06-27.,True,
29373424,"https://www.espncricinfo.com/story/_/id/29373424/mohammad-hafeez,-five-others-return-negative-results-pcb-covid-19-restests",2020-06-27T11:35:38+00:00,Wahab Riaz,Pakistan,positive,2020-06-21,retrospective,"Six of the ten Pakistani cricketers who had earlier tested positive for Covid-19 - Mohammad Hafeez , Wahab Riaz , Fakhar Zaman , Shadab Khan , Mohammad Rizwan and Mohammad Hasnain - have returned negative results when tested again, Wasim Khan, the PCB chief executive, announced on Saturday.",Earlier positive; Wasim Khan says positive tests carried out on the 21st; negative on retest announced 2020-06-27.,True,
1225794,https://www.espncricinfo.com/story/mohammad-hafeez-five-others-return-negative-results-in-pcb-covid-19-retests-1225794,2020-06-27T11:35:38+00:00,Fakhar Zaman,Pakistan,positive,2020-06-21,retrospective,"Six of the ten Pakistani cricketers who had earlier tested positive for Covid-19 - Mohammad Hafeez , Wahab Riaz , Fakhar Zaman , Shadab Khan , Mohammad Rizwan and Mohammad Hasnain - have returned negative results when tested again, Wasim Khan, the PCB chief executive, announced on Saturday.",Earlier positive; Wasim Khan says positive tests carried out on the 21st; negative on retest announced 2020-06-27.,True,
29373424,"https://www.espncricinfo.com/story/_/id/29373424/mohammad-hafeez,-five-others-return-negative-results-pcb-covid-19-restests",2020-06-27T11:35:38+00:00,Fakhar Zaman,Pakistan,positive,2020-06-21,retrospective,"Six of the ten Pakistani cricketers who had earlier tested positive for Covid-19 - Mohammad Hafeez , Wahab Riaz , Fakhar Zaman , Shadab Khan , Mohammad Rizwan and Mohammad Hasnain - have returned negative results when tested again, Wasim Khan, the PCB chief executive, announced on Saturday.",Earlier positive; Wasim Khan says positive tests carried out on the 21st; negative on retest announced 2020-06-27.,True,
1225794,https://www.espncricinfo.com/story/mohammad-hafeez-five-others-return-negative-results-in-pcb-covid-19-retests-1225794,2020-06-27T11:35:38+00:00,Shadab Khan,Pakistan,positive,2020-06-21,retrospective,"Six of the ten Pakistani cricketers who had earlier tested positive for Covid-19 - Mohammad Hafeez , Wahab Riaz , Fakhar Zaman , Shadab Khan , Mohammad Rizwan and Mohammad Hasnain - have returned negative results when tested again, Wasim Khan, the PCB chief executive, announced on Saturday.",Earlier positive; Wasim Khan says positive tests carried out on the 21st; negative on retest announced 2020-06-27.,True,
29373424,"https://www.espncricinfo.com/story/_/id/29373424/mohammad-hafeez,-five-others-return-negative-results-pcb-covid-19-restests",2020-06-27T11:35:38+00:00,Shadab Khan,Pakistan,positive,2020-06-21,retrospective,"Six of the ten Pakistani cricketers who had earlier tested positive for Covid-19 - Mohammad Hafeez , Wahab Riaz , Fakhar Zaman , Shadab Khan , Mohammad Rizwan and Mohammad Hasnain - have returned negative results when tested again, Wasim Khan, the PCB chief executive, announced on Saturday.",Earlier positive; Wasim Khan says positive tests carried out on the 21st; negative on retest announced 2020-06-27.,True,
1225794,https://www.espncricinfo.com/story/mohammad-hafeez-five-others-return-negative-results-in-pcb-covid-19-retests-1225794,2020-06-27T11:35:38+00:00,Mohammad Rizwan,Pakistan,positive,2020-06-21,retrospective,"Six of the ten Pakistani cricketers who had earlier tested positive for Covid-19 - Mohammad Hafeez , Wahab Riaz , Fakhar Zaman , Shadab Khan , Mohammad Rizwan and Mohammad Hasnain - have returned negative results when tested again, Wasim Khan, the PCB chief executive, announced on Saturday.",Earlier positive; Wasim Khan says positive tests carried out on the 21st; negative on retest announced 2020-06-27.,True,
29373424,"https://www.espncricinfo.com/story/_/id/29373424/mohammad-hafeez,-five-others-return-negative-results-pcb-covid-19-restests",2020-06-27T11:35:38+00:00,Mohammad Rizwan,Pakistan,positive,2020-06-21,retrospective,"Six of the ten Pakistani cricketers who had earlier tested positive for Covid-19 - Mohammad Hafeez , Wahab Riaz , Fakhar Zaman , Shadab Khan , Mohammad Rizwan and Mohammad Hasnain - have returned negative results when tested again, Wasim Khan, the PCB chief executive, announced on Saturday.",Earlier positive; Wasim Khan says positive tests carried out on the 21st; negative on retest announced 2020-06-27.,True,
1225794,https://www.espncricinfo.com/story/mohammad-hafeez-five-others-return-negative-results-in-pcb-covid-19-retests-1225794,2020-06-27T11:35:38+00:00,Mohammad Hasnain,Pakistan,positive,2020-06-21,retrospective,"Six of the ten Pakistani cricketers who had earlier tested positive for Covid-19 - Mohammad Hafeez , Wahab Riaz , Fakhar Zaman , Shadab Khan , Mohammad Rizwan and Mohammad Hasnain - have returned negative results when tested again, Wasim Khan, the PCB chief executive, announced on Saturday.",Earlier positive; Wasim Khan says positive tests carried out on the 21st; negative on retest announced 2020-06-27.,True,
29373424,"https://www.espncricinfo.com/story/_/id/29373424/mohammad-hafeez,-five-others-return-negative-results-pcb-covid-19-restests",2020-06-27T11:35:38+00:00,Mohammad Hasnain,Pakistan,positive,2020-06-21,retrospective,"Six of the ten Pakistani cricketers who had earlier tested positive for Covid-19 - Mohammad Hafeez , Wahab Riaz , Fakhar Zaman , Shadab Khan , Mohammad Rizwan and Mohammad Hasnain - have returned negative results when tested again, Wasim Khan, the PCB chief executive, announced on Saturday.",Earlier positive; Wasim Khan says positive tests carried out on the 21st; negative on retest announced 2020-06-27.,True,
1225902,https://www.espncricinfo.com/story/mohammad-hafeez-five-others-to-join-pakistan-squad-in-england-after-second-negative-covid-19-test-1225902,2020-06-30T06:42:10+00:00,Mohammad Hafeez,Pakistan,positive,2020-06-30,retrospective,"Among the players that will now join the squad, Hafeez and Riaz had earlier tested themselves at a private laboratory in the wake of their returning positive results after the first round of testing by the PCB.","Earlier PCB positive; now two negatives. Other four in this group not explicitly stated as earlier positive in this story, so omitted.",True,
29385923,"https://www.espncricinfo.com/story/_/id/29385923/mohammad-hafeez,-five-others-join-squad-worcester-following-second-negative-covid-19-tests",2020-06-30T06:42:10+00:00,Mohammad Hafeez,Pakistan,positive,2020-06-30,retrospective,"Among the players that will now join the squad, Hafeez and Riaz had earlier tested themselves at a private laboratory in the wake of their returning positive results after the first round of testing by the PCB.","Earlier PCB positive; now two negatives. Other four in this group not explicitly stated as earlier positive in this story, so omitted.",True,
1225902,https://www.espncricinfo.com/story/mohammad-hafeez-five-others-to-join-pakistan-squad-in-england-after-second-negative-covid-19-test-1225902,2020-06-30T06:42:10+00:00,Wahab Riaz,Pakistan,positive,2020-06-30,retrospective,"Among the players that will now join the squad, Hafeez and Riaz had earlier tested themselves at a private laboratory in the wake of their returning positive results after the first round of testing by the PCB.","Earlier PCB positive; now two negatives. Other four in this group not explicitly stated as earlier positive in this story, so omitted.",True,
29385923,"https://www.espncricinfo.com/story/_/id/29385923/mohammad-hafeez,-five-others-join-squad-worcester-following-second-negative-covid-19-tests",2020-06-30T06:42:10+00:00,Wahab Riaz,Pakistan,positive,2020-06-30,retrospective,"Among the players that will now join the squad, Hafeez and Riaz had earlier tested themselves at a private laboratory in the wake of their returning positive results after the first round of testing by the PCB.","Earlier PCB positive; now two negatives. Other four in this group not explicitly stated as earlier positive in this story, so omitted.",True,
1226267,https://www.espncricinfo.com/story/haider-ali-imran-khan-and-kashif-bhatti-return-two-negative-tests-for-covid-19-1226267,2020-07-06T08:23:46+00:00,Haider Ali,Pakistan,positive,2020-07-06,retrospective,Rauf is now the only player still returning positive tests among the ten who originally tested positive last month .,Implied among the ten originally positive in June; returned negatives July 1 and 4.,True,
29416641,"https://www.espncricinfo.com/story/_/id/29416641/haider-ali,-imran-khan-kashif-bhatti-return-two-negative-tests-covid-19",2020-07-06T08:23:46+00:00,Haider Ali,Pakistan,positive,2020-07-06,retrospective,Rauf is now the only player still returning positive tests among the ten who originally tested positive last month .,Implied among the ten originally positive in June; returned negatives July 1 and 4.,True,
1226267,https://www.espncricinfo.com/story/haider-ali-imran-khan-and-kashif-bhatti-return-two-negative-tests-for-covid-19-1226267,2020-07-06T08:23:46+00:00,Imran Khan,Pakistan,positive,2020-07-06,retrospective,Rauf is now the only player still returning positive tests among the ten who originally tested positive last month .,Implied among the ten originally positive in June; returned negatives July 1 and 4.,True,
29416641,"https://www.espncricinfo.com/story/_/id/29416641/haider-ali,-imran-khan-kashif-bhatti-return-two-negative-tests-covid-19",2020-07-06T08:23:46+00:00,Imran Khan,Pakistan,positive,2020-07-06,retrospective,Rauf is now the only player still returning positive tests among the ten who originally tested positive last month .,Implied among the ten originally positive in June; returned negatives July 1 and 4.,True,
1226267,https://www.espncricinfo.com/story/haider-ali-imran-khan-and-kashif-bhatti-return-two-negative-tests-for-covid-19-1226267,2020-07-06T08:23:46+00:00,Kashif Bhatti,Pakistan,positive,2020-07-06,retrospective,Rauf is now the only player still returning positive tests among the ten who originally tested positive last month .,Implied among the ten originally positive in June; returned negatives July 1 and 4.,True,
29416641,"https://www.espncricinfo.com/story/_/id/29416641/haider-ali,-imran-khan-kashif-bhatti-return-two-negative-tests-covid-19",2020-07-06T08:23:46+00:00,Kashif Bhatti,Pakistan,positive,2020-07-06,retrospective,Rauf is now the only player still returning positive tests among the ten who originally tested positive last month .,Implied among the ten originally positive in June; returned negatives July 1 and 4.,True,
1226267,https://www.espncricinfo.com/story/haider-ali-imran-khan-and-kashif-bhatti-return-two-negative-tests-for-covid-19-1226267,2020-07-06T08:23:46+00:00,Fakhar Zaman,Pakistan,positive,2020-07-06,retrospective,"Fakhar Zaman, Mohammad Hasnain, Mohammad Hafeez, Mohammad Rizwan, Shadab Khan and Wahab Riaz have already flown to England after returning two negative tests .",Implied (by preceding sentence) among the ten originally positive in June; since cleared.,True,
29416641,"https://www.espncricinfo.com/story/_/id/29416641/haider-ali,-imran-khan-kashif-bhatti-return-two-negative-tests-covid-19",2020-07-06T08:23:46+00:00,Fakhar Zaman,Pakistan,positive,2020-07-06,retrospective,"Fakhar Zaman, Mohammad Hasnain, Mohammad Hafeez, Mohammad Rizwan, Shadab Khan and Wahab Riaz have already flown to England after returning two negative tests .",Implied (by preceding sentence) among the ten originally positive in June; since cleared.,True,
1226267,https://www.espncricinfo.com/story/haider-ali-imran-khan-and-kashif-bhatti-return-two-negative-tests-for-covid-19-1226267,2020-07-06T08:23:46+00:00,Mohammad Hasnain,Pakistan,positive,2020-07-06,retrospective,"Fakhar Zaman, Mohammad Hasnain, Mohammad Hafeez, Mohammad Rizwan, Shadab Khan and Wahab Riaz have already flown to England after returning two negative tests .",Implied (by preceding sentence) among the ten originally positive in June; since cleared.,True,
29416641,"https://www.espncricinfo.com/story/_/id/29416641/haider-ali,-imran-khan-kashif-bhatti-return-two-negative-tests-covid-19",2020-07-06T08:23:46+00:00,Mohammad Hasnain,Pakistan,positive,2020-07-06,retrospective,"Fakhar Zaman, Mohammad Hasnain, Mohammad Hafeez, Mohammad Rizwan, Shadab Khan and Wahab Riaz have already flown to England after returning two negative tests .",Implied (by preceding sentence) among the ten originally positive in June; since cleared.,True,
1226267,https://www.espncricinfo.com/story/haider-ali-imran-khan-and-kashif-bhatti-return-two-negative-tests-for-covid-19-1226267,2020-07-06T08:23:46+00:00,Mohammad Hafeez,Pakistan,positive,2020-07-06,retrospective,"Fakhar Zaman, Mohammad Hasnain, Mohammad Hafeez, Mohammad Rizwan, Shadab Khan and Wahab Riaz have already flown to England after returning two negative tests .",Implied (by preceding sentence) among the ten originally positive in June; since cleared.,True,
29416641,"https://www.espncricinfo.com/story/_/id/29416641/haider-ali,-imran-khan-kashif-bhatti-return-two-negative-tests-covid-19",2020-07-06T08:23:46+00:00,Mohammad Hafeez,Pakistan,positive,2020-07-06,retrospective,"Fakhar Zaman, Mohammad Hasnain, Mohammad Hafeez, Mohammad Rizwan, Shadab Khan and Wahab Riaz have already flown to England after returning two negative tests .",Implied (by preceding sentence) among the ten originally positive in June; since cleared.,True,
1226267,https://www.espncricinfo.com/story/haider-ali-imran-khan-and-kashif-bhatti-return-two-negative-tests-for-covid-19-1226267,2020-07-06T08:23:46+00:00,Mohammad Rizwan,Pakistan,positive,2020-07-06,retrospective,"Fakhar Zaman, Mohammad Hasnain, Mohammad Hafeez, Mohammad Rizwan, Shadab Khan and Wahab Riaz have already flown to England after returning two negative tests .",Implied (by preceding sentence) among the ten originally positive in June; since cleared.,True,
29416641,"https://www.espncricinfo.com/story/_/id/29416641/haider-ali,-imran-khan-kashif-bhatti-return-two-negative-tests-covid-19",2020-07-06T08:23:46+00:00,Mohammad Rizwan,Pakistan,positive,2020-07-06,retrospective,"Fakhar Zaman, Mohammad Hasnain, Mohammad Hafeez, Mohammad Rizwan, Shadab Khan and Wahab Riaz have already flown to England after returning two negative tests .",Implied (by preceding sentence) among the ten originally positive in June; since cleared.,True,
1226267,https://www.espncricinfo.com/story/haider-ali-imran-khan-and-kashif-bhatti-return-two-negative-tests-for-covid-19-1226267,2020-07-06T08:23:46+00:00,Shadab Khan,Pakistan,positive,2020-07-06,retrospective,"Fakhar Zaman, Mohammad Hasnain, Mohammad Hafeez, Mohammad Rizwan, Shadab Khan and Wahab Riaz have already flown to England after returning two negative tests .",Implied (by preceding sentence) among the ten originally positive in June; since cleared.,True,
29416641,"https://www.espncricinfo.com/story/_/id/29416641/haider-ali,-imran-khan-kashif-bhatti-return-two-negative-tests-covid-19",2020-07-06T08:23:46+00:00,Shadab Khan,Pakistan,positive,2020-07-06,retrospective,"Fakhar Zaman, Mohammad Hasnain, Mohammad Hafeez, Mohammad Rizwan, Shadab Khan and Wahab Riaz have already flown to England after returning two negative tests .",Implied (by preceding sentence) among the ten originally positive in June; since cleared.,True,
1226267,https://www.espncricinfo.com/story/haider-ali-imran-khan-and-kashif-bhatti-return-two-negative-tests-for-covid-19-1226267,2020-07-06T08:23:46+00:00,Wahab Riaz,Pakistan,positive,2020-07-06,retrospective,"Fakhar Zaman, Mohammad Hasnain, Mohammad Hafeez, Mohammad Rizwan, Shadab Khan and Wahab Riaz have already flown to England after returning two negative tests .",Implied (by preceding sentence) among the ten originally positive in June; since cleared.,True,
29416641,"https://www.espncricinfo.com/story/_/id/29416641/haider-ali,-imran-khan-kashif-bhatti-return-two-negative-tests-covid-19",2020-07-06T08:23:46+00:00,Wahab Riaz,Pakistan,positive,2020-07-06,retrospective,"Fakhar Zaman, Mohammad Hasnain, Mohammad Hafeez, Mohammad Rizwan, Shadab Khan and Wahab Riaz have already flown to England after returning two negative tests .",Implied (by preceding sentence) among the ten originally positive in June; since cleared.,True,
1226761,https://www.espncricinfo.com/story/mashrafe-mortaza-recovers-from-covid-19-1226761,2020-07-14T16:17:16+00:00,Mashrafe Mortaza,Bangladesh,positive,2020-06-20,retrospective,"Mortaza, who is also a Member of Parliament representing the ruling Awami League party, was diagnosed with the virus three weeks ago, on June 20.",Diagnosis date stated; now negative/recovered (2020-07-14).,True,
29460411,https://www.espncricinfo.com/story/_/id/29460411/mashrafe-mortaza-recovers-covid-19,2020-07-14T16:17:16+00:00,Mashrafe Mortaza,Bangladesh,positive,2020-06-20,retrospective,"Mortaza, who is also a Member of Parliament representing the ruling Awami League party, was diagnosed with the virus three weeks ago, on June 20.",Diagnosis date stated; now negative/recovered (2020-07-14).,True,
1226761,https://www.espncricinfo.com/story/mashrafe-mortaza-recovers-from-covid-19-1226761,2020-07-14T16:17:16+00:00,Nafees Iqbal,Bangladesh,positive,2020-06-23,retrospective,"Nafees Iqbal and Nazmul Islam , who also tested positive three weeks ago, have also recovered after undergoing treatment at home.","'Three weeks ago' relative to 2020-07-14, approximate; recovered.",True,
29460411,https://www.espncricinfo.com/story/_/id/29460411/mashrafe-mortaza-recovers-covid-19,2020-07-14T16:17:16+00:00,Nafees Iqbal,Bangladesh,positive,2020-06-23,retrospective,"Nafees Iqbal and Nazmul Islam , who also tested positive three weeks ago, have also recovered after undergoing treatment at home.","'Three weeks ago' relative to 2020-07-14, approximate; recovered.",True,
1226761,https://www.espncricinfo.com/story/mashrafe-mortaza-recovers-from-covid-19-1226761,2020-07-14T16:17:16+00:00,Nazmul Islam,Bangladesh,positive,2020-06-23,retrospective,"Nafees Iqbal and Nazmul Islam , who also tested positive three weeks ago, have also recovered after undergoing treatment at home.","'Three weeks ago' relative to 2020-07-14, approximate; recovered.",True,
29460411,https://www.espncricinfo.com/story/_/id/29460411/mashrafe-mortaza-recovers-covid-19,2020-07-14T16:17:16+00:00,Nazmul Islam,Bangladesh,positive,2020-06-23,retrospective,"Nafees Iqbal and Nazmul Islam , who also tested positive three weeks ago, have also recovered after undergoing treatment at home.","'Three weeks ago' relative to 2020-07-14, approximate; recovered.",True,
1226990,https://www.espncricinfo.com/story/pakistan-s-kashif-bhatti-to-join-squad-after-covid-19-scare-in-england-1226990,2020-07-16T10:26:26+00:00,Kashif Bhatti,Pakistan,positive,2020-07-16,retrospective,The left-arm spinner had travelled to England with a delayed third batch of players after initially testing positive in Pakistan in tests conducted under the PCB's protocols.,"Genuine earlier positive in Pakistan (date not given). Separate UK arrival positive (~2020-07-08) attributed by ECB to remnants of previous infection; later negatives, rejoined squad.",True,
29472786,https://www.espncricinfo.com/story/_/id/29472786/pakistan-kashif-bhatti-join-squad-covid-19-scare-england,2020-07-16T10:26:26+00:00,Kashif Bhatti,Pakistan,positive,2020-07-16,retrospective,The left-arm spinner had travelled to England with a delayed third batch of players after initially testing positive in Pakistan in tests conducted under the PCB's protocols.,"Genuine earlier positive in Pakistan (date not given). Separate UK arrival positive (~2020-07-08) attributed by ECB to remnants of previous infection; later negatives, rejoined squad.",True,
1226990,https://www.espncricinfo.com/story/pakistan-s-kashif-bhatti-to-join-squad-after-covid-19-scare-in-england-1226990,2020-07-16T10:26:26+00:00,Haider Ali,Pakistan,positive,2020-07-16,retrospective,"Bhatti had travelled to the UK with Haider Ali and Imran Khan as well as Malang Ali, the team masseur, all of whom were among the group of players and support staff who returned positive tests in Pakistan.",Earlier positive in Pakistan; no date given.,True,
29472786,https://www.espncricinfo.com/story/_/id/29472786/pakistan-kashif-bhatti-join-squad-covid-19-scare-england,2020-07-16T10:26:26+00:00,Haider Ali,Pakistan,positive,2020-07-16,retrospective,"Bhatti had travelled to the UK with Haider Ali and Imran Khan as well as Malang Ali, the team masseur, all of whom were among the group of players and support staff who returned positive tests in Pakistan.",Earlier positive in Pakistan; no date given.,True,
1226990,https://www.espncricinfo.com/story/pakistan-s-kashif-bhatti-to-join-squad-after-covid-19-scare-in-england-1226990,2020-07-16T10:26:26+00:00,Imran Khan,Pakistan,positive,2020-07-16,retrospective,"Bhatti had travelled to the UK with Haider Ali and Imran Khan as well as Malang Ali, the team masseur, all of whom were among the group of players and support staff who returned positive tests in Pakistan.",Earlier positive in Pakistan; no date given.,True,
29472786,https://www.espncricinfo.com/story/_/id/29472786/pakistan-kashif-bhatti-join-squad-covid-19-scare-england,2020-07-16T10:26:26+00:00,Imran Khan,Pakistan,positive,2020-07-16,retrospective,"Bhatti had travelled to the UK with Haider Ali and Imran Khan as well as Malang Ali, the team masseur, all of whom were among the group of players and support staff who returned positive tests in Pakistan.",Earlier positive in Pakistan; no date given.,True,
1227061,https://www.espncricinfo.com/story/no-more-player-tests-csa-certain-of-covid-19-free-3tc-1227061,2020-07-17T08:39:39+00:00,Kashif Bhatti,Pakistan,positive,2020-07-17,retrospective,"That level of testing has, in fact, helped Pakistan in identifying a number of players who tested positive for Covid-19 and who had to delay their travel to the UK: a player like Kashif Bhatti, who tested positive in Pakistan, would have undergone eight tests within the last month alone.",Past positive mentioned in retrospect; no date.,True,
29479294,"https://www.espncricinfo.com/story/_/id/29479294/no-more-player-tests,-csa-certain-covid-19-free-3tc",2020-07-17T08:39:39+00:00,Kashif Bhatti,Pakistan,positive,2020-07-17,retrospective,"That level of testing has, in fact, helped Pakistan in identifying a number of players who tested positive for Covid-19 and who had to delay their travel to the UK: a player like Kashif Bhatti, who tested positive in Pakistan, would have undergone eight tests within the last month alone.",Past positive mentioned in retrospect; no date.,True,
1227637,https://www.espncricinfo.com/story/mohammad-amir-cleared-to-join-pakistan-squad-in-england-after-two-negative-covid-19-results-1227637,2020-07-24T07:00:31+00:00,Haris Rauf,Pakistan,positive,2020-07-24,retrospective,"Amir was recalled in place of Haris Rauf , who had undergone six Covid-19 tests the last month, out of which five were positive.",Repeated positives over previous month; no specific date.,True,
29528329,https://www.espncricinfo.com/story/_/id/29528329/mohammad-amir-cleared-join-pakistan-squad-england-two-negative-covid-19-results,2020-07-24T07:00:31+00:00,Haris Rauf,Pakistan,positive,2020-07-24,retrospective,"Amir was recalled in place of Haris Rauf , who had undergone six Covid-19 tests the last month, out of which five were positive.",Repeated positives over previous month; no specific date.,True,
1227771,https://www.espncricinfo.com/story/pcb-came-under-pressure-over-england-tour-after-positive-covid-19-tests-says-ceo-1227771,2020-07-26T09:34:02+00:00,Shadab Khan,Pakistan,positive,2020-07-26,retrospective,"Shadab Khan, Haris Rauf, Haider Ali, Fakhar Zaman, Mohammad Rizwan, Wahab Riaz, Imran Khan, Mohammad Hafeez, Mohammad Hasnain and Kashif Bhatti were among those who tested positive in the first round of testing ahead of the tour.",June pre-tour first-round positive mentioned in retrospect; no date in text.,True,
29540557,"https://www.espncricinfo.com/story/_/id/29540557/pcb-came-pressure-england-tour-positive-covid-19-tests,-says-ceo",2020-07-26T09:34:02+00:00,Shadab Khan,Pakistan,positive,2020-07-26,retrospective,"Shadab Khan, Haris Rauf, Haider Ali, Fakhar Zaman, Mohammad Rizwan, Wahab Riaz, Imran Khan, Mohammad Hafeez, Mohammad Hasnain and Kashif Bhatti were among those who tested positive in the first round of testing ahead of the tour.",June pre-tour first-round positive mentioned in retrospect; no date in text.,True,
1227771,https://www.espncricinfo.com/story/pcb-came-under-pressure-over-england-tour-after-positive-covid-19-tests-says-ceo-1227771,2020-07-26T09:34:02+00:00,Haris Rauf,Pakistan,positive,2020-07-26,retrospective,"Shadab Khan, Haris Rauf, Haider Ali, Fakhar Zaman, Mohammad Rizwan, Wahab Riaz, Imran Khan, Mohammad Hafeez, Mohammad Hasnain and Kashif Bhatti were among those who tested positive in the first round of testing ahead of the tour.",June pre-tour first-round positive mentioned in retrospect; no date in text.,True,
29540557,"https://www.espncricinfo.com/story/_/id/29540557/pcb-came-pressure-england-tour-positive-covid-19-tests,-says-ceo",2020-07-26T09:34:02+00:00,Haris Rauf,Pakistan,positive,2020-07-26,retrospective,"Shadab Khan, Haris Rauf, Haider Ali, Fakhar Zaman, Mohammad Rizwan, Wahab Riaz, Imran Khan, Mohammad Hafeez, Mohammad Hasnain and Kashif Bhatti were among those who tested positive in the first round of testing ahead of the tour.",June pre-tour first-round positive mentioned in retrospect; no date in text.,True,
1227771,https://www.espncricinfo.com/story/pcb-came-under-pressure-over-england-tour-after-positive-covid-19-tests-says-ceo-1227771,2020-07-26T09:34:02+00:00,Haider Ali,Pakistan,positive,2020-07-26,retrospective,"Shadab Khan, Haris Rauf, Haider Ali, Fakhar Zaman, Mohammad Rizwan, Wahab Riaz, Imran Khan, Mohammad Hafeez, Mohammad Hasnain and Kashif Bhatti were among those who tested positive in the first round of testing ahead of the tour.",June pre-tour first-round positive mentioned in retrospect; no date in text.,True,
29540557,"https://www.espncricinfo.com/story/_/id/29540557/pcb-came-pressure-england-tour-positive-covid-19-tests,-says-ceo",2020-07-26T09:34:02+00:00,Haider Ali,Pakistan,positive,2020-07-26,retrospective,"Shadab Khan, Haris Rauf, Haider Ali, Fakhar Zaman, Mohammad Rizwan, Wahab Riaz, Imran Khan, Mohammad Hafeez, Mohammad Hasnain and Kashif Bhatti were among those who tested positive in the first round of testing ahead of the tour.",June pre-tour first-round positive mentioned in retrospect; no date in text.,True,
1227771,https://www.espncricinfo.com/story/pcb-came-under-pressure-over-england-tour-after-positive-covid-19-tests-says-ceo-1227771,2020-07-26T09:34:02+00:00,Fakhar Zaman,Pakistan,positive,2020-07-26,retrospective,"Shadab Khan, Haris Rauf, Haider Ali, Fakhar Zaman, Mohammad Rizwan, Wahab Riaz, Imran Khan, Mohammad Hafeez, Mohammad Hasnain and Kashif Bhatti were among those who tested positive in the first round of testing ahead of the tour.",June pre-tour first-round positive mentioned in retrospect; no date in text.,True,
29540557,"https://www.espncricinfo.com/story/_/id/29540557/pcb-came-pressure-england-tour-positive-covid-19-tests,-says-ceo",2020-07-26T09:34:02+00:00,Fakhar Zaman,Pakistan,positive,2020-07-26,retrospective,"Shadab Khan, Haris Rauf, Haider Ali, Fakhar Zaman, Mohammad Rizwan, Wahab Riaz, Imran Khan, Mohammad Hafeez, Mohammad Hasnain and Kashif Bhatti were among those who tested positive in the first round of testing ahead of the tour.",June pre-tour first-round positive mentioned in retrospect; no date in text.,True,
1227771,https://www.espncricinfo.com/story/pcb-came-under-pressure-over-england-tour-after-positive-covid-19-tests-says-ceo-1227771,2020-07-26T09:34:02+00:00,Mohammad Rizwan,Pakistan,positive,2020-07-26,retrospective,"Shadab Khan, Haris Rauf, Haider Ali, Fakhar Zaman, Mohammad Rizwan, Wahab Riaz, Imran Khan, Mohammad Hafeez, Mohammad Hasnain and Kashif Bhatti were among those who tested positive in the first round of testing ahead of the tour.",June pre-tour first-round positive mentioned in retrospect; no date in text.,True,
29540557,"https://www.espncricinfo.com/story/_/id/29540557/pcb-came-pressure-england-tour-positive-covid-19-tests,-says-ceo",2020-07-26T09:34:02+00:00,Mohammad Rizwan,Pakistan,positive,2020-07-26,retrospective,"Shadab Khan, Haris Rauf, Haider Ali, Fakhar Zaman, Mohammad Rizwan, Wahab Riaz, Imran Khan, Mohammad Hafeez, Mohammad Hasnain and Kashif Bhatti were among those who tested positive in the first round of testing ahead of the tour.",June pre-tour first-round positive mentioned in retrospect; no date in text.,True,
1227771,https://www.espncricinfo.com/story/pcb-came-under-pressure-over-england-tour-after-positive-covid-19-tests-says-ceo-1227771,2020-07-26T09:34:02+00:00,Wahab Riaz,Pakistan,positive,2020-07-26,retrospective,"Shadab Khan, Haris Rauf, Haider Ali, Fakhar Zaman, Mohammad Rizwan, Wahab Riaz, Imran Khan, Mohammad Hafeez, Mohammad Hasnain and Kashif Bhatti were among those who tested positive in the first round of testing ahead of the tour.",June pre-tour first-round positive mentioned in retrospect; no date in text.,True,
29540557,"https://www.espncricinfo.com/story/_/id/29540557/pcb-came-pressure-england-tour-positive-covid-19-tests,-says-ceo",2020-07-26T09:34:02+00:00,Wahab Riaz,Pakistan,positive,2020-07-26,retrospective,"Shadab Khan, Haris Rauf, Haider Ali, Fakhar Zaman, Mohammad Rizwan, Wahab Riaz, Imran Khan, Mohammad Hafeez, Mohammad Hasnain and Kashif Bhatti were among those who tested positive in the first round of testing ahead of the tour.",June pre-tour first-round positive mentioned in retrospect; no date in text.,True,
1227771,https://www.espncricinfo.com/story/pcb-came-under-pressure-over-england-tour-after-positive-covid-19-tests-says-ceo-1227771,2020-07-26T09:34:02+00:00,Imran Khan,Pakistan,positive,2020-07-26,retrospective,"Shadab Khan, Haris Rauf, Haider Ali, Fakhar Zaman, Mohammad Rizwan, Wahab Riaz, Imran Khan, Mohammad Hafeez, Mohammad Hasnain and Kashif Bhatti were among those who tested positive in the first round of testing ahead of the tour.",June pre-tour first-round positive mentioned in retrospect; no date in text.,True,
29540557,"https://www.espncricinfo.com/story/_/id/29540557/pcb-came-pressure-england-tour-positive-covid-19-tests,-says-ceo",2020-07-26T09:34:02+00:00,Imran Khan,Pakistan,positive,2020-07-26,retrospective,"Shadab Khan, Haris Rauf, Haider Ali, Fakhar Zaman, Mohammad Rizwan, Wahab Riaz, Imran Khan, Mohammad Hafeez, Mohammad Hasnain and Kashif Bhatti were among those who tested positive in the first round of testing ahead of the tour.",June pre-tour first-round positive mentioned in retrospect; no date in text.,True,
1227771,https://www.espncricinfo.com/story/pcb-came-under-pressure-over-england-tour-after-positive-covid-19-tests-says-ceo-1227771,2020-07-26T09:34:02+00:00,Mohammad Hafeez,Pakistan,positive,2020-07-26,retrospective,"Shadab Khan, Haris Rauf, Haider Ali, Fakhar Zaman, Mohammad Rizwan, Wahab Riaz, Imran Khan, Mohammad Hafeez, Mohammad Hasnain and Kashif Bhatti were among those who tested positive in the first round of testing ahead of the tour.",June pre-tour first-round positive mentioned in retrospect; no date in text.,True,
29540557,"https://www.espncricinfo.com/story/_/id/29540557/pcb-came-pressure-england-tour-positive-covid-19-tests,-says-ceo",2020-07-26T09:34:02+00:00,Mohammad Hafeez,Pakistan,positive,2020-07-26,retrospective,"Shadab Khan, Haris Rauf, Haider Ali, Fakhar Zaman, Mohammad Rizwan, Wahab Riaz, Imran Khan, Mohammad Hafeez, Mohammad Hasnain and Kashif Bhatti were among those who tested positive in the first round of testing ahead of the tour.",June pre-tour first-round positive mentioned in retrospect; no date in text.,True,
1227771,https://www.espncricinfo.com/story/pcb-came-under-pressure-over-england-tour-after-positive-covid-19-tests-says-ceo-1227771,2020-07-26T09:34:02+00:00,Mohammad Hasnain,Pakistan,positive,2020-07-26,retrospective,"Shadab Khan, Haris Rauf, Haider Ali, Fakhar Zaman, Mohammad Rizwan, Wahab Riaz, Imran Khan, Mohammad Hafeez, Mohammad Hasnain and Kashif Bhatti were among those who tested positive in the first round of testing ahead of the tour.",June pre-tour first-round positive mentioned in retrospect; no date in text.,True,
29540557,"https://www.espncricinfo.com/story/_/id/29540557/pcb-came-pressure-england-tour-positive-covid-19-tests,-says-ceo",2020-07-26T09:34:02+00:00,Mohammad Hasnain,Pakistan,positive,2020-07-26,retrospective,"Shadab Khan, Haris Rauf, Haider Ali, Fakhar Zaman, Mohammad Rizwan, Wahab Riaz, Imran Khan, Mohammad Hafeez, Mohammad Hasnain and Kashif Bhatti were among those who tested positive in the first round of testing ahead of the tour.",June pre-tour first-round positive mentioned in retrospect; no date in text.,True,
1227771,https://www.espncricinfo.com/story/pcb-came-under-pressure-over-england-tour-after-positive-covid-19-tests-says-ceo-1227771,2020-07-26T09:34:02+00:00,Kashif Bhatti,Pakistan,positive,2020-07-26,retrospective,"Shadab Khan, Haris Rauf, Haider Ali, Fakhar Zaman, Mohammad Rizwan, Wahab Riaz, Imran Khan, Mohammad Hafeez, Mohammad Hasnain and Kashif Bhatti were among those who tested positive in the first round of testing ahead of the tour.",June pre-tour first-round positive mentioned in retrospect; no date in text.,True,
29540557,"https://www.espncricinfo.com/story/_/id/29540557/pcb-came-pressure-england-tour-positive-covid-19-tests,-says-ceo",2020-07-26T09:34:02+00:00,Kashif Bhatti,Pakistan,positive,2020-07-26,retrospective,"Shadab Khan, Haris Rauf, Haider Ali, Fakhar Zaman, Mohammad Rizwan, Wahab Riaz, Imran Khan, Mohammad Hafeez, Mohammad Hasnain and Kashif Bhatti were among those who tested positive in the first round of testing ahead of the tour.",June pre-tour first-round positive mentioned in retrospect; no date in text.,True,
1228065,https://www.espncricinfo.com/story/haris-rauf-finally-tests-negative-for-covid-19-set-to-fly-to-england-1228065,2020-07-30T08:20:36+00:00,Haris Rauf,Pakistan,positive,2020-06-22,retrospective,"He was among the ten players who tested positive for Covid-19 in the last week of June, but stayed back after the larger group flew out to Manchester on a chartered flight on June 28.",Text says 'last week of June' (approximate; first week-of date used); five of six tests positive until July 20; two consecutive negatives by 2020-07-30.,True,
29562473,"https://www.espncricinfo.com/story/_/id/29562473/haris-rauf-tests-negative-covid-19,-set-fly-england",2020-07-30T08:20:36+00:00,Haris Rauf,Pakistan,positive,2020-06-22,retrospective,"He was among the ten players who tested positive for Covid-19 in the last week of June, but stayed back after the larger group flew out to Manchester on a chartered flight on June 28.",Text says 'last week of June' (approximate; first week-of date used); five of six tests positive until July 20; two consecutive negatives by 2020-07-30.,True,
1229352,https://www.espncricinfo.com/story/mohammad-hafeez-self-isolating-after-biosecurity-protocol-breach-1229352,2020-08-12T13:18:43+00:00,Mohammad Hafeez,Pakistan,positive,2020-08-12,retrospective,"Before travelling, Hafeez tested positive for Covid-19, before deciding to get tested privately himself and returning a negative test.","June pre-tour positive mentioned in retrospect; current isolation is for protocol breach, not contact (result pending).",True,
29645505,https://www.espncricinfo.com/story/_/id/29645505/mohammad-hafeez-self-isolating-biosecurity-protocol-breach,2020-08-12T13:18:43+00:00,Mohammad Hafeez,Pakistan,positive,2020-08-12,retrospective,"Before travelling, Hafeez tested positive for Covid-19, before deciding to get tested privately himself and returning a negative test.","June pre-tour positive mentioned in retrospect; current isolation is for protocol breach, not contact (result pending).",True,
1229374,https://www.espncricinfo.com/story/karun-nair-recovers-from-covid-19-1229374,2020-08-12,Karun Nair,Kings XI Punjab / India,positive,2020-08-12,retrospective,"ESPNcricinfo understands Nair tested positive for the coronavirus recently, but tested negative on August 8.","Positive date not given ('recently'); self-isolated >2 weeks before negative test on 2020-08-08, so positive before ~2020-07-25; published date used.",True,
29646859,https://www.espncricinfo.com/story/_/id/29646859/karun-nair-recovers-covid-19,2020-08-12,Karun Nair,Kings XI Punjab / India,positive,2020-08-12,retrospective,"ESPNcricinfo understands Nair tested positive for the coronavirus recently, but tested negative on August 8.","Positive date not given ('recently'); self-isolated >2 weeks before negative test on 2020-08-08, so positive before ~2020-07-25; published date used.",True,
1230404,https://www.espncricinfo.com/story/ipl-2020-chris-gayle-set-to-link-up-with-kings-xi-punjab-on-time-after-negative-covid-19-tests-1230404,2020-08-25,Karun Nair,Kings XI Punjab / India,positive,2020-08-25,retrospective,"Earlier this month, it emerged that batsman Karun Nair had tested positive for Covid-19 in July, but was able to travel with the squad after returning two negative tests after a two-week isolation.",Month only: 'tested positive for Covid-19 in July' (2020).,True,
29735333,https://www.espncricinfo.com/story/_/id/29735333/ipl-2020-chris-gayle-set-link-kings-xi-punjab-negative-covid-19-tests,2020-08-25,Karun Nair,Kings XI Punjab / India,positive,2020-08-25,retrospective,"Earlier this month, it emerged that batsman Karun Nair had tested positive for Covid-19 in July, but was able to travel with the squad after returning two negative tests after a two-week isolation.",Month only: 'tested positive for Covid-19 in July' (2020).,True,
1229449,https://www.espncricinfo.com/story/mohammad-hafeez-back-with-pakistan-squad-after-negative-covid-19-test-1229449,2020-08-13,Jofra Archer,England,false_positive,2020-08-13,retrospective,England fast bowler Jofra Archer was stood down for the second Test and entered self-isolation for five days.,"Not a positive: earlier bubble-breach isolation, rejoined after two negative tests. Not a contact of a known case; date not given, published date used.",True,
29654530,https://www.espncricinfo.com/story/_/id/29654530/mohammad-hafeez-back-pakistan-squad-negative-covid-19-test,2020-08-13,Jofra Archer,England,false_positive,2020-08-13,retrospective,England fast bowler Jofra Archer was stood down for the second Test and entered self-isolation for five days.,"Not a positive: earlier bubble-breach isolation, rejoined after two negative tests. Not a contact of a known case; date not given, published date used.",True,
1231614,https://www.espncricinfo.com/story/bob-willis-trophy-match-abandoned-after-northamptonshire-player-tests-positive-for-covid-19-1231614,2020-09-06,Nick Gubbins,Middlesex,close_contact,2020-09-06,retrospective,"Nick Gubbins missed Middlesex's game against Kent as a precautionary measure after coming into contact with someone who had developed symptoms,",Quote truncated at clause boundary to fit 300 chars. Retrospective mention of the mid-August 2020 isolation (story 1229575); published date used.,True,
29824389,https://www.espncricinfo.com/story/_/id/29824389/bob-willis-trophy-match-abandoned-northamptonshire-player-tests-positive-covid-19,2020-09-06,Nick Gubbins,Middlesex,close_contact,2020-09-06,retrospective,"Nick Gubbins missed Middlesex's game against Kent as a precautionary measure after coming into contact with someone who had developed symptoms,",Quote truncated at clause boundary to fit 300 chars. Retrospective mention of the mid-August 2020 isolation (story 1229575); published date used.,True,
29927633,"https://www.espncricinfo.com/story/_/id/29927633/bangladesh-player-shows-classical-covid-symptoms,-isolated-training-camp",2020-09-20,Saif Hassan,Bangladesh,positive,2020-09-20,retrospective,"Hassan is currently quarantined at home after two recent positive results , although he is part of the 27-man training squad.",Retrospective mention of two positive results; quarantined at home; third test scheduled 2020-09-22.,True,
1233136,https://www.espncricinfo.com/story/bangladesh-bowler-abu-jayed-tests-positive-for-covid-19-1233136,2020-09-23,Saif Hassan,Bangladesh,positive,2020-09-23,retrospective,The news about Abu Jayed testing positive came on the day Saif Hassan tested negative - in his third test - after two positives in the last two weeks .,"Retrospective: two positives in prior two weeks; tested negative in third test (recovered, not a false positive); quarantined at home since 2020-09-07.",True,
1231890,https://www.espncricinfo.com/story/ipl-2020-deepak-chahar-rejoins-chennai-super-kings-squad-after-recovering-from-covid-19-1231890,2020-09-09,Deepak Chahar,Chennai Super Kings,positive,2020-08-28,retrospective,"In a boost to the Chennai Super Kings, Deepak Chahar has recovered completely from Covid-19 and regrouped with the squad.",Recovered; India player among 13 CSK positives first reported 2020-08-28 (story 1230715); exact test date not stated.,True,
29845271,https://www.espncricinfo.com/story/_/id/29845271/ipl-2020-one-chennai-super-kings-player-had-tested-positive-covid-19-back-fold,2020-09-09,Deepak Chahar,Chennai Super Kings,positive,2020-08-28,retrospective,"In a boost to the Chennai Super Kings, Deepak Chahar has recovered completely from Covid-19 and regrouped with the squad.",Recovered; India player among 13 CSK positives first reported 2020-08-28 (story 1230715); exact test date not stated.,True,
1231890,https://www.espncricinfo.com/story/ipl-2020-deepak-chahar-rejoins-chennai-super-kings-squad-after-recovering-from-covid-19-1231890,2020-09-09,Ruturaj Gaikwad,Chennai Super Kings,positive,2020-08-29,retrospective,"Ruturaj Gaikwad , the other player who was tested positive, is understood to be still in quarantine as he had started his isolation period at a later date.",Uncapped CSK player whose positive emerged 2020-08-29 (story 1230761); exact test date not stated; still in quarantine.,True,
29845271,https://www.espncricinfo.com/story/_/id/29845271/ipl-2020-one-chennai-super-kings-player-had-tested-positive-covid-19-back-fold,2020-09-09,Ruturaj Gaikwad,Chennai Super Kings,positive,2020-08-29,retrospective,"Ruturaj Gaikwad , the other player who was tested positive, is understood to be still in quarantine as he had started his isolation period at a later date.",Uncapped CSK player whose positive emerged 2020-08-29 (story 1230761); exact test date not stated; still in quarantine.,True,
1232859,https://www.espncricinfo.com/story/ipl-2020-csk-s-ruturaj-gaikwad-resumes-training-after-negative-covid-19-tests-1232859,2020-09-21,Ruturaj Gaikwad,Chennai Super Kings,positive,2020-08-29,retrospective,"Gaikwad was one of the ""10-12 members of the Super Kings contingent"" who tested positive in the first week of testing upon arrival in UAE.",Resumed training after two negative tests; positive in first week after arrival (approx late Aug 2020).,True,
29934905,https://www.espncricinfo.com/story/_/id/29934905/ipl-2020-csk-ruturaj-gaikwad-resumes-training-negative-covid-19-tests,2020-09-21,Ruturaj Gaikwad,Chennai Super Kings,positive,2020-08-29,retrospective,"Gaikwad was one of the ""10-12 members of the Super Kings contingent"" who tested positive in the first week of testing upon arrival in UAE.",Resumed training after two negative tests; positive in first week after arrival (approx late Aug 2020).,True,
1232859,https://www.espncricinfo.com/story/ipl-2020-csk-s-ruturaj-gaikwad-resumes-training-after-negative-covid-19-tests-1232859,2020-09-21,Deepak Chahar,Chennai Super Kings,positive,2020-08-28,retrospective,"Unlike Deepak Chahar , the fast bowler, Gaikwad wasn't cleared immediately upon completion of his two-week quarantine, and wasn't available for selection during their IPL opener on Saturday, which Super Kings won.",Implied past positive (completed two-week quarantine); approx date from earlier CSK stories.,True,
29934905,https://www.espncricinfo.com/story/_/id/29934905/ipl-2020-csk-ruturaj-gaikwad-resumes-training-negative-covid-19-tests,2020-09-21,Deepak Chahar,Chennai Super Kings,positive,2020-08-28,retrospective,"Unlike Deepak Chahar , the fast bowler, Gaikwad wasn't cleared immediately upon completion of his two-week quarantine, and wasn't available for selection during their IPL opener on Saturday, which Super Kings won.",Implied past positive (completed two-week quarantine); approx date from earlier CSK stories.,True,
29951741,https://www.espncricinfo.com/story/_/id/29951741/bangladesh-bowler-abu-jayed-tests-positive-covid-19,2020-09-23T14:26:05+00:00,Saif Hassan,Bangladesh,positive,2020-09-07,retrospective,The news about Abu Jayed testing positive came on the day Saif Hassan tested negative - in his third test - after two positives in the last two weeks .,"Two positives in prior two weeks, now negative on third test; date approximated from 'quarantined at home since September 7'.",True,
1236049,https://www.espncricinfo.com/story/wbbl-2020-sarah-glenn-reveals-she-battled-covid-19-in-april-ahead-of-wbbl-debut-1236049,2020-10-15T10:31:16+00:00,Sarah Glenn,England women / Perth Scorchers,positive,2020-10-15,retrospective,An antibody test later confirmed that Glenn had Covid-19.,Fell ill with Covid-19 in April 2020 (month only); confirmed later by antibody test.,True,
30119248,https://www.espncricinfo.com/story/_/id/30119248/wbbl-2020-sarah-glenn-reveals-battled-covid-19-april-ahead-wbbl-debut,2020-10-15T10:44:34+00:00,Sarah Glenn,England women / Perth Scorchers,positive,2020-10-15,retrospective,An antibody test later confirmed that Glenn had Covid-19.,Fell ill with Covid-19 in April 2020 (month only); confirmed later by antibody test.,True,
1238669,https://www.espncricinfo.com/story/mahmudullah-to-miss-psl-playoffs-after-testing-positive-for-covid-19-1238669,2020-11-08T06:37:46+00:00,Abu Jayed,Bangladesh,positive,2020-11-08,retrospective,"Previously, Abu Jayed, Saif Hassan and Mashrafe Mortaza had tested positive and subsequently recovered.","Earlier infection mentioned in retrospect; no date given, PUBLISHED date used.",True,
1238669,https://www.espncricinfo.com/story/mahmudullah-to-miss-psl-playoffs-after-testing-positive-for-covid-19-1238669,2020-11-08T06:37:46+00:00,Saif Hassan,Bangladesh,positive,2020-11-08,retrospective,"Previously, Abu Jayed, Saif Hassan and Mashrafe Mortaza had tested positive and subsequently recovered.","Earlier infection mentioned in retrospect; no date given, PUBLISHED date used.",True,
1238669,https://www.espncricinfo.com/story/mahmudullah-to-miss-psl-playoffs-after-testing-positive-for-covid-19-1238669,2020-11-08T06:37:46+00:00,Mashrafe Mortaza,Bangladesh,positive,2020-11-08,retrospective,"Previously, Abu Jayed, Saif Hassan and Mashrafe Mortaza had tested positive and subsequently recovered.","Earlier infection mentioned in retrospect; no date given, PUBLISHED date used.",True,
30275881,https://www.espncricinfo.com/story/_/id/30275881/mahmudullah-miss-psl-playoffs-testing-positive-covid-19,2020-11-08T06:37:46+00:00,Abu Jayed,Bangladesh,positive,2020-11-08,retrospective,"Previously, Abu Jayed, Saif Hassan and Mashrafe Mortaza had tested positive and subsequently recovered.","Earlier infection mentioned in retrospect; no date given, PUBLISHED date used.",True,
30275881,https://www.espncricinfo.com/story/_/id/30275881/mahmudullah-miss-psl-playoffs-testing-positive-covid-19,2020-11-08T06:37:46+00:00,Saif Hassan,Bangladesh,positive,2020-11-08,retrospective,"Previously, Abu Jayed, Saif Hassan and Mashrafe Mortaza had tested positive and subsequently recovered.","Earlier infection mentioned in retrospect; no date given, PUBLISHED date used.",True,
30275881,https://www.espncricinfo.com/story/_/id/30275881/mahmudullah-miss-psl-playoffs-testing-positive-covid-19,2020-11-08T06:37:46+00:00,Mashrafe Mortaza,Bangladesh,positive,2020-11-08,retrospective,"Previously, Abu Jayed, Saif Hassan and Mashrafe Mortaza had tested positive and subsequently recovered.","Earlier infection mentioned in retrospect; no date given, PUBLISHED date used.",True,
1238918,https://www.espncricinfo.com/story/mominul-haque-bangladesh-s-test-captain-positive-for-covid-19-with-mild-symptoms-1238918,2020-11-10T09:22:04+00:00,Abu Jayed,Bangladesh,positive,2020-11-10,retrospective,"Previously, Abu Jayed, Saif Hassan and Mashrafe Mortaza had also tested positive , and have since recovered.","Earlier infection mentioned in retrospect; no date given, PUBLISHED date used.",True,
1238918,https://www.espncricinfo.com/story/mominul-haque-bangladesh-s-test-captain-positive-for-covid-19-with-mild-symptoms-1238918,2020-11-10T09:22:04+00:00,Saif Hassan,Bangladesh,positive,2020-11-10,retrospective,"Previously, Abu Jayed, Saif Hassan and Mashrafe Mortaza had also tested positive , and have since recovered.","Earlier infection mentioned in retrospect; no date given, PUBLISHED date used.",True,
1238918,https://www.espncricinfo.com/story/mominul-haque-bangladesh-s-test-captain-positive-for-covid-19-with-mild-symptoms-1238918,2020-11-10T09:22:04+00:00,Mashrafe Mortaza,Bangladesh,positive,2020-11-10,retrospective,"Previously, Abu Jayed, Saif Hassan and Mashrafe Mortaza had also tested positive , and have since recovered.","Earlier infection mentioned in retrospect; no date given, PUBLISHED date used.",True,
30289565,"https://www.espncricinfo.com/story/_/id/30289565/mominul-haque,-bangladesh-test-captain,-positive-covid-19-mild-symptoms",2020-11-10T09:26:40+00:00,Abu Jayed,Bangladesh,positive,2020-11-10,retrospective,"Previously, Abu Jayed, Saif Hassan and Mashrafe Mortaza had also tested positive , and have since recovered.","Earlier infection mentioned in retrospect; no date given, PUBLISHED date used.",True,
30289565,"https://www.espncricinfo.com/story/_/id/30289565/mominul-haque,-bangladesh-test-captain,-positive-covid-19-mild-symptoms",2020-11-10T09:26:40+00:00,Saif Hassan,Bangladesh,positive,2020-11-10,retrospective,"Previously, Abu Jayed, Saif Hassan and Mashrafe Mortaza had also tested positive , and have since recovered.","Earlier infection mentioned in retrospect; no date given, PUBLISHED date used.",True,
30289565,"https://www.espncricinfo.com/story/_/id/30289565/mominul-haque,-bangladesh-test-captain,-positive-covid-19-mild-symptoms",2020-11-10T09:26:40+00:00,Mashrafe Mortaza,Bangladesh,positive,2020-11-10,retrospective,"Previously, Abu Jayed, Saif Hassan and Mashrafe Mortaza had also tested positive , and have since recovered.","Earlier infection mentioned in retrospect; no date given, PUBLISHED date used.",True,
1239102,https://www.espncricinfo.com/story/bangladesh-selector-habibul-bashar-tests-positive-for-covid-19-1239102,2020-11-12T08:39:06+00:00,Mominul Haque,Bangladesh,positive,2020-11-12,retrospective,The news comes soon after Test captain Mominul Haque and allrounder Mahmudullah had also tested positive earlier this week in a spate of infections among the regulars to the Sher-e-Bangla National Stadium in Dhaka.,'Earlier this week'; PUBLISHED date used. Story headline subject Habibul Bashar excluded (selector).,True,
1239102,https://www.espncricinfo.com/story/bangladesh-selector-habibul-bashar-tests-positive-for-covid-19-1239102,2020-11-12T08:39:06+00:00,Mahmudullah,Bangladesh,positive,2020-11-12,retrospective,The news comes soon after Test captain Mominul Haque and allrounder Mahmudullah had also tested positive earlier this week in a spate of infections among the regulars to the Sher-e-Bangla National Stadium in Dhaka.,'Earlier this week'; PUBLISHED date used. Story headline subject Habibul Bashar excluded (selector).,True,
1239102,https://www.espncricinfo.com/story/bangladesh-selector-habibul-bashar-tests-positive-for-covid-19-1239102,2020-11-12T08:39:06+00:00,Abu Jayed,Bangladesh,positive,2020-11-12,retrospective,"In recent weeks, Abu Jayed, Saif Hassan and Mashrafe Mortaza, as well as a few cricketers and coaching staff from the Under-19 camp have all tested positive.","Earlier infection mentioned in retrospect; no date given, PUBLISHED date used.",True,
1239102,https://www.espncricinfo.com/story/bangladesh-selector-habibul-bashar-tests-positive-for-covid-19-1239102,2020-11-12T08:39:06+00:00,Saif Hassan,Bangladesh,positive,2020-11-12,retrospective,"In recent weeks, Abu Jayed, Saif Hassan and Mashrafe Mortaza, as well as a few cricketers and coaching staff from the Under-19 camp have all tested positive.","Earlier infection mentioned in retrospect; no date given, PUBLISHED date used.",True,
1239102,https://www.espncricinfo.com/story/bangladesh-selector-habibul-bashar-tests-positive-for-covid-19-1239102,2020-11-12T08:39:06+00:00,Mashrafe Mortaza,Bangladesh,positive,2020-11-12,retrospective,"In recent weeks, Abu Jayed, Saif Hassan and Mashrafe Mortaza, as well as a few cricketers and coaching staff from the Under-19 camp have all tested positive.","Earlier infection mentioned in retrospect; no date given, PUBLISHED date used.",True,
30301071,https://www.espncricinfo.com/story/_/id/30301071/bangladesh-selector-habibul-bashar-tests-positive-covid-19,2020-11-12T08:39:06+00:00,Mominul Haque,Bangladesh,positive,2020-11-12,retrospective,The news comes soon after Test captain Mominul Haque and allrounder Mahmudullah had also tested positive earlier this week in a spate of infections among the regulars to the Sher-e-Bangla National Stadium in Dhaka.,'Earlier this week'; PUBLISHED date used. Story headline subject Habibul Bashar excluded (selector).,True,
30301071,https://www.espncricinfo.com/story/_/id/30301071/bangladesh-selector-habibul-bashar-tests-positive-covid-19,2020-11-12T08:39:06+00:00,Mahmudullah,Bangladesh,positive,2020-11-12,retrospective,The news comes soon after Test captain Mominul Haque and allrounder Mahmudullah had also tested positive earlier this week in a spate of infections among the regulars to the Sher-e-Bangla National Stadium in Dhaka.,'Earlier this week'; PUBLISHED date used. Story headline subject Habibul Bashar excluded (selector).,True,
30301071,https://www.espncricinfo.com/story/_/id/30301071/bangladesh-selector-habibul-bashar-tests-positive-covid-19,2020-11-12T08:39:06+00:00,Abu Jayed,Bangladesh,positive,2020-11-12,retrospective,"In recent weeks, Abu Jayed, Saif Hassan and Mashrafe Mortaza, as well as a few cricketers and coaching staff from the Under-19 camp have all tested positive.","Earlier infection mentioned in retrospect; no date given, PUBLISHED date used.",True,
30301071,https://www.espncricinfo.com/story/_/id/30301071/bangladesh-selector-habibul-bashar-tests-positive-covid-19,2020-11-12T08:39:06+00:00,Saif Hassan,Bangladesh,positive,2020-11-12,retrospective,"In recent weeks, Abu Jayed, Saif Hassan and Mashrafe Mortaza, as well as a few cricketers and coaching staff from the Under-19 camp have all tested positive.","Earlier infection mentioned in retrospect; no date given, PUBLISHED date used.",True,
30301071,https://www.espncricinfo.com/story/_/id/30301071/bangladesh-selector-habibul-bashar-tests-positive-covid-19,2020-11-12T08:39:06+00:00,Mashrafe Mortaza,Bangladesh,positive,2020-11-12,retrospective,"In recent weeks, Abu Jayed, Saif Hassan and Mashrafe Mortaza, as well as a few cricketers and coaching staff from the Under-19 camp have all tested positive.","Earlier infection mentioned in retrospect; no date given, PUBLISHED date used.",True,
1240153,https://www.espncricinfo.com/story/lpl-2020-shahid-afridi-to-end-his-quarantine-early-cleared-to-play-galle-gladiators-opening-game-1240153,2020-11-27T10:27:58+00:00,Shahid Afridi,Galle Gladiators,positive,2020-11-27,retrospective,"But having had Covid-19 in June, Afridi took an antibody test soon after arrival.",Past infection in June 2020 (year inferred from context); antibody test cleared him to end LPL quarantine early,True,
30398622,https://www.espncricinfo.com/story/_/id/30398622/lpl-2020-shahid-afridi-end-quarantine-early-cleared-play-galle-gladiators-opening-game/,2020-11-27T10:27:58+00:00,Shahid Afridi,Galle Gladiators,positive,2020-11-27,retrospective,"But having had Covid-19 in June, Afridi took an antibody test soon after arrival.",Past infection in June 2020 (year inferred from context); antibody test cleared him to end LPL quarantine early,True,
1240242,https://www.espncricinfo.com/story/bangabandhu-t20-cup-reserve-umpire-ali-arman-tests-positive-for-covid-19-1240242,2020-11-28T06:19:40+00:00,Mahmudullah,Bangladesh,positive,2020-11-28,retrospective,"Earlier this month, Bangladesh's T20I captain Mahmudullah, Test captain Mominul Haque and selector Habibul Bashar recovered from the condition.",Recovered 'earlier this month'; infection date not given,True,
1240242,https://www.espncricinfo.com/story/bangabandhu-t20-cup-reserve-umpire-ali-arman-tests-positive-for-covid-19-1240242,2020-11-28T06:19:40+00:00,Mominul Haque,Bangladesh,positive,2020-11-28,retrospective,"Earlier this month, Bangladesh's T20I captain Mahmudullah, Test captain Mominul Haque and selector Habibul Bashar recovered from the condition.",Recovered 'earlier this month'; infection date not given,True,
30404383,https://www.espncricinfo.com/story/_/id/30404383/bangabandhu-t20-cup-reserve-umpire-ali-arman-tests-positive-covid-19,2020-11-28T06:19:40+00:00,Mahmudullah,Bangladesh,positive,2020-11-28,retrospective,"Earlier this month, Bangladesh's T20I captain Mahmudullah, Test captain Mominul Haque and selector Habibul Bashar recovered from the condition.",Recovered 'earlier this month'; infection date not given,True,
30404383,https://www.espncricinfo.com/story/_/id/30404383/bangabandhu-t20-cup-reserve-umpire-ali-arman-tests-positive-covid-19,2020-11-28T06:19:40+00:00,Mominul Haque,Bangladesh,positive,2020-11-28,retrospective,"Earlier this month, Bangladesh's T20I captain Mahmudullah, Test captain Mominul Haque and selector Habibul Bashar recovered from the condition.",Recovered 'earlier this month'; infection date not given,True,
30442973,https://www.espncricinfo.com/story/_/id/30442973/pakistan-tour-new-zealand-how-did-eight-members-pakistan-squad-test-positive-covid-19,2020-12-02T15:14:25+00:00,Bismillah Khan,Balochistan,positive,2020-12-02,retrospective,Balochistan's wicketkeeper-batsman Bismillah Khan had tested positive for Covid-19 during the second round match against Southern Punjab in the Quaid-e-Azam trophy,During QeA Trophy round 2 (Oct/Nov 2020); exact date not given; quote truncated from longer sentence,True,
30442973,https://www.espncricinfo.com/story/_/id/30442973/pakistan-tour-new-zealand-how-did-eight-members-pakistan-squad-test-positive-covid-19,2020-12-02T15:14:25+00:00,Adnan Akmal,,positive,2020-12-02,retrospective,after which he was substituted on the field by Adnan Akmal - who himself would test positive a round later and is presently in quarantine in Lahore.,Tested positive a QeA round after Bismillah Khan; in quarantine in Lahore; team not stated; quote truncated,True,
30442973,https://www.espncricinfo.com/story/_/id/30442973/pakistan-tour-new-zealand-how-did-eight-members-pakistan-squad-test-positive-covid-19,2020-12-02T15:14:25+00:00,Sohail Tanvir,Multan Sultans,positive,2020-12-02,retrospective,"Sohail Tanvir, part of the franchise, played the PSL, but then tested positive on arrival in Sri Lanka for the Lanka Premier League.",Tested positive on arrival in Sri Lanka for LPL; date not given,True,
30442973,https://www.espncricinfo.com/story/_/id/30442973/pakistan-tour-new-zealand-how-did-eight-members-pakistan-squad-test-positive-covid-19,2020-12-02T15:14:25+00:00,Dilbar Hussain,Lahore Qalandars,positive,2020-12-02,retrospective,"Zaman, who was pulled out a day before the departure for New Zealand, tested negative but his Lahore Qalandars team-mate Dilbar Hussain tested positive after landing in Australia to play in the BBL.",Tested positive after landing in Australia for BBL; quarantine in Perth,True,
1240759,https://www.espncricinfo.com/story/pakistan-tour-of-new-zealand-how-did-so-many-pakistan-players-test-covid-positive-1240759,2020-12-03T15:14:25+00:00,Bismillah Khan,Balochistan,positive,2020-12-03,retrospective,Balochistan's wicketkeeper-batsman Bismillah Khan had tested positive for Covid-19 during the second round match against Southern Punjab in the Quaid-e-Azam trophy,During QeA Trophy round 2 (Oct/Nov 2020); exact date not given; quote truncated from longer sentence,True,
1240759,https://www.espncricinfo.com/story/pakistan-tour-of-new-zealand-how-did-so-many-pakistan-players-test-covid-positive-1240759,2020-12-03T15:14:25+00:00,Adnan Akmal,,positive,2020-12-03,retrospective,after which he was substituted on the field by Adnan Akmal - who himself would test positive a round later and is presently in quarantine in Lahore.,Tested positive a QeA round after Bismillah Khan; in quarantine in Lahore; team not stated; quote truncated,True,
1240759,https://www.espncricinfo.com/story/pakistan-tour-of-new-zealand-how-did-so-many-pakistan-players-test-covid-positive-1240759,2020-12-03T15:14:25+00:00,Sohail Tanvir,Multan Sultans,positive,2020-12-03,retrospective,"Sohail Tanvir, part of the franchise, played the PSL, but then tested positive on arrival in Sri Lanka for the Lanka Premier League.",Tested positive on arrival in Sri Lanka for LPL; date not given,True,
1240759,https://www.espncricinfo.com/story/pakistan-tour-of-new-zealand-how-did-so-many-pakistan-players-test-covid-positive-1240759,2020-12-03T15:14:25+00:00,Dilbar Hussain,Lahore Qalandars,positive,2020-12-03,retrospective,"Zaman, who was pulled out a day before the departure for New Zealand, tested negative but his Lahore Qalandars team-mate Dilbar Hussain tested positive after landing in Australia to play in the BBL.",Tested positive after landing in Australia for BBL; quarantine in Perth,True,
1240952,https://www.espncricinfo.com/story/south-africa-vs-england-1st-odi-cape-town-match-called-off-amid-covid-scare-1240952,2020-12-04T09:46:46+00:00,David Miller,South Africa,positive,2020-12-04,retrospective,"A contingent of South Africa players and support staff later arrived for a short net, including David Miller and Andile Phehlukwayo, who are understood to have been the two players who had previously tested positive for Covid-19.","Positive before T20I series vs England (late Nov 2020); identity 'understood', not confirmed by CSA",True,
1240952,https://www.espncricinfo.com/story/south-africa-vs-england-1st-odi-cape-town-match-called-off-amid-covid-scare-1240952,2020-12-04T09:46:46+00:00,Andile Phehlukwayo,South Africa,positive,2020-12-04,retrospective,"A contingent of South Africa players and support staff later arrived for a short net, including David Miller and Andile Phehlukwayo, who are understood to have been the two players who had previously tested positive for Covid-19.","Positive before T20I series vs England (late Nov 2020); identity 'understood', not confirmed by CSA",True,
30447585,"https://www.espncricinfo.com/story/_/id/30447585/south-africa-vs-england,-1st-odi,-cape-town-match-called-amid-covid-scare",2020-12-04T17:14:42+00:00,David Miller,South Africa,positive,2020-12-04,retrospective,"A contingent of South Africa players and support staff later arrived for a short net, including David Miller and Andile Phehlukwayo, who are understood to have been the two players who had previously tested positive for Covid-19.","Positive before T20I series vs England (late Nov 2020); identity 'understood', not confirmed by CSA",True,
30447585,"https://www.espncricinfo.com/story/_/id/30447585/south-africa-vs-england,-1st-odi,-cape-town-match-called-amid-covid-scare",2020-12-04T17:14:42+00:00,Andile Phehlukwayo,South Africa,positive,2020-12-04,retrospective,"A contingent of South Africa players and support staff later arrived for a short net, including David Miller and Andile Phehlukwayo, who are understood to have been the two players who had previously tested positive for Covid-19.","Positive before T20I series vs England (late Nov 2020); identity 'understood', not confirmed by CSA",True,
1241083,https://www.espncricinfo.com/story/south-africa-squad-clears-covid-19-tests-england-odi-series-to-take-place-1241083,2020-12-05T08:27:28+00:00,Andile Phehlukwayo,South Africa,positive,2020-12-05,retrospective,"Two players, understood to be Andile Phehlukwayo and David Miller, tested positive in the build-up to the T20I series, and the team's intra-squad warm-up match had to be cancelled.",Positive in build-up to T20I series vs England (late Nov 2020); identity 'understood',True,
1241083,https://www.espncricinfo.com/story/south-africa-squad-clears-covid-19-tests-england-odi-series-to-take-place-1241083,2020-12-05T08:27:28+00:00,David Miller,South Africa,positive,2020-12-05,retrospective,"Two players, understood to be Andile Phehlukwayo and David Miller, tested positive in the build-up to the T20I series, and the team's intra-squad warm-up match had to be cancelled.",Positive in build-up to T20I series vs England (late Nov 2020); identity 'understood',True,
30452796,https://www.espncricinfo.com/story/_/id/30452796/south-africa-squad-clears-covid-19-tests-england-odi-series-take-place%5Cu003eThe,2020-12-05T08:27:28+00:00,Andile Phehlukwayo,South Africa,positive,2020-12-05,retrospective,"Two players, understood to be Andile Phehlukwayo and David Miller, tested positive in the build-up to the T20I series, and the team's intra-squad warm-up match had to be cancelled.",Positive in build-up to T20I series vs England (late Nov 2020); identity 'understood',True,
30452796,https://www.espncricinfo.com/story/_/id/30452796/south-africa-squad-clears-covid-19-tests-england-odi-series-take-place%5Cu003eThe,2020-12-05T08:27:28+00:00,David Miller,South Africa,positive,2020-12-05,retrospective,"Two players, understood to be Andile Phehlukwayo and David Miller, tested positive in the build-up to the T20I series, and the team's intra-squad warm-up match had to be cancelled.",Positive in build-up to T20I series vs England (late Nov 2020); identity 'understood',True,
30497857,https://www.espncricinfo.com/story/_/id/30497857/nepal-paras-khadka-tests-positive-covid-19,2020-12-11T00:00:00+00:00,Sandeep Lamichhane,Nepal,positive,2020-12-11,retrospective,"The 33-year old was part of the Nepal training camp, at Tribhuvan University Stadium in Kathmandu, which included the BBL-bound Sandeep Lamichhane , Gyanendra Malla and Dipendra Singh Airee who had contracted the coronavirus too.",Earlier infection mentioned in retrospect; date not given in this story,True,
30497857,https://www.espncricinfo.com/story/_/id/30497857/nepal-paras-khadka-tests-positive-covid-19,2020-12-11T00:00:00+00:00,Gyanendra Malla,Nepal,positive,2020-12-11,retrospective,"The 33-year old was part of the Nepal training camp, at Tribhuvan University Stadium in Kathmandu, which included the BBL-bound Sandeep Lamichhane , Gyanendra Malla and Dipendra Singh Airee who had contracted the coronavirus too.",Earlier infection mentioned in retrospect; date not given in this story,True,
30497857,https://www.espncricinfo.com/story/_/id/30497857/nepal-paras-khadka-tests-positive-covid-19,2020-12-11T00:00:00+00:00,Dipendra Singh Airee,Nepal,positive,2020-12-11,retrospective,"The 33-year old was part of the Nepal training camp, at Tribhuvan University Stadium in Kathmandu, which included the BBL-bound Sandeep Lamichhane , Gyanendra Malla and Dipendra Singh Airee who had contracted the coronavirus too.",Earlier infection mentioned in retrospect; date not given in this story,True,
1243544,https://www.espncricinfo.com/story/nepal-s-paras-khadka-tests-positive-for-covid-19-1243544,2020-12-11T18:06:08+00:00,Sandeep Lamichhane,Nepal,positive,2020-12-11,retrospective,"The 33-year old was part of the Nepal training camp, at Tribhuvan University Stadium in Kathmandu, which included the BBL-bound Sandeep Lamichhane , Gyanendra Malla and Dipendra Singh Airee who had contracted the coronavirus too.",Earlier infection mentioned in retrospect; date not given in this story,True,
1243544,https://www.espncricinfo.com/story/nepal-s-paras-khadka-tests-positive-for-covid-19-1243544,2020-12-11T18:06:08+00:00,Gyanendra Malla,Nepal,positive,2020-12-11,retrospective,"The 33-year old was part of the Nepal training camp, at Tribhuvan University Stadium in Kathmandu, which included the BBL-bound Sandeep Lamichhane , Gyanendra Malla and Dipendra Singh Airee who had contracted the coronavirus too.",Earlier infection mentioned in retrospect; date not given in this story,True,
1243544,https://www.espncricinfo.com/story/nepal-s-paras-khadka-tests-positive-for-covid-19-1243544,2020-12-11T18:06:08+00:00,Dipendra Singh Airee,Nepal,positive,2020-12-11,retrospective,"The 33-year old was part of the Nepal training camp, at Tribhuvan University Stadium in Kathmandu, which included the BBL-bound Sandeep Lamichhane , Gyanendra Malla and Dipendra Singh Airee who had contracted the coronavirus too.",Earlier infection mentioned in retrospect; date not given in this story,True,
30501091,https://www.espncricinfo.com/story/_/id/30501091/bbl-2020-21-mujeeb-ur-rahman-links-brisbane-heat-covid-recovery,2020-12-12T00:00:00+00:00,Mujeeb Ur Rahman,Brisbane Heat,positive,2020-12-12,retrospective,Mujeeb is set to be available for Monday night's clash with the Sydney Thunder but it remains to be seen whether he will be selected after he was hospitalised following a positive test for Covid-19 while in quarantine in Australia.,"Recovered and released from hospital; earlier positive in quarantine, date not given",True,
1243597,https://www.espncricinfo.com/story/bbl-2020-21-mujeeb-ur-rahman-links-up-with-brisbane-heat-after-covid-recovery-1243597,2020-12-12T06:20:31+00:00,Mujeeb Ur Rahman,Brisbane Heat,positive,2020-12-12,retrospective,Mujeeb is set to be available for Monday night's clash with the Sydney Thunder but it remains to be seen whether he will be selected after he was hospitalised following a positive test for Covid-19 while in quarantine in Australia.,"Recovered and released from hospital; earlier positive in quarantine, date not given",True,
1246402,https://www.espncricinfo.com/story/england-in-sri-lanka-2021-england-touring-party-in-sri-lanka-faces-anxious-wait-on-covid-19-test-results-1246402,2021-01-05,Moeen Ali,England,positive,2021-01-03,retrospective,"Instead, the squad was consigned to their rooms as they await the results of a further round of medical tests following the positive Covid-19 result revealed by Moeen Ali on Monday.",Result revealed Monday Jan 4; test on arrival Jan 3 per other stories,True,
30655348,https://www.espncricinfo.com/story/_/id/30655348/england-sri-lanka-2021-england-touring-party-sri-lanka-faces-anxious-wait-covid-19-test-results,2021-01-05,Moeen Ali,England,positive,2021-01-03,retrospective,"Instead, the squad was consigned to their rooms as they await the results of a further round of medical tests following the positive Covid-19 result revealed by Moeen Ali on Monday.",Result revealed Monday Jan 4; test on arrival Jan 3 per other stories,True,
1246600,https://www.espncricinfo.com/story/england-in-sri-lanka-2020-21-no-new-positive-tests-for-england-gives-boost-to-sri-lanka-series-prospects-1246600,2021-01-06,Moeen Ali,England,positive,2021-01-03,retrospective,"The squad will hold their first training session of the tour in Hambantota on Wednesday afternoon, where Moeen Ali has now returned to stay in separate accommodation, after an aborted plan to relocate him to Galle following his positive Covid test.",Positive on arrival in Sri Lanka (Jan 3); now has mild symptoms,True,
30660509,https://www.espncricinfo.com/story/_/id/30660509/england-sri-lanka-2020-21-no-new-positive-tests-england-gives-boost-sri-lanka-series-prospects,2021-01-06,Moeen Ali,England,positive,2021-01-03,retrospective,"The squad will hold their first training session of the tour in Hambantota on Wednesday afternoon, where Moeen Ali has now returned to stay in separate accommodation, after an aborted plan to relocate him to Galle following his positive Covid test.",Positive on arrival in Sri Lanka (Jan 3); now has mild symptoms,True,
1246884,https://www.espncricinfo.com/story/jack-leach-admits-covid-19-concerns-meant-he-feared-he-had-played-his-last-test-1246884,2021-01-07,Moeen Ali,England,positive,2021-01-03,retrospective,"""When Moeen Ali had a positive test, with that comes uncertainty.",Mentioned in Jack Leach quote; date from arrival test Jan 3 (not stated in this story),True,
30668876,https://www.espncricinfo.com/story/_/id/30668876/jack-leach-admits-covid-19-concerns-meant-feared-had-played-last-test,2021-01-07,Moeen Ali,England,positive,2021-01-03,retrospective,"""When Moeen Ali had a positive test, with that comes uncertainty.",Mentioned in Jack Leach quote; date from arrival test Jan 3 (not stated in this story),True,
1246968,https://www.espncricinfo.com/story/england-in-sri-lanka-2020-21-joe-root-finds-form-as-england-clear-next-round-of-covid-tests-1246968,2021-01-08,Moeen Ali,England,positive,2021-01-03,retrospective,"Moeen Ali, the one man to test positive in the tour party to date, remains in isolation and is said to be improving having experienced mild symptoms.",Date not stated in story; positive on arrival Jan 3,True,
1247605,https://www.espncricinfo.com/story/england-in-sri-lanka-2021-moeen-ali-faces-extended-quarantine-set-to-miss-second-sri-lanka-test-1247605,2021-01-12,Moeen Ali,England,positive,2021-01-03,retrospective,"Moeen, who tested positive for Covid-19 shortly after arrival in the country, has been in isolation since January 3.",Isolation since January 3; quarantine extended,True,
30697686,"https://www.espncricinfo.com/story/_/id/30697686/england-sri-lanka-2021-moeen-ali-faces-extended-quarantine,-set-miss-second-sri-lanka-test",2021-01-12,Moeen Ali,England,positive,2021-01-03,retrospective,"Moeen, who tested positive for Covid-19 shortly after arrival in the country, has been in isolation since January 3.",Isolation since January 3; quarantine extended,True,
1247609,https://www.espncricinfo.com/story/sri-lanka-vs-england-2020-21-chris-woakes-resigned-to-first-test-absence-after-release-from-covid-quarantine-1247609,2021-01-12,Moeen Ali,England,positive,2021-01-03,retrospective,"Instead, having spent seven days in quarantine as a precautionary measure following Moeen Ali' s positive test for Covid-19, Woakes has effectively ruled himself out of contention for Thursday's first Test at Galle.",Moeen mentioned as source case; date from arrival test Jan 3 (not stated here),True,
30698777,https://www.espncricinfo.com/story/_/id/30698777/sri-lanka-vs-england-2020-21-chris-woakes-resigned-first-test-absence-release-covid-quarantine,2021-01-12,Moeen Ali,England,positive,2021-01-03,retrospective,"Instead, having spent seven days in quarantine as a precautionary measure following Moeen Ali' s positive test for Covid-19, Woakes has effectively ruled himself out of contention for Thursday's first Test at Galle.",Moeen mentioned as source case; date from arrival test Jan 3 (not stated here),True,
1247955,https://www.espncricinfo.com/story/sri-lanka-vs-england-england-unconcerned-by-hotel-staff-s-positive-covid-tests-1247955,2021-01-15,Moeen Ali,England,positive,2021-01-03,retrospective,"""Moeen Ali, who tested positive when we arrived in Sri Lanka, has been isolating for 12 days in separate accommodation,"" the spokesperson said.",Positive on arrival; has since tested negative at least once while still isolating,True,
30716383,https://www.espncricinfo.com/story/_/id/30716383/sri-lanka-vs-england-england-unconcerned-hotel-staff-positive-covid-tests,2021-01-15,Moeen Ali,England,positive,2021-01-03,retrospective,"""Moeen Ali, who tested positive when we arrived in Sri Lanka, has been isolating for 12 days in separate accommodation,"" the spokesperson said.",Positive on arrival; has since tested negative at least once while still isolating,True,
1249662,https://www.espncricinfo.com/story/england-in-india-2020-21-moeen-ali-urges-people-to-take-covid-19-vaccine-1249662,2021-01-30,Moeen Ali,England,positive,2021-01-03,retrospective,"Moeen, who is Muslim of Pakistani descent, tested positive for Covid-19 upon arriving with the England squad in Sri Lanka and spent 13 days in isolation with fairly mild symptoms as his team swept the series 2-0.",Arrival date Jan 3 not stated in this story,True,
1249662,https://www.espncricinfo.com/story/england-in-india-2020-21-moeen-ali-urges-people-to-take-covid-19-vaccine-1249662,2021-01-30,Chris Woakes,England,close_contact,2021-01-30,published,"Chris Woakes , who travelled from Birmingham to Heathrow in the same minibus, was in isolation for a week and continued to return negative tests, leading Moeen to believe he may have contracted the illness either ""at the airport or on the plane"".",Retrospective mention; isolation was early January 2021,True,
30806267,https://www.espncricinfo.com/story/_/id/30806267/england-india-2020-21-moeen-ali-urges-people-take-covid-19-vaccine,2021-01-30,Moeen Ali,England,positive,2021-01-03,retrospective,"Moeen, who is Muslim of Pakistani descent, tested positive for Covid-19 upon arriving with the England squad in Sri Lanka and spent 13 days in isolation with fairly mild symptoms as his team swept the series 2-0.",Arrival date Jan 3 not stated in this story,True,
30806267,https://www.espncricinfo.com/story/_/id/30806267/england-india-2020-21-moeen-ali-urges-people-take-covid-19-vaccine,2021-01-30,Chris Woakes,England,close_contact,2021-01-30,published,"Chris Woakes , who travelled from Birmingham to Heathrow in the same minibus, was in isolation for a week and continued to return negative tests, leading Moeen to believe he may have contracted the illness either ""at the airport or on the plane"".",Retrospective mention; isolation was early January 2021,True,
1246279,https://www.espncricinfo.com/story/alarm-bells-for-pcb-as-sana-mir-tests-positive-for-covid-19-1246279,2021-01-04,Bismillah Khan,Balochistan,positive,2021-01-04,retrospective,"Balochistan's wicketkeeper-batsman Bismillah Khan was found to be Covid-19 positive during the second round match against Southern Punjab, but he had not been tested until the fourth day, after which he was substituted on the field by Adnan Akmal, who himself would test positive a round later",Earlier in QeA Trophy season (second round); exact date not stated,True,
1246279,https://www.espncricinfo.com/story/alarm-bells-for-pcb-as-sana-mir-tests-positive-for-covid-19-1246279,2021-01-04,Adnan Akmal,Balochistan,positive,2021-01-04,retrospective,"Balochistan's wicketkeeper-batsman Bismillah Khan was found to be Covid-19 positive during the second round match against Southern Punjab, but he had not been tested until the fourth day, after which he was substituted on the field by Adnan Akmal, who himself would test positive a round later",Positive a round after Bismillah Khan (QeA Trophy third round); exact date not stated; team inferred from substitution,True,
1246279,https://www.espncricinfo.com/story/alarm-bells-for-pcb-as-sana-mir-tests-positive-for-covid-19-1246279,2021-01-04,Sarfraz Ahmed,Sindh,false_positive,2021-01-04,retrospective,"Between the second and third round of games in the QeA Trophy, nine Sindh players, including captain Sarfraz Ahmed, experienced flu-like symptoms. However, since their Covid-19 test results came back negative","Not a false positive: symptomatic, tested negative (quote truncated)",True,
1246279,https://www.espncricinfo.com/story/alarm-bells-for-pcb-as-sana-mir-tests-positive-for-covid-19-1246279,2021-01-04,Mir Hamza,Sindh,false_positive,2021-01-04,retrospective,"However, since their Covid-19 test results came back negative, they all remained in the bubble and only fast bowler Mir Hamza returned home after being declared unwell.","Not a false positive: symptomatic, among nine Sindh players who tested negative; went home unwell",True,
30649929,https://www.espncricinfo.com/story/_/id/30649929/alarm-bells-pcb-sana-mir-tests-positive-covid-19,2021-01-04,Bismillah Khan,Balochistan,positive,2021-01-04,retrospective,"Balochistan's wicketkeeper-batsman Bismillah Khan was found to be Covid-19 positive during the second round match against Southern Punjab, but he had not been tested until the fourth day, after which he was substituted on the field by Adnan Akmal, who himself would test positive a round later",Earlier in QeA Trophy season (second round); exact date not stated,True,
30649929,https://www.espncricinfo.com/story/_/id/30649929/alarm-bells-pcb-sana-mir-tests-positive-covid-19,2021-01-04,Adnan Akmal,Balochistan,positive,2021-01-04,retrospective,"Balochistan's wicketkeeper-batsman Bismillah Khan was found to be Covid-19 positive during the second round match against Southern Punjab, but he had not been tested until the fourth day, after which he was substituted on the field by Adnan Akmal, who himself would test positive a round later",Positive a round after Bismillah Khan (QeA Trophy third round); exact date not stated; team inferred from substitution,True,
30649929,https://www.espncricinfo.com/story/_/id/30649929/alarm-bells-pcb-sana-mir-tests-positive-covid-19,2021-01-04,Sarfraz Ahmed,Sindh,false_positive,2021-01-04,retrospective,"Between the second and third round of games in the QeA Trophy, nine Sindh players, including captain Sarfraz Ahmed, experienced flu-like symptoms. However, since their Covid-19 test results came back negative","Not a false positive: symptomatic, tested negative (quote truncated)",True,
30649929,https://www.espncricinfo.com/story/_/id/30649929/alarm-bells-pcb-sana-mir-tests-positive-covid-19,2021-01-04,Mir Hamza,Sindh,false_positive,2021-01-04,retrospective,"However, since their Covid-19 test results came back negative, they all remained in the bubble and only fast bowler Mir Hamza returned home after being declared unwell.","Not a false positive: symptomatic, among nine Sindh players who tested negative; went home unwell",True,
1246276,https://www.espncricinfo.com/story/sri-lanka-vs-england-moeen-ali-tests-positive-for-covid-19-as-england-arrive-in-sri-lanka-1246276,2021-01-04,Kabir Ali,England (former player),positive,2021-01-04,retrospective,"Ali's cousin, the former England swing bowler Kabir Ali, was also diagnosed with Covid a few weeks ago and was obliged to pull out of a stint coaching in the LPL as a result.","Former player, was due to coach in LPL (retired player/coach - check exclusion); diagnosed 'a few weeks' before Jan 4 2021",True,
30649464,https://www.espncricinfo.com/story/_/id/30649464/sri-lanka-vs-england-moeen-ali-tests-positive-covid-19-england-arrive-sri-lanka,2021-01-04,Kabir Ali,England (former player),positive,2021-01-04,retrospective,"Moeen's cousin, the former England swing bowler Kabir Ali, was also diagnosed with Covid a few weeks ago and was obliged to pull out of a stint coaching in the LPL as a result.","Former player, was due to coach in LPL (retired player/coach - check exclusion); diagnosed 'a few weeks' before Jan 4 2021",True,
1247552,https://www.espncricinfo.com/story/ireland-in-the-uae-2020-21-uae-ireland-odi-called-off-after-covid-19-outbreak-worsens-1247552,2021-01-11,Chirag Suri,UAE,positive,2021-01-11,published,"UAE won the opening match of the series - their first ODI victory over Ireland - on Friday, despite losing Chirag Suri and Aryan Lakra to positive Covid-19 tests in the build-up .",Retrospective; earlier story gives Jan 7,True,
1247552,https://www.espncricinfo.com/story/ireland-in-the-uae-2020-21-uae-ireland-odi-called-off-after-covid-19-outbreak-worsens-1247552,2021-01-11,Aryan Lakra,UAE,positive,2021-01-11,published,"UAE won the opening match of the series - their first ODI victory over Ireland - on Friday, despite losing Chirag Suri and Aryan Lakra to positive Covid-19 tests in the build-up .",Retrospective; earlier story gives Jan 8,True,
1247552,https://www.espncricinfo.com/story/ireland-in-the-uae-2020-21-uae-ireland-odi-called-off-after-covid-19-outbreak-worsens-1247552,2021-01-11,Alishan Sharafu,UAE,positive,2021-01-11,published,"Alishan Sharafu, who played in the first ODI, then became the third player to test positive, with the remaining games rescheduled for Tuesday, Thursday and Saturday - although that schedule is now in doubt.",Retrospective; earlier story gives Jan 8/9. A fourth unnamed player also positive,True,
30693360,https://www.espncricinfo.com/story/_/id/30693360/ireland-uae-2020-21-uae-ireland-odi-called-covid-19-outbreak-worsens,2021-01-11,Chirag Suri,UAE,positive,2021-01-11,published,"UAE won the opening match of the series - their first ODI victory over Ireland - on Friday, despite losing Chirag Suri and Aryan Lakra to positive Covid-19 tests in the build-up .",Retrospective; earlier story gives Jan 7,True,
30693360,https://www.espncricinfo.com/story/_/id/30693360/ireland-uae-2020-21-uae-ireland-odi-called-covid-19-outbreak-worsens,2021-01-11,Aryan Lakra,UAE,positive,2021-01-11,published,"UAE won the opening match of the series - their first ODI victory over Ireland - on Friday, despite losing Chirag Suri and Aryan Lakra to positive Covid-19 tests in the build-up .",Retrospective; earlier story gives Jan 8,True,
30693360,https://www.espncricinfo.com/story/_/id/30693360/ireland-uae-2020-21-uae-ireland-odi-called-covid-19-outbreak-worsens,2021-01-11,Alishan Sharafu,UAE,positive,2021-01-11,published,"Alishan Sharafu, who played in the first ODI, then became the third player to test positive, with the remaining games rescheduled for Tuesday, Thursday and Saturday - although that schedule is now in doubt.",Retrospective; earlier story gives Jan 8/9. A fourth unnamed player also positive,True,
1249954,https://www.espncricinfo.com/story/sl-tour-of-wi-mickey-arthur-and-lahiru-thirimanne-test-positive-for-covid-19-1249954,2021-02-03,Binura Fernando,Sri Lanka,positive,2021-01-20,retrospective,Last month seamer Binura Fernando and seam-bowling allrounder Chamika Karunaratne had also tested positive for Covid-19 and were subsequently removed from the training group ahead of the West Indies tour.,"'Last month'; Jan 20 test date from earlier story, not this text",True,
1249954,https://www.espncricinfo.com/story/sl-tour-of-wi-mickey-arthur-and-lahiru-thirimanne-test-positive-for-covid-19-1249954,2021-02-03,Chamika Karunaratne,Sri Lanka,positive,2021-01-20,retrospective,Last month seamer Binura Fernando and seam-bowling allrounder Chamika Karunaratne had also tested positive for Covid-19 and were subsequently removed from the training group ahead of the West Indies tour.,"'Last month'; Jan 20 test date from earlier story, not this text",True,
30826043,https://www.espncricinfo.com/story/_/id/30826043/sl-tour-wi-mickey-arthur-lahiru-thirimanne-test-positive-covid-19,2021-02-03,Binura Fernando,Sri Lanka,positive,2021-01-20,retrospective,Last month seamer Binura Fernando and seam-bowling allrounder Chamika Karunaratne had also tested positive for Covid-19 and were subsequently removed from the training group ahead of the West Indies tour.,"'Last month'; Jan 20 test date from earlier story, not this text",True,
30826043,https://www.espncricinfo.com/story/_/id/30826043/sl-tour-wi-mickey-arthur-lahiru-thirimanne-test-positive-covid-19,2021-02-03,Chamika Karunaratne,Sri Lanka,positive,2021-01-20,retrospective,Last month seamer Binura Fernando and seam-bowling allrounder Chamika Karunaratne had also tested positive for Covid-19 and were subsequently removed from the training group ahead of the West Indies tour.,"'Last month'; Jan 20 test date from earlier story, not this text",True,
1252612,https://www.espncricinfo.com/story/sri-lanka-s-lahiru-kumara-tests-positive-for-covid-19-to-miss-west-indies-tour-1252612,2021-02-22,Lahiru Thirimanne,Sri Lanka,positive,2021-02-02,retrospective,"Earlier this month, both head coach Mickey Arthur and top-order batsman Lahiru Thirimanne had tested positive for Covid-19, while seamers Binura Fernando and Chamika Karunaratne were removed from the training group following positive tests last month.",'Earlier this month'; Feb 2 from earlier story,True,
1252612,https://www.espncricinfo.com/story/sri-lanka-s-lahiru-kumara-tests-positive-for-covid-19-to-miss-west-indies-tour-1252612,2021-02-22,Binura Fernando,Sri Lanka,positive,2021-01-20,retrospective,"Earlier this month, both head coach Mickey Arthur and top-order batsman Lahiru Thirimanne had tested positive for Covid-19, while seamers Binura Fernando and Chamika Karunaratne were removed from the training group following positive tests last month.",'Last month'; Jan 20 from earlier story,True,
1252612,https://www.espncricinfo.com/story/sri-lanka-s-lahiru-kumara-tests-positive-for-covid-19-to-miss-west-indies-tour-1252612,2021-02-22,Chamika Karunaratne,Sri Lanka,positive,2021-01-20,retrospective,"Earlier this month, both head coach Mickey Arthur and top-order batsman Lahiru Thirimanne had tested positive for Covid-19, while seamers Binura Fernando and Chamika Karunaratne were removed from the training group following positive tests last month.",'Last month'; Jan 20 from earlier story,True,
30944462,https://www.espncricinfo.com/story/_/id/30944462/sri-lanka-lahiru-kumara-tests-positive-covid-19-miss-west-indies-tour,2021-02-22,Lahiru Thirimanne,Sri Lanka,positive,2021-02-02,retrospective,"Earlier this month, both head coach Mickey Arthur and top-order batsman Lahiru Thirimanne had tested positive for Covid-19, while seamers Binura Fernando and Chamika Karunaratne were removed from the training group following positive tests last month.",'Earlier this month'; Feb 2 from earlier story,True,
30944462,https://www.espncricinfo.com/story/_/id/30944462/sri-lanka-lahiru-kumara-tests-positive-covid-19-miss-west-indies-tour,2021-02-22,Binura Fernando,Sri Lanka,positive,2021-01-20,retrospective,"Earlier this month, both head coach Mickey Arthur and top-order batsman Lahiru Thirimanne had tested positive for Covid-19, while seamers Binura Fernando and Chamika Karunaratne were removed from the training group following positive tests last month.",'Last month'; Jan 20 from earlier story,True,
30944462,https://www.espncricinfo.com/story/_/id/30944462/sri-lanka-lahiru-kumara-tests-positive-covid-19-miss-west-indies-tour,2021-02-22,Chamika Karunaratne,Sri Lanka,positive,2021-01-20,retrospective,"Earlier this month, both head coach Mickey Arthur and top-order batsman Lahiru Thirimanne had tested positive for Covid-19, while seamers Binura Fernando and Chamika Karunaratne were removed from the training group following positive tests last month.",'Last month'; Jan 20 from earlier story,True,
1250854,https://www.espncricinfo.com/story/pak-vs-sa-t20is-heinrich-klaasen-on-covid-19-could-not-run-20-30-metres-without-heart-rate-going-up-too-high-1250854,2021-02-09,Heinrich Klaasen,South Africa,positive,2020-12-03,retrospective,"Klaasen, who is leading the team in the absence of Quinton de Kock, tested positive for the virus on December 3, during South Africa's white-ball series against England.",Explicit past test date Dec 3 2020,True,
30866337,https://www.espncricinfo.com/story/_/id/30866337/pak-vs-sa-t20is-heinrich-klaasen-covid-19-not-run-20-30-metres-heart-rate-going-too-high,2021-02-09,Heinrich Klaasen,South Africa,positive,2020-12-03,retrospective,"Klaasen, who is leading the team in the absence of Quinton de Kock, tested positive for the virus on December 3, during South Africa's white-ball series against England.",Explicit past test date Dec 3 2020,True,
1251365,https://www.espncricinfo.com/story/when-kyle-jarvis-had-covid-19-malaria-and-tick-bite-fever-1251365,2021-02-11,Kyle Jarvis,Zimbabwe,positive,2021-01-30,retrospective,"Jarvis was diagnosed at the end of January and received top-quality medical care which he recognised is not accessible to everyone in his country, or on his continent and is willing to bide his time back to full fitness.",Diagnosed at hospital Saturday Jan 30 (symptoms from Jan 26); also malaria and tick bite fever,True,
30879575,"https://www.espncricinfo.com/story/_/id/30879575/when-kyle-jarvis-had-covid-19,-malaria-tick-bite-fever",2021-02-11,Kyle Jarvis,Zimbabwe,positive,2021-01-30,retrospective,"Jarvis was diagnosed at the end of January and received top-quality medical care which he recognised is not accessible to everyone in his country, or on his continent and is willing to bide his time back to full fitness.",Diagnosed at hospital Saturday Jan 30 (symptoms from Jan 26); also malaria and tick bite fever,True,
1254152,https://www.espncricinfo.com/story/psl-2021-non-playing-psl-franchise-member-left-bubble-despite-testing-covid-19-positive-1254152,2021-03-07T04:30:00+00:00,Fawad Ahmed,Islamabad United,positive,2021-03-07,published,"By this sequence, however, this now becomes the first known positive case in the league - and not Fawad Ahmed of Islamabad United, who tested positive over a week later .",Mentioned in retrospect; date not given (over a week after Feb 20),True,
31022370,https://www.espncricinfo.com/story/_/id/31022370/psl-2021-non-playing-psl-franchise-member-left-bubble-testing-covid-19-positive,2021-03-07T04:30:00+00:00,Fawad Ahmed,Islamabad United,positive,2021-03-07,published,"By this sequence, however, this now becomes the first known positive case in the league - and not Fawad Ahmed of Islamabad United, who tested positive over a week later .",Mentioned in retrospect; date not given (over a week after Feb 20),True,
1257236,https://www.espncricinfo.com/story/india-women-s-t20i-captain-harmanpreet-kaur-tests-positive-for-covid-19-1257236,2021-03-30T06:19:01+00:00,Mansi Joshi,India Women / Velocity,positive,2021-03-30,retrospective,Kaur is the second high-profile India Women cricketer to have tested positive for Covid-19 after pace bowler Mansi Joshi tested positive last October.,"Past infection, October 2020",True,
31163258,https://www.espncricinfo.com/story/_/id/31163258/india-women-t20i-captain-harmanpreet-kaur-tests-positive-covid-19,2021-03-30T06:19:01+00:00,Mansi Joshi,India Women / Velocity,positive,2021-03-30,retrospective,Kaur is the second high-profile India Women cricketer to have tested positive for Covid-19 after pace bowler Mansi Joshi tested positive last October.,"Past infection, October 2020",True,
1257680,https://www.espncricinfo.com/story/ipl-2021-delhi-capitals-axar-patel-tests-positive-for-covid-19-1257680,2021-04-03T09:35:43+00:00,Nitish Rana,Kolkata Knight Riders,positive,2021-04-03,published,"He is the second cricketer, after the Kolkata Knight Riders' Nitish Rana , to test positive since the teams started checking into their hotels in Mumbai and Chennai.",Earlier positive mentioned in retrospect; now recovered after 12-day quarantine,True,
31187115,https://www.espncricinfo.com/story/_/id/31187115/ipl-2021-delhi-capitals-axar-patel-tests-positive-covid-19,2021-04-03T09:35:43+00:00,Nitish Rana,Kolkata Knight Riders,positive,2021-04-03,published,"He is the second cricketer, after the Kolkata Knight Riders' Nitish Rana , to test positive since the teams started checking into their hotels in Mumbai and Chennai.",Earlier positive mentioned in retrospect; now recovered after 12-day quarantine,True,
1258673,https://www.espncricinfo.com/story/srh-vs-kkr-ipl-2021-nitish-rana-jumps-into-match-winning-mode-after-covid-19-bout-1258673,2021-04-11T19:19:49+00:00,Nitish Rana,Kolkata Knight Riders,positive,2021-04-11,retrospective,"Last month, Nitish Rana became the first player in this IPL to test positive for Covid-19 with a reported vacation in Goa after having successfully participated in Syed Mushtaq Ali Trophy and Vijay Hazare Trophy becoming the talking point.",Past infection 'last month' (March 2021),True,
31238176,"https://www.espncricinfo.com/story/_/id/31238176/srh-vs-kkr,-ipl-2021-nitish-rana-jumps-match-winning-mode-covid-19-bout",2021-04-11T19:19:49+00:00,Nitish Rana,Kolkata Knight Riders,positive,2021-04-11,retrospective,"Last month, Nitish Rana became the first player in this IPL to test positive for Covid-19 with a reported vacation in Goa after having successfully participated in Syed Mushtaq Ali Trophy and Vijay Hazare Trophy becoming the talking point.",Past infection 'last month' (March 2021),True,
1261974,https://www.espncricinfo.com/story/county-championship-2021-covid-19-substitution-jack-brooks-in-for-somerset-after-lewis-gregory-ruled-out-1261974,2021-05-01T11:18:25+00:00,Lewis Gregory,Somerset / Islamabad United,positive,2021-05-01,retrospective,"Gregory, who himself contracted Covid while playing for Islamabad United in the Pakistan Super League in March, was replaced in the Somerset side ahead of the third day after his girlfriend reported symptoms of the virus.",Past infection in March 2021 (PSL). In this story he is also isolating because a member of his private bubble (girlfriend) was symptomatic with a negative lateral flow test; one row per player so recorded as positive.,True,
31369818,https://www.espncricinfo.com/story/_/id/31369818/county-championship-2021-covid-19-substitution-jack-brooks-somerset-lewis-gregory-ruled-out,2021-05-01T11:18:25+00:00,Lewis Gregory,Somerset / Islamabad United,positive,2021-05-01,retrospective,"Gregory, who himself contracted Covid while playing for Islamabad United in the Pakistan Super League in March, was replaced in the Somerset side ahead of the third day after his girlfriend reported symptoms of the virus.",Past infection in March 2021 (PSL). In this story he is also isolating because a member of his private bubble (girlfriend) was symptomatic with a negative lateral flow test; one row per player so recorded as positive.,True,
1262223,https://www.espncricinfo.com/story/ipl-2021-covid-19-at-csk-three-members-of-csk-contingent-test-positive-none-of-them-players-1262223,2021-05-03T08:57:21+00:00,Deepak Chahar,Chennai Super Kings,positive,2021-05-03,retrospective,"At IPL 2020, in the UAE, Viswanathan's wife had been one of several members - including players Deepak Chahar and Ruturaj Gaikwad - to test positive ahead of the tournament.",Positive ahead of IPL 2020 in the UAE (2020); exact date not given.,True,
1262223,https://www.espncricinfo.com/story/ipl-2021-covid-19-at-csk-three-members-of-csk-contingent-test-positive-none-of-them-players-1262223,2021-05-03T08:57:21+00:00,Ruturaj Gaikwad,Chennai Super Kings,positive,2021-05-03,retrospective,"At IPL 2020, in the UAE, Viswanathan's wife had been one of several members - including players Deepak Chahar and Ruturaj Gaikwad - to test positive ahead of the tournament.",Positive ahead of IPL 2020 in the UAE (2020); exact date not given.,True,
31382380,https://www.espncricinfo.com/story/_/id/31382380/ipl-2021-covid-19-csk-three-members-csk-contingent-test-positive-players,2021-05-03T08:57:21+00:00,Deepak Chahar,Chennai Super Kings,positive,2021-05-03,retrospective,"At IPL 2020, in the UAE, Viswanathan's wife had been one of several members - including players Deepak Chahar and Ruturaj Gaikwad - to test positive ahead of the tournament.",Positive ahead of IPL 2020 in the UAE (2020); exact date not given.,True,
31382380,https://www.espncricinfo.com/story/_/id/31382380/ipl-2021-covid-19-csk-three-members-csk-contingent-test-positive-players,2021-05-03T08:57:21+00:00,Ruturaj Gaikwad,Chennai Super Kings,positive,2021-05-03,retrospective,"At IPL 2020, in the UAE, Viswanathan's wife had been one of several members - including players Deepak Chahar and Ruturaj Gaikwad - to test positive ahead of the tournament.",Positive ahead of IPL 2020 in the UAE (2020); exact date not given.,True,
1262303,https://www.espncricinfo.com/story/ipl-2021-delhi-capitals-amit-mishra-first-player-from-dc-to-test-positive-for-covid-19-1262303,2021-05-04T17:35:41+00:00,Axar Patel,Delhi Capitals,positive,2021-05-04,retrospective,"Mishra is the second Capitals player this season to test positive, with Axar Patel missing out most of the early stages because he had been infected and been outside the bubble.",Infected before/early in IPL 2021 season (missed early stages); exact date not stated.,True,
31389118,https://www.espncricinfo.com/story/_/id/31389118/ipl-2021-delhi-capitals-amit-mishra-first-player-dc-test-positive-covid-19,2021-05-04T17:35:41+00:00,Axar Patel,Delhi Capitals,positive,2021-05-04,retrospective,"Mishra is the second Capitals player this season to test positive, with Axar Patel missing out most of the early stages because he had been infected and been outside the bubble.",Infected before/early in IPL 2021 season (missed early stages); exact date not stated.,True,
1262312,https://www.espncricinfo.com/story/ipl-2020-chennai-super-kings-michael-hussey-tests-positive-for-covid-19-1262312,2021-05-05T07:49:29+00:00,Varun Chakravarthy,Kolkata Knight Riders,positive,2021-05-03,retrospective,"From the Kolkata Knight Riders, mystery spinner Varun Chakravarthy and seam bowler Sandeep Warrier tested positive, forcing their match against the Royal Challengers Bangalore on May 3 to be rescheduled .",Match of May 3 rescheduled; test date not stated precisely.,True,
1262312,https://www.espncricinfo.com/story/ipl-2020-chennai-super-kings-michael-hussey-tests-positive-for-covid-19-1262312,2021-05-05T07:49:29+00:00,Sandeep Warrier,Kolkata Knight Riders,positive,2021-05-03,retrospective,"From the Kolkata Knight Riders, mystery spinner Varun Chakravarthy and seam bowler Sandeep Warrier tested positive, forcing their match against the Royal Challengers Bangalore on May 3 to be rescheduled .",Match of May 3 rescheduled; test date not stated precisely.,True,
31392458,https://www.espncricinfo.com/story/_/id/31392458/ipl-2020-chennai-super-kings-michael-hussey-tests-positive-covid-19,2021-05-05T07:49:29+00:00,Varun Chakravarthy,Kolkata Knight Riders,positive,2021-05-03,retrospective,"From the Kolkata Knight Riders, mystery spinner Varun Chakravarthy and seam bowler Sandeep Warrier tested positive, forcing their match against the Royal Challengers Bangalore on May 3 to be rescheduled .",Match of May 3 rescheduled; test date not stated precisely.,True,
31392458,https://www.espncricinfo.com/story/_/id/31392458/ipl-2020-chennai-super-kings-michael-hussey-tests-positive-covid-19,2021-05-05T07:49:29+00:00,Sandeep Warrier,Kolkata Knight Riders,positive,2021-05-03,retrospective,"From the Kolkata Knight Riders, mystery spinner Varun Chakravarthy and seam bowler Sandeep Warrier tested positive, forcing their match against the Royal Challengers Bangalore on May 3 to be rescheduled .",Match of May 3 rescheduled; test date not stated precisely.,True,
1262399,https://www.espncricinfo.com/story/india-women-batter-veda-krishnamurthy-loses-mother-and-sister-to-covid-19-two-weeks-apart-1262399,2021-05-06T10:50:06+00:00,Veda Krishnamurthy,India Women,close_contact,2021-05-06,retrospective,She had gone into self-isolation upon returning to the city and returned a negative test.,Visited family members who later tested positive; self-isolated and returned a negative test (around April 2021).,True,
1262399,https://www.espncricinfo.com/story/india-women-batter-veda-krishnamurthy-loses-mother-and-sister-to-covid-19-two-weeks-apart-1262399,2021-05-06T10:50:06+00:00,Sachin Tendulkar,,positive,2021-05-06,retrospective,"Sachin Tendulkar, S Badrinath, Yusuf Pathan and Harmanpreet Kaur are among the group of players who have contracted the virus in the past two months and recovered since.",Contracted the virus 'in the past two months' before 2021-05-06; recovered.,True,
1262399,https://www.espncricinfo.com/story/india-women-batter-veda-krishnamurthy-loses-mother-and-sister-to-covid-19-two-weeks-apart-1262399,2021-05-06T10:50:06+00:00,S Badrinath,,positive,2021-05-06,retrospective,"Sachin Tendulkar, S Badrinath, Yusuf Pathan and Harmanpreet Kaur are among the group of players who have contracted the virus in the past two months and recovered since.",Contracted the virus 'in the past two months' before 2021-05-06; recovered.,True,
1262399,https://www.espncricinfo.com/story/india-women-batter-veda-krishnamurthy-loses-mother-and-sister-to-covid-19-two-weeks-apart-1262399,2021-05-06T10:50:06+00:00,Yusuf Pathan,,positive,2021-05-06,retrospective,"Sachin Tendulkar, S Badrinath, Yusuf Pathan and Harmanpreet Kaur are among the group of players who have contracted the virus in the past two months and recovered since.",Contracted the virus 'in the past two months' before 2021-05-06; recovered.,True,
1262399,https://www.espncricinfo.com/story/india-women-batter-veda-krishnamurthy-loses-mother-and-sister-to-covid-19-two-weeks-apart-1262399,2021-05-06T10:50:06+00:00,Harmanpreet Kaur,,positive,2021-05-06,retrospective,"Sachin Tendulkar, S Badrinath, Yusuf Pathan and Harmanpreet Kaur are among the group of players who have contracted the virus in the past two months and recovered since.",Contracted the virus 'in the past two months' before 2021-05-06; recovered.,True,
31397845,https://www.espncricinfo.com/story/_/id/31397845/india-women-batter-veda-krishnamurthy-loses-mother-sister-covid-19-two-weeks-apart,2021-05-06T10:50:06+00:00,Veda Krishnamurthy,India Women,close_contact,2021-05-06,retrospective,She had gone into self-isolation upon returning to the city and returned a negative test.,Visited family members who later tested positive; self-isolated and returned a negative test (around April 2021).,True,
31397845,https://www.espncricinfo.com/story/_/id/31397845/india-women-batter-veda-krishnamurthy-loses-mother-sister-covid-19-two-weeks-apart,2021-05-06T10:50:06+00:00,Sachin Tendulkar,,positive,2021-05-06,retrospective,"Sachin Tendulkar, S Badrinath, Yusuf Pathan and Harmanpreet Kaur are among the group of players who have contracted the virus in the past two months and recovered since.",Contracted the virus 'in the past two months' before 2021-05-06; recovered.,True,
31397845,https://www.espncricinfo.com/story/_/id/31397845/india-women-batter-veda-krishnamurthy-loses-mother-sister-covid-19-two-weeks-apart,2021-05-06T10:50:06+00:00,S Badrinath,,positive,2021-05-06,retrospective,"Sachin Tendulkar, S Badrinath, Yusuf Pathan and Harmanpreet Kaur are among the group of players who have contracted the virus in the past two months and recovered since.",Contracted the virus 'in the past two months' before 2021-05-06; recovered.,True,
31397845,https://www.espncricinfo.com/story/_/id/31397845/india-women-batter-veda-krishnamurthy-loses-mother-sister-covid-19-two-weeks-apart,2021-05-06T10:50:06+00:00,Yusuf Pathan,,positive,2021-05-06,retrospective,"Sachin Tendulkar, S Badrinath, Yusuf Pathan and Harmanpreet Kaur are among the group of players who have contracted the virus in the past two months and recovered since.",Contracted the virus 'in the past two months' before 2021-05-06; recovered.,True,
31397845,https://www.espncricinfo.com/story/_/id/31397845/india-women-batter-veda-krishnamurthy-loses-mother-sister-covid-19-two-weeks-apart,2021-05-06T10:50:06+00:00,Harmanpreet Kaur,,positive,2021-05-06,retrospective,"Sachin Tendulkar, S Badrinath, Yusuf Pathan and Harmanpreet Kaur are among the group of players who have contracted the virus in the past two months and recovered since.",Contracted the virus 'in the past two months' before 2021-05-06; recovered.,True,
1262662,https://www.espncricinfo.com/story/former-rajasthan-legspinner-vivek-yadav-dies-of-covid-19-related-complications-1262662,2021-05-10T09:18:08+00:00,Vivek Yadav,Rajasthan (former),positive,2021-05-05,retrospective,"According to a PTI report, Yadav was undergoing treatment for cancer and had gone to the hospital for his chemotherapy, where he tested positive for Covid-19.","Former first-class cricketer; died May 5, 2021 of Covid-related complications; positive test was before death, exact date not stated (death date given).",True,
1262743,https://www.espncricinfo.com/story/covid-19-deaths-in-cricket-1262743,2021-05-11T10:23:00+00:00,AP Jadeja,Saurashtra (former),positive,2021-01-04,retrospective,"Former Saurashtra cricketer AP Jadeja died of Covid-19 on January 4, a PTI report said.","Former cricketer; date is death date (year not stated, presumably 2021); positive-test date not given.",True,
1262743,https://www.espncricinfo.com/story/covid-19-deaths-in-cricket-1262743,2021-05-11T10:23:00+00:00,John Watkins,South Africa (former),positive,2021-08-24,retrospective,"John Watkins , former South Africa allrounder John Watkins died on September 3, 2021 in Durban , 10 days after contracting Covid-19.",Former Test allrounder; contracted Covid ~10 days before death on 2021-09-03. Note: running list updated after the published date.,True,
1262743,https://www.espncricinfo.com/story/covid-19-deaths-in-cricket-1262743,2021-05-11T10:23:00+00:00,Prasad Amonkar,Goa (former),positive,2021-06-09,retrospective,"Former Goa cricketer Prasad Amonkar , who played 22 first-class matches and three List A games as a batter in the late 1980s and early 1990s, died after a battle with Covid-19 on June 9, 2021 in Panjim.",Former cricketer; date is death date; running list updated after the published date.,True,
31464477,https://www.espncricinfo.com/story/_/id/31464477/covid-19-deaths-cricket,2021-05-11T10:23:00+00:00,AP Jadeja,Saurashtra (former),positive,2021-01-04,retrospective,"Former Saurashtra cricketer AP Jadeja died of Covid-19 on January 4, a PTI report said.","Former cricketer; date is death date (year not stated, presumably 2021); positive-test date not given.",True,
31464477,https://www.espncricinfo.com/story/_/id/31464477/covid-19-deaths-cricket,2021-05-11T10:23:00+00:00,John Watkins,South Africa (former),positive,2021-08-24,retrospective,"John Watkins , former South Africa allrounder John Watkins died on September 3, 2021 in Durban , 10 days after contracting Covid-19.",Former Test allrounder; contracted Covid ~10 days before death on 2021-09-03. Note: running list updated after the published date.,True,
31464477,https://www.espncricinfo.com/story/_/id/31464477/covid-19-deaths-cricket,2021-05-11T10:23:00+00:00,Prasad Amonkar,Goa (former),positive,2021-06-09,retrospective,"Former Goa cricketer Prasad Amonkar , who played 22 first-class matches and three List A games as a batter in the late 1980s and early 1990s, died after a battle with Covid-19 on June 9, 2021 in Panjim.",Former cricketer; date is death date; running list updated after the published date.,True,
1263190,https://www.espncricinfo.com/story/eng-women-vs-ind-women-2021-rajeshwari-gayakwad-recovering-from-covid-19-left-out-of-india-squads-for-england-tour-1263190,2021-05-14T17:11:08+00:00,Rajeshwari Gayakwad,India Women / Railways,positive,2021-05-14,retrospective,"ESPNcricinfo understands Gayakwad, who played just two matches for the Railways in the Women's Senior One Day Trophy 2020-21 after the South Africa series, tested positive for Covid-19 last month and is currently recovering in Bengaluru.",Tested positive 'last month' relative to 2021-05-14 publication.,True,
1263190,https://www.espncricinfo.com/story/eng-women-vs-ind-women-2021-rajeshwari-gayakwad-recovering-from-covid-19-left-out-of-india-squads-for-england-tour-1263190,2021-05-14T17:11:08+00:00,Sachin Tendulkar,,positive,2021-05-14,retrospective,"Sachin Tendulkar, S Badrinath, Yusuf Pathan, Vanitha VR, and Harmanpreet Kaur are among the former and current cricketers to have tested positive for the coronavirus in the past two months and recovered since.",Positive 'in the past two months' before 2021-05-14; recovered.,True,
1263190,https://www.espncricinfo.com/story/eng-women-vs-ind-women-2021-rajeshwari-gayakwad-recovering-from-covid-19-left-out-of-india-squads-for-england-tour-1263190,2021-05-14T17:11:08+00:00,S Badrinath,,positive,2021-05-14,retrospective,"Sachin Tendulkar, S Badrinath, Yusuf Pathan, Vanitha VR, and Harmanpreet Kaur are among the former and current cricketers to have tested positive for the coronavirus in the past two months and recovered since.",Positive 'in the past two months' before 2021-05-14; recovered.,True,
1263190,https://www.espncricinfo.com/story/eng-women-vs-ind-women-2021-rajeshwari-gayakwad-recovering-from-covid-19-left-out-of-india-squads-for-england-tour-1263190,2021-05-14T17:11:08+00:00,Yusuf Pathan,,positive,2021-05-14,retrospective,"Sachin Tendulkar, S Badrinath, Yusuf Pathan, Vanitha VR, and Harmanpreet Kaur are among the former and current cricketers to have tested positive for the coronavirus in the past two months and recovered since.",Positive 'in the past two months' before 2021-05-14; recovered.,True,
1263190,https://www.espncricinfo.com/story/eng-women-vs-ind-women-2021-rajeshwari-gayakwad-recovering-from-covid-19-left-out-of-india-squads-for-england-tour-1263190,2021-05-14T17:11:08+00:00,Vanitha VR,,positive,2021-05-14,retrospective,"Sachin Tendulkar, S Badrinath, Yusuf Pathan, Vanitha VR, and Harmanpreet Kaur are among the former and current cricketers to have tested positive for the coronavirus in the past two months and recovered since.",Positive 'in the past two months' before 2021-05-14; recovered.,True,
1263190,https://www.espncricinfo.com/story/eng-women-vs-ind-women-2021-rajeshwari-gayakwad-recovering-from-covid-19-left-out-of-india-squads-for-england-tour-1263190,2021-05-14T17:11:08+00:00,Harmanpreet Kaur,,positive,2021-05-14,retrospective,"Sachin Tendulkar, S Badrinath, Yusuf Pathan, Vanitha VR, and Harmanpreet Kaur are among the former and current cricketers to have tested positive for the coronavirus in the past two months and recovered since.",Positive 'in the past two months' before 2021-05-14; recovered.,True,
1263190,https://www.espncricinfo.com/story/eng-women-vs-ind-women-2021-rajeshwari-gayakwad-recovering-from-covid-19-left-out-of-india-squads-for-england-tour-1263190,2021-05-14T17:11:08+00:00,Devika Palshikar,India Women (former),positive,2021-05-14,retrospective,Former India Women players Devika Palshikar - who was among the shortlisted candidates for the head coach role that eventually went to Ramesh Powar - Amita Sharma and Sunetra Paranjpe have also recovered from Covid-19.,Former players 'recovered from Covid-19'; infection date not stated.,True,
1263190,https://www.espncricinfo.com/story/eng-women-vs-ind-women-2021-rajeshwari-gayakwad-recovering-from-covid-19-left-out-of-india-squads-for-england-tour-1263190,2021-05-14T17:11:08+00:00,Amita Sharma,India Women (former),positive,2021-05-14,retrospective,Former India Women players Devika Palshikar - who was among the shortlisted candidates for the head coach role that eventually went to Ramesh Powar - Amita Sharma and Sunetra Paranjpe have also recovered from Covid-19.,Former players 'recovered from Covid-19'; infection date not stated.,True,
1263190,https://www.espncricinfo.com/story/eng-women-vs-ind-women-2021-rajeshwari-gayakwad-recovering-from-covid-19-left-out-of-india-squads-for-england-tour-1263190,2021-05-14T17:11:08+00:00,Sunetra Paranjpe,India Women (former),positive,2021-05-14,retrospective,Former India Women players Devika Palshikar - who was among the shortlisted candidates for the head coach role that eventually went to Ramesh Powar - Amita Sharma and Sunetra Paranjpe have also recovered from Covid-19.,Former players 'recovered from Covid-19'; infection date not stated.,True,
1263331,https://www.espncricinfo.com/story/india-brace-for-long-quarantine-two-weeks-in-mumbai-10-days-in-southampton-1263331,2021-05-17T17:29:19+00:00,Wriddhiman Saha,Sunrisers Hyderabad / India,positive,2021-05-04,retrospective,Saha had tested positive for Covid-19 during his stay in the Delhi leg of the IPL where he plays for Sunrisers Hyderabad.,Positive during Delhi leg of IPL; date not stated in this story (other stories: May 4).,True,
1263331,https://www.espncricinfo.com/story/india-brace-for-long-quarantine-two-weeks-in-mumbai-10-days-in-southampton-1263331,2021-05-17T17:29:19+00:00,Prasidh Krishna,Kolkata Knight Riders / India,positive,2021-05-06,retrospective,"Krishna, who plays for the Kolkata Knight Riders, had tested positive for Covid-19 a day after returning from the IPL to his home town Bengaluru recently.",Positive a day after returning to Bengaluru (returned May 5 per other story); date not stated here.,True,
31461778,"https://www.espncricinfo.com/story/_/id/31461778/india-brace-long-quarantine-two-weeks-mumbai,-10-days-southampton",2021-05-17T17:29:19+00:00,Wriddhiman Saha,Sunrisers Hyderabad / India,positive,2021-05-04,retrospective,Saha had tested positive for Covid-19 during his stay in the Delhi leg of the IPL where he plays for Sunrisers Hyderabad.,Positive during Delhi leg of IPL; date not stated in this story (other stories: May 4).,True,
31461778,"https://www.espncricinfo.com/story/_/id/31461778/india-brace-long-quarantine-two-weeks-mumbai,-10-days-southampton",2021-05-17T17:29:19+00:00,Prasidh Krishna,Kolkata Knight Riders / India,positive,2021-05-06,retrospective,"Krishna, who plays for the Kolkata Knight Riders, had tested positive for Covid-19 a day after returning from the IPL to his home town Bengaluru recently.",Positive a day after returning to Bengaluru (returned May 5 per other story); date not stated here.,True,
1263374,https://www.espncricinfo.com/story/tim-seifert-now-covid-negative-after-kkr-stint-will-soon-fly-back-to-new-zealand-nz-head-coach-gary-stead-1263374,2021-05-18T08:45:08+00:00,Tim Seifert,Kolkata Knight Riders / New Zealand,positive,2021-05-18,retrospective,He had returned a positive test after the tournament was suspended in the wake of rising Covid-19 cases across teams.,"Earlier positive after IPL suspension; now tested negative (recovered), not a false positive.",True,
1263374,https://www.espncricinfo.com/story/tim-seifert-now-covid-negative-after-kkr-stint-will-soon-fly-back-to-new-zealand-nz-head-coach-gary-stead-1263374,2021-05-18T08:45:08+00:00,Varun Chakravarthy,Kolkata Knight Riders,positive,2021-05-18,retrospective,"Seifert, who didn't get a game this season, was the third player from the Knight Riders squad to test positive after Varun Chakravarthy and Sandeep Warrier .",Earlier positive; date not stated here.,True,
1263374,https://www.espncricinfo.com/story/tim-seifert-now-covid-negative-after-kkr-stint-will-soon-fly-back-to-new-zealand-nz-head-coach-gary-stead-1263374,2021-05-18T08:45:08+00:00,Sandeep Warrier,Kolkata Knight Riders,positive,2021-05-18,retrospective,"Seifert, who didn't get a game this season, was the third player from the Knight Riders squad to test positive after Varun Chakravarthy and Sandeep Warrier .",Earlier positive; date not stated here.,True,
31486372,https://www.espncricinfo.com/story/_/id/31486372/recovering-covid-experiencing-episode-man-vs-wild,2021-05-22T02:36:23+00:00,Varun Chakravarthy,Kolkata Knight Riders / Tamil Nadu,positive,2021-05-22,published,"Among those to test positive was the pair of former India fast bowler Laxmipathy Balaji , who is the bowling coach with the Chennai Super Kings, and Varun Chakravarthy , the Tamil Nadu and Kolkata Knight Riders's spinner.",Retrospective account; his section (with test date) is truncated in this copy.,True,
1264136,https://www.espncricinfo.com/story/too-much-quarantine-tipped-me-over-the-edge-tom-banton-focussed-on-having-fun-again-1264136,2021-05-26T17:05:35+00:00,Tom Banton,Quetta Gladiators / Somerset,positive,2021-05-26,retrospective,"Following a handful of cameos in the Abu Dhabi T10, he flew to Pakistan to fulfil his Quetta Gladiators contract; after two single-figure scores, he contracted Covid-19 , meaning 10 days of isolation in his Karachi hotel and 10 more back home in the UK.",Contracted Covid during PSL 2021 (Feb-Mar 2021); exact date not stated. Says he may still have long Covid.,True,
1266874,https://www.espncricinfo.com/story/vitality-t20-blast-2021-durham-hit-by-positive-covid-19-test-a-number-of-players-and-staff-forced-to-self-isolate-1266874,2021-06-17T17:31:00+00:00,David Willey,Yorkshire,positive,2021-06-17,retrospective,"Yorkshire's Blast campaign was derailed last year after David Willey, their captain, tested positive and forced three other first-choice players to self-isolate, while Northamptonshire and Hampshire were both in similar positions last summer.",Positive during 2020 Blast; exact date not stated. The three isolating team-mates are unnamed.,True,
1268936,https://www.espncricinfo.com/story/eng-vs-ind-women-2021-1st-t20i-harmanpreet-kaur-covid-19-and-groin-injury-hampered-england-tour-preparations-1268936,2021-07-08T13:25:00+00:00,Harmanpreet Kaur,India women,positive,2021-03-29,retrospective,"While her recovery had only begun, Kaur tested positive for Covid-19 on March 29 as a second wave of coronavirus infections swept India.","Past infection, March 29 2021",True,
31782561,https://www.espncricinfo.com/story/_/id/31782561/eng-vs-ind-women-2021-1st-t20i-harmanpreet-kaur-covid-19-groin-injury-hampered-england-tour-preparations,2021-07-08T13:25:00+00:00,Harmanpreet Kaur,India women,positive,2021-07-08,retrospective,Harmanpreet Kaur tests positive for Covid-19,Related-link headline only in stub; infection was earlier (March 2021 per story 1268936),True,
1270671,https://www.espncricinfo.com/story/west-indies-australia-odi-suspended-after-positive-covid-test-emerges-moments-before-play-1270671,2021-07-22T19:38:00+00:00,Hayden Walsh Jr,West Indies,positive,2021-07-22,retrospective,West Indies have previously been impacted by Covid while playing with Hayden Walsh Jr testing positive on the tour of Bangladesh earlier in the year.,"Past infection; text only says tour of Bangladesh earlier in 2021, so published date used",True,
1276305,https://www.espncricinfo.com/story/ravi-shastri-returns-positive-lateral-flow-test-for-covid-19-eng-vs-ind-4th-test-the-oval-1276305,2021-09-05T09:53:00+00:00,Wriddhiman Saha,India,close_contact,2021-07-14,retrospective,"The first time was in July when Arun, as well as squad members Wriddhiman Saha and Abhimanyu Easwaran, were forced to quarantine for ten days for being close contacts of training assistant/net bowler Dayanand Garani, who tested positive for Covid-19 on July 14.",Past close contact of Dayanand Garani (positive July 14),True,
1276305,https://www.espncricinfo.com/story/ravi-shastri-returns-positive-lateral-flow-test-for-covid-19-eng-vs-ind-4th-test-the-oval-1276305,2021-09-05T09:53:00+00:00,Abhimanyu Easwaran,India,close_contact,2021-07-14,retrospective,"The first time was in July when Arun, as well as squad members Wriddhiman Saha and Abhimanyu Easwaran, were forced to quarantine for ten days for being close contacts of training assistant/net bowler Dayanand Garani, who tested positive for Covid-19 on July 14.",Past close contact of Dayanand Garani (positive July 14),True,
1276305,https://www.espncricinfo.com/story/ravi-shastri-returns-positive-lateral-flow-test-for-covid-19-eng-vs-ind-4th-test-the-oval-1276305,2021-09-05T09:53:00+00:00,Rishabh Pant,India,positive,2021-09-05,retrospective,"That was not long after Rishabh Pant , the first-choice Test wicketkeeper, had tested positive for Covid-19 as well.",Past infection in July 2021 (before July 14); no date in this story,True,
1276305,https://www.espncricinfo.com/story/ravi-shastri-returns-positive-lateral-flow-test-for-covid-19-eng-vs-ind-4th-test-the-oval-1276305,2021-09-05T09:53:00+00:00,Krunal Pandya,India,positive,2021-09-05,retrospective,"First, Krunal Pandya tested positive between the first and second T20Is - which had come after the ODIs - and eight other players, who were Pandya's close contacts, had to go into isolation too.",Past infection in Sri Lanka series (July 2021); no date in this story,True,
1276305,https://www.espncricinfo.com/story/ravi-shastri-returns-positive-lateral-flow-test-for-covid-19-eng-vs-ind-4th-test-the-oval-1276305,2021-09-05T09:53:00+00:00,Yuzvendra Chahal,India,positive,2021-09-05,retrospective,"After that, two more players, Yuzvendra Chahal and K Gowtham, also tested positive , and while the others returned home at the end of the tour, Pandya, Chahal and Gowtham had to stay back in Sri Lanka, complete their quarantine, and return home in the first week of August after returning negative te",Past infection in Sri Lanka (July 2021); no date in this story; quote truncated,True,
1276305,https://www.espncricinfo.com/story/ravi-shastri-returns-positive-lateral-flow-test-for-covid-19-eng-vs-ind-4th-test-the-oval-1276305,2021-09-05T09:53:00+00:00,K Gowtham,India,positive,2021-09-05,retrospective,"After that, two more players, Yuzvendra Chahal and K Gowtham, also tested positive , and while the others returned home at the end of the tour, Pandya, Chahal and Gowtham had to stay back in Sri Lanka, complete their quarantine, and return home in the first week of August after returning negative te",Past infection in Sri Lanka (July 2021); no date in this story; quote truncated,True,
1276511,https://www.espncricinfo.com/story/covid-19-ravi-shastri-bharat-arun-and-r-sridhar-test-positive-not-to-travel-to-manchester-eng-vs-ind-test-series-1276511,2021-09-06T11:03:00+00:00,Wriddhiman Saha,India,close_contact,2021-07-14,retrospective,"The first time was in July when Arun, as well as squad members Wriddhiman Saha and Abhimanyu Easwaran, were forced to quarantine for ten days after being identified as close contacts of training assistant/net bowler Dayanand Garani, who tested positive for Covid-19 on July 14.",Past close contact of Dayanand Garani (positive July 14),True,
1276511,https://www.espncricinfo.com/story/covid-19-ravi-shastri-bharat-arun-and-r-sridhar-test-positive-not-to-travel-to-manchester-eng-vs-ind-test-series-1276511,2021-09-06T11:03:00+00:00,Abhimanyu Easwaran,India,close_contact,2021-07-14,retrospective,"The first time was in July when Arun, as well as squad members Wriddhiman Saha and Abhimanyu Easwaran, were forced to quarantine for ten days after being identified as close contacts of training assistant/net bowler Dayanand Garani, who tested positive for Covid-19 on July 14.",Past close contact of Dayanand Garani (positive July 14),True,
1276511,https://www.espncricinfo.com/story/covid-19-ravi-shastri-bharat-arun-and-r-sridhar-test-positive-not-to-travel-to-manchester-eng-vs-ind-test-series-1276511,2021-09-06T11:03:00+00:00,Rishabh Pant,India,positive,2021-09-06,retrospective,"That was not long after Rishabh Pant, the first-choice Test wicketkeeper, had tested positive for Covid-19 as well.",Past infection in July 2021 (before July 14); no date in this story,True,
1276511,https://www.espncricinfo.com/story/covid-19-ravi-shastri-bharat-arun-and-r-sridhar-test-positive-not-to-travel-to-manchester-eng-vs-ind-test-series-1276511,2021-09-06T11:03:00+00:00,Krunal Pandya,India,positive,2021-09-06,retrospective,"First, Krunal Pandya tested positive between the first and second T20Is - which had come after the ODIs - and eight other players, who were Pandya's close contacts, had to go into isolation too.",Past infection in Sri Lanka series (July 2021); no date in this story,True,
1276511,https://www.espncricinfo.com/story/covid-19-ravi-shastri-bharat-arun-and-r-sridhar-test-positive-not-to-travel-to-manchester-eng-vs-ind-test-series-1276511,2021-09-06T11:03:00+00:00,Yuzvendra Chahal,India,positive,2021-09-06,retrospective,"After that, two more players, Yuzvendra Chahal and K Gowtham , also tested positive, and while the others returned home at the end of the tour, Pandya, Chahal and Gowtham had to stay back in Sri Lanka, complete their quarantine, and return home in the first week of August after returning negative te",Past infection in Sri Lanka (July 2021); no date in this story; quote truncated,True,
1276511,https://www.espncricinfo.com/story/covid-19-ravi-shastri-bharat-arun-and-r-sridhar-test-positive-not-to-travel-to-manchester-eng-vs-ind-test-series-1276511,2021-09-06T11:03:00+00:00,K Gowtham,India,positive,2021-09-06,retrospective,"After that, two more players, Yuzvendra Chahal and K Gowtham , also tested positive, and while the others returned home at the end of the tour, Pandya, Chahal and Gowtham had to stay back in Sri Lanka, complete their quarantine, and return home in the first week of August after returning negative te",Past infection in Sri Lanka (July 2021); no date in this story; quote truncated,True,
1276999,https://www.espncricinfo.com/story/eng-vs-ind-5th-test-old-trafford-one-more-member-of-india-s-support-staff-tests-positive-for-covid-19-1276999,2021-09-09T10:10:00+00:00,Wriddhiman Saha,India,close_contact,2021-07-14,retrospective,"The first time was in July when Arun, as well as squad members Wriddhiman Saha and Abhimanyu Easwaran , were forced to quarantine for ten days after being identified as close contacts of training assistant/net bowler Dayanand Garani , who tested positive for Covid-19 on July 14.",Past close contact of Dayanand Garani (positive July 14),True,
1276999,https://www.espncricinfo.com/story/eng-vs-ind-5th-test-old-trafford-one-more-member-of-india-s-support-staff-tests-positive-for-covid-19-1276999,2021-09-09T10:10:00+00:00,Abhimanyu Easwaran,India,close_contact,2021-07-14,retrospective,"The first time was in July when Arun, as well as squad members Wriddhiman Saha and Abhimanyu Easwaran , were forced to quarantine for ten days after being identified as close contacts of training assistant/net bowler Dayanand Garani , who tested positive for Covid-19 on July 14.",Past close contact of Dayanand Garani (positive July 14),True,
1276999,https://www.espncricinfo.com/story/eng-vs-ind-5th-test-old-trafford-one-more-member-of-india-s-support-staff-tests-positive-for-covid-19-1276999,2021-09-09T10:10:00+00:00,Rishabh Pant,India,positive,2021-09-09,retrospective,"That was not long after Rishabh Pant, the first-choice Test wicketkeeper, had tested positive for Covid-19 as well.",Past infection in July 2021 (before July 14); no date in this story,True,
1276999,https://www.espncricinfo.com/story/eng-vs-ind-5th-test-old-trafford-one-more-member-of-india-s-support-staff-tests-positive-for-covid-19-1276999,2021-09-09T10:10:00+00:00,Krunal Pandya,India,positive,2021-09-09,retrospective,"First, Krunal Pandya tested positive between the first and second T20Is - which had come after the ODIs - and eight other players, who were Pandya's close contacts, had to go into isolation too.",Past infection in Sri Lanka series (July 2021); no date in this story,True,
1276999,https://www.espncricinfo.com/story/eng-vs-ind-5th-test-old-trafford-one-more-member-of-india-s-support-staff-tests-positive-for-covid-19-1276999,2021-09-09T10:10:00+00:00,Yuzvendra Chahal,India,positive,2021-09-09,retrospective,"After that, two more players, Yuzvendra Chahal and K Gowtham , also tested positive, and while the others returned home at the end of the tour, Pandya, Chahal and Gowtham had to stay back i",Past infection in Sri Lanka (July 2021); no date in this story; quote truncated,True,
1276999,https://www.espncricinfo.com/story/eng-vs-ind-5th-test-old-trafford-one-more-member-of-india-s-support-staff-tests-positive-for-covid-19-1276999,2021-09-09T10:10:00+00:00,K Gowtham,India,positive,2021-09-09,retrospective,"After that, two more players, Yuzvendra Chahal and K Gowtham , also tested positive, and while the others returned home at the end of the tour, Pandya, Chahal and Gowtham had to stay back i",Past infection in Sri Lanka (July 2021); no date in this story; quote truncated,True,
1279004,https://www.espncricinfo.com/story/ipl-2021-dc-vs-srh-t-natarajan-of-sunrisers-hyderabad-tests-positive-for-covid-19-1279004,2021-09-22T09:50:00+00:00,Wriddhiman Saha,Sunrisers Hyderabad,positive,2021-09-22,retrospective,"In May, wicketkeeper-batter Wriddhiman Saha had to isolate for two weeks in Delhi, too, after returning a positive test .",Past infection May 2021 (IPL first leg); published date used,True,
32255465,https://www.espncricinfo.com/story/_/id/32255465/ipl-2021-dc-vs-srh-t-natarajan-sunrisers-hyderabad-tests-positive-covid-19,2021-09-22T09:50:00+00:00,Wriddhiman Saha,Sunrisers Hyderabad,positive,2021-09-22,retrospective,"In May, wicketkeeper-batter Wriddhiman Saha had to isolate for two weeks in Delhi, too, after returning a positive test .",Past infection May 2021 (IPL first leg); published date used,True,
1279326,https://www.espncricinfo.com/story/ipl-2021-srh-sunrisers-hyderabad-sign-umran-malik-as-covid-19-replacement-for-t-natarajan-1279326,2021-09-24T10:15:00+00:00,Axar Patel,Delhi Capitals,positive,2021-09-24,retrospective,"Earlier this year, during the first leg of the IPL when it was played in India, bowling allrounder Shams Mulani became a short-term recruitment for the Delhi Capitals in similar circumstances when Axar Patel tested positive for Covid-19.",Past infection during IPL 2021 first leg (April-May); published date used,True,
1279326,https://www.espncricinfo.com/story/ipl-2021-srh-sunrisers-hyderabad-sign-umran-malik-as-covid-19-replacement-for-t-natarajan-1279326,2021-09-24T10:15:00+00:00,Wriddhiman Saha,Sunrisers Hyderabad,positive,2021-09-24,retrospective,"In May, wicketkeeper-batter Wriddhiman Saha had to isolate for two weeks in Delhi after returning a positive test.",Past infection May 2021; published date used,True,
1293470,https://www.espncricinfo.com/story/ashes-2021-22-pat-cummins-caught-in-covid-scare-just-hours-from-the-adelaide-test-1293470,2021-12-16T00:35:00+00:00,Will Sutherland,Victoria,positive,2021-12-16,retrospective,Earlier this season Victoria allrounder Will Sutherland tested positive which resulted in a Sheffield Shield match against New South Wales being delayed by a day.,retrospective mention; earlier this season (Nov 2021),True,
1293474,https://www.espncricinfo.com/story/west-indies-in-pakistan-2021-22-tour-in-doubt-as-shai-hope-akeal-hosein-justin-greaves-test-covid-19-positive-1293474,2021-12-16T03:56:00+00:00,Sheldon Cottrell,West Indies,positive,2021-12-09,retrospective,"Cottrell, Chase and Mayers had returned positive results in the initial tests that were done after the team's arrival in Karachi on December 9.",retrospective; arrival tests after Dec 9 arrival,True,
1293474,https://www.espncricinfo.com/story/west-indies-in-pakistan-2021-22-tour-in-doubt-as-shai-hope-akeal-hosein-justin-greaves-test-covid-19-positive-1293474,2021-12-16T03:56:00+00:00,Roston Chase,West Indies,positive,2021-12-09,retrospective,"Cottrell, Chase and Mayers had returned positive results in the initial tests that were done after the team's arrival in Karachi on December 9.",retrospective; arrival tests after Dec 9 arrival,True,
1293474,https://www.espncricinfo.com/story/west-indies-in-pakistan-2021-22-tour-in-doubt-as-shai-hope-akeal-hosein-justin-greaves-test-covid-19-positive-1293474,2021-12-16T03:56:00+00:00,Kyle Mayers,West Indies,positive,2021-12-09,retrospective,"Cottrell, Chase and Mayers had returned positive results in the initial tests that were done after the team's arrival in Karachi on December 9.",retrospective; arrival tests after Dec 9 arrival,True,
1294023,https://www.espncricinfo.com/story/united-states-of-america-v-ireland-steven-taylor-aaron-jones-among-four-covid-19-positive-cases-in-usa-camp-1294023,2021-12-21T16:58:00+00:00,Harry Tector,Ireland,positive,2021-12-21,retrospective,"Harry Tector, Gareth Delany, Barry McCarthy and George Dockrell all tested positive prior to the start of the series.","retrospective; tested before series start, exact date not given",True,
1294023,https://www.espncricinfo.com/story/united-states-of-america-v-ireland-steven-taylor-aaron-jones-among-four-covid-19-positive-cases-in-usa-camp-1294023,2021-12-21T16:58:00+00:00,Gareth Delany,Ireland,positive,2021-12-21,retrospective,"Harry Tector, Gareth Delany, Barry McCarthy and George Dockrell all tested positive prior to the start of the series.","retrospective; tested before series start, exact date not given",True,
1294023,https://www.espncricinfo.com/story/united-states-of-america-v-ireland-steven-taylor-aaron-jones-among-four-covid-19-positive-cases-in-usa-camp-1294023,2021-12-21T16:58:00+00:00,Barry McCarthy,Ireland,positive,2021-12-21,retrospective,"Harry Tector, Gareth Delany, Barry McCarthy and George Dockrell all tested positive prior to the start of the series.","retrospective; tested before series start, exact date not given",True,
1294023,https://www.espncricinfo.com/story/united-states-of-america-v-ireland-steven-taylor-aaron-jones-among-four-covid-19-positive-cases-in-usa-camp-1294023,2021-12-21T16:58:00+00:00,George Dockrell,Ireland,positive,2021-12-21,retrospective,"Harry Tector, Gareth Delany, Barry McCarthy and George Dockrell all tested positive prior to the start of the series.","retrospective; tested before series start, exact date not given",True,
1294528,https://www.espncricinfo.com/story/sa-vs-ind-2021-22-1st-test-covid-19-after-effects-forced-duanne-olivier-to-sit-out-centurion-test-against-india-1294528,2021-12-27T08:52:00+00:00,Duanne Olivier,South Africa,positive,2021-12-27,retrospective,"Duanne Olivier was forced out of the Centurion Test against India because of the lingering effects of Covid-19, which he tested positive for a few weeks ago, and a hamstring niggle.",tested positive 'a few weeks ago' (roughly late Nov/early Dec 2021); published date used,True,
32945067,https://www.espncricinfo.com/story/_/id/32945067/sa-vs-ind-2021-22-1st-test-covid-19-effects-forced-duanne-olivier-sit-centurion-test-india,2021-12-27T08:52:00+00:00,Duanne Olivier,South Africa,positive,2021-12-27,retrospective,"Duanne Olivier was forced out of the Centurion Test against India because of the lingering effects of Covid-19, which he tested positive for a few weeks ago, and a hamstring niggle.",tested positive 'a few weeks ago' (roughly late Nov/early Dec 2021); published date used,True,
1294826,https://www.espncricinfo.com/story/bbl-2021-22-melbourne-stars-vs-perth-scorchers-postponed-due-to-a-covid-19-case-in-stars-camp-1294826,2021-12-30T06:50:00+00:00,Sam Whiteman,Sydney Thunder,close_contact,2021-12-30,retrospective,Sydney Thunder's Sam Whiteman missed a game earlier in the season due to being a possible close contact.,retrospective; 'possible' close contact earlier in BBL season; date not given,True,
1294826,https://www.espncricinfo.com/story/bbl-2021-22-melbourne-stars-vs-perth-scorchers-postponed-due-to-a-covid-19-case-in-stars-camp-1294826,2021-12-30T06:50:00+00:00,Will Sutherland,Victoria,positive,2021-12-30,retrospective,"Earlier in the season, a Sheffield Shield match between New South Wales and Victoria was postponed for a day after allrounder Will Sutherland tested positive .",retrospective mention (Nov 2021),True,
32961395,https://www.espncricinfo.com/story/_/id/32961395/bbl-2021-22-melbourne-stars-vs-perth-scorchers-postponed-due-covid-19-case-stars-camp,2021-12-30T06:50:00+00:00,Sam Whiteman,Sydney Thunder,close_contact,2021-12-30,retrospective,Sydney Thunder's Sam Whiteman missed a game earlier in the season due to being a possible close contact.,retrospective; 'possible' close contact earlier in BBL season; date not given,True,
32961395,https://www.espncricinfo.com/story/_/id/32961395/bbl-2021-22-melbourne-stars-vs-perth-scorchers-postponed-due-covid-19-case-stars-camp,2021-12-30T06:50:00+00:00,Will Sutherland,Victoria,positive,2021-12-30,retrospective,"Earlier in the season, a Sheffield Shield match between New South Wales and Victoria was postponed for a day after allrounder Will Sutherland tested positive .",retrospective mention (Nov 2021),True,
1294892,https://www.espncricinfo.com/story/https%3A%2F%2Fwww.espncricinfo.com%2Fstory%2Fire-vs-wi-2021-ireland-s-paul-stirling-shane-getkate-test-positive-for-covid-19-1294892,2021-12-30T18:42:00+00:00,George Dockrell,Ireland,positive,2021-12-30,retrospective,Dockrell contracted the virus earlier in December before leaving for Florida and holds a recovery certificate from that infection.,infection earlier in December 2021; also returned a new positive test but cleared to travel via recovery certificate,True,
1294892,https://www.espncricinfo.com/story/https%3A%2F%2Fwww.espncricinfo.com%2Fstory%2Fire-vs-wi-2021-ireland-s-paul-stirling-shane-getkate-test-positive-for-covid-19-1294892,2021-12-30T18:42:00+00:00,Harry Tector,Ireland,positive,2021-12-30,retrospective,"Harry Tector and Gareth Delany, who both tested positive after playing in a local T20 tournament before the T20I series, have completed their isolation periods and are due to fly to Jamaica on Friday.",retrospective; before T20I series (mid-Dec 2021),True,
1294892,https://www.espncricinfo.com/story/https%3A%2F%2Fwww.espncricinfo.com%2Fstory%2Fire-vs-wi-2021-ireland-s-paul-stirling-shane-getkate-test-positive-for-covid-19-1294892,2021-12-30T18:42:00+00:00,Gareth Delany,Ireland,positive,2021-12-30,retrospective,"Harry Tector and Gareth Delany, who both tested positive after playing in a local T20 tournament before the T20I series, have completed their isolation periods and are due to fly to Jamaica on Friday.",retrospective; before T20I series (mid-Dec 2021),True,
1295044,https://www.espncricinfo.com/story/bbl-2021-22-melbourne-stars-vs-perth-scorchers-clash-to-go-ahead-despite-more-covid-19-cases-1295044,2022-01-02T01:01:00+00:00,Travis Head,Australia,positive,2022-01-02,retrospective,Mitchell Marsh and Josh Inglis are also unavailable after they were called up to Australia's Test squad after Travis Head was ruled out of the Sydney Test due to Covid-19.,retrospective mention (tested positive Dec 31),True,
32975310,https://www.espncricinfo.com/story/_/id/32975310/bbl-2021-22-melbourne-stars-vs-perth-scorchers-clash-go-ahead-more-covid-19-cases,2022-01-02T01:01:00+00:00,Travis Head,Australia,positive,2022-01-02,retrospective,Mitchell Marsh and Josh Inglis are also unavailable after they were called up to Australia's Test squad after Travis Head was ruled out of the Sydney Test due to Covid-19.,retrospective mention (tested positive Dec 31),True,
1295102,https://www.espncricinfo.com/story/australia-vs-england-4th-ashes-test-isolating-england-coach-chris-silverwood-now-found-to-be-covid-positive-1295102,2022-01-02T07:27:00+00:00,Travis Head,Australia,positive,2022-01-02,retrospective,So far Travis Head is the only case among the Australia squad.,retrospective mention,True,
1295216,https://www.espncricinfo.com/story/bbl-2021-22-stock-taking-how-the-teams-are-grappling-with-covid-19-and-departure-of-key-players-1295216,2022-01-03T07:29:00+00:00,Travis Head,Australia,positive,2022-01-03,retrospective,"Skipper Nic Maddinson will also return after having briefly been part of Australia's Ashes squad as cover for Travis Head, who tested positive for Covid-19.",retrospective mention,True,
1295355,https://www.espncricinfo.com/story/aus-vs-eng-4th-ashes-test-covid-19-a-distraction-says-thorpe-cummins-agrees-its-been-really-tough-for-england-1295355,2022-01-04T05:38:00+00:00,Travis Head,Australia,positive,2022-01-04,retrospective,"Australia have also been impacted, with Travis Head ruled out of the fourth Test after testing positive, but that remains the only case in the camp even though Cummins was forced to miss the second Test in Adelaide after being deemed a close contact.",retrospective mention (Dec 31),True,
1295355,https://www.espncricinfo.com/story/aus-vs-eng-4th-ashes-test-covid-19-a-distraction-says-thorpe-cummins-agrees-its-been-really-tough-for-england-1295355,2022-01-04T05:38:00+00:00,Pat Cummins,Australia,close_contact,2022-01-04,retrospective,"Australia have also been impacted, with Travis Head ruled out of the fourth Test after testing positive, but that remains the only case in the camp even though Cummins was forced to miss the second Test in Adelaide after being deemed a close contact.",retrospective mention (Dec 15-16 Adelaide),True,
32989855,https://www.espncricinfo.com/story/_/id/32989855/aus-vs-eng-4th-ashes-test-covid-19-distraction-says-thorpe-cummins-agrees-really-tough-england,2022-01-04T05:38:00+00:00,Travis Head,Australia,positive,2022-01-04,retrospective,"Australia have also been impacted, with Travis Head ruled out of the fourth Test after testing positive, but that remains the only case in the camp even though Cummins was forced to miss the second Test in Adelaide after being deemed a close contact.",retrospective mention (Dec 31),True,
32989855,https://www.espncricinfo.com/story/_/id/32989855/aus-vs-eng-4th-ashes-test-covid-19-distraction-says-thorpe-cummins-agrees-really-tough-england,2022-01-04T05:38:00+00:00,Pat Cummins,Australia,close_contact,2022-01-04,retrospective,"Australia have also been impacted, with Travis Head ruled out of the fourth Test after testing positive, but that remains the only case in the camp even though Cummins was forced to miss the second Test in Adelaide after being deemed a close contact.",retrospective mention (Dec 15-16 Adelaide),True,
1295368,https://www.espncricinfo.com/story/five-covid-19-positive-players-in-bengal-squad-for-ranji-trophy-opener-1295368,2022-01-04T09:44:00+00:00,Sudip Chatterjee,Bengal,positive,2022-01-03,retrospective,"The players in question are seniors Sudip Chatterjee and Anustup Majumdar , as well as Kazi Saifi , Geet Puri and Pradipta Pramanik .",retrospective; positives reported Jan 3; named in Ranji squad despite positive,True,
1295368,https://www.espncricinfo.com/story/five-covid-19-positive-players-in-bengal-squad-for-ranji-trophy-opener-1295368,2022-01-04T09:44:00+00:00,Anustup Majumdar,Bengal,positive,2022-01-03,retrospective,"The players in question are seniors Sudip Chatterjee and Anustup Majumdar , as well as Kazi Saifi , Geet Puri and Pradipta Pramanik .",retrospective; positives reported Jan 3; named in Ranji squad despite positive,True,
1295368,https://www.espncricinfo.com/story/five-covid-19-positive-players-in-bengal-squad-for-ranji-trophy-opener-1295368,2022-01-04T09:44:00+00:00,Kazi Junaid Saifi,Bengal,positive,2022-01-03,retrospective,"The players in question are seniors Sudip Chatterjee and Anustup Majumdar , as well as Kazi Saifi , Geet Puri and Pradipta Pramanik .",retrospective; positives reported Jan 3; named in Ranji squad despite positive,True,
1295368,https://www.espncricinfo.com/story/five-covid-19-positive-players-in-bengal-squad-for-ranji-trophy-opener-1295368,2022-01-04T09:44:00+00:00,Geet Puri,Bengal,positive,2022-01-03,retrospective,"The players in question are seniors Sudip Chatterjee and Anustup Majumdar , as well as Kazi Saifi , Geet Puri and Pradipta Pramanik .",retrospective; positives reported Jan 3; named in Ranji squad despite positive,True,
1295368,https://www.espncricinfo.com/story/five-covid-19-positive-players-in-bengal-squad-for-ranji-trophy-opener-1295368,2022-01-04T09:44:00+00:00,Pradipta Pramanik,Bengal,positive,2022-01-03,retrospective,"The players in question are seniors Sudip Chatterjee and Anustup Majumdar , as well as Kazi Saifi , Geet Puri and Pradipta Pramanik .",retrospective; positives reported Jan 3; named in Ranji squad despite positive,True,
1295368,https://www.espncricinfo.com/story/five-covid-19-positive-players-in-bengal-squad-for-ranji-trophy-opener-1295368,2022-01-04T09:44:00+00:00,Sujit Yadav,Bengal,positive,2022-01-03,retrospective,"Sujit Yadav , however, wasn't considered.",sixth of 'the six players who had tested positive'; positive status from context of preceding sentence,True,
1295426,https://www.espncricinfo.com/story/https%3A%2F%2Fwww.espncricinfo.com%2Fstory%2Fbcci-postpones-ranji-trophy-ck-nayudu-trophy-women-s-t20-league-2021-22-due-to-rising-covid-19-cases-1295426,2022-01-04T16:03:00+00:00,Shivam Dube,Mumbai,positive,2022-01-03,retrospective,"Mumbai allrounder Shivam Dube and the team's video analyst had also tested positive prior to the team's departure for Kolkata, to add further doubt on the tournament's immediate future.",retrospective; reported Jan 3; Bengal players unnamed here; Ganguly excluded (official),True,
32992236,"https://www.espncricinfo.com/story/_/id/32992236/bcci-postpones-ranji-trophy,-ck-nayudu-trophy,-women-t20-league-2021-22-due-rising-covid-19-cases",2022-01-04T16:03:00+00:00,Shivam Dube,Mumbai,positive,2022-01-03,retrospective,"Mumbai allrounder Shivam Dube and the team's video analyst had also tested positive prior to the team's departure for Kolkata, to add further doubt on the tournament's immediate future.",retrospective; reported Jan 3; Bengal players unnamed here; Ganguly excluded (official),True,
1296177,https://www.espncricinfo.com/story/wi-vs-ire-2022-paul-stirling-shane-getkate-to-join-with-ireland-squad-after-testing-negative-for-covid-19-1296177,2022-01-09,Paul Stirling,Ireland,positive,2022-01-09,retrospective,"The duo had to stay back in Florida and self-isolate at a hotel after having tested positive for the virus, days after the cancellation of their ODI series against USA.","Past infection (late December 2021, Florida); now returned negative tests",True,
1296177,https://www.espncricinfo.com/story/wi-vs-ire-2022-paul-stirling-shane-getkate-to-join-with-ireland-squad-after-testing-negative-for-covid-19-1296177,2022-01-09,Shane Getkate,Ireland,positive,2022-01-09,retrospective,"The duo had to stay back in Florida and self-isolate at a hotel after having tested positive for the virus, days after the cancellation of their ODI series against USA.","Past infection (late December 2021, Florida); now returned negative tests",True,
1296652,https://www.espncricinfo.com/story/paul-stirling-fears-players-will-pull-out-of-tours-as-financial-reasons-dictate-covid-rules-1296652,2022-01-12,Paul Stirling,Ireland,positive,2022-01-12,retrospective,"He contracted Covid-19 in Florida at the end of December following their T20I series, and has now joined up with the rest of Ireland's squad - minus four Covid-positive team-mates and their interim coach David Ripley - in Jamaica ahead of Thursday's second ODI against West Indies.","Past infection, end of December 2021",True,
1299073,https://www.espncricinfo.com/story/under-19-world-cup-2022-indias-yash-dhull-and-four-others-recover-from-covid-19-and-available-for-knockouts-1299073,2022-01-28,Yash Dhull,India U19,positive,2022-01-28,retrospective,"However, India are set to be led by regular captain Yash Dhull on Saturday after he and four others, including vice-captain Shaik Rasheed , returned negative Covid tests.","Previously positive (around 2022-01-19), now recovered with negative tests",True,
1299073,https://www.espncricinfo.com/story/under-19-world-cup-2022-indias-yash-dhull-and-four-others-recover-from-covid-19-and-available-for-knockouts-1299073,2022-01-28,Shaik Rasheed,India U19,positive,2022-01-28,retrospective,"However, India are set to be led by regular captain Yash Dhull on Saturday after he and four others, including vice-captain Shaik Rasheed , returned negative Covid tests.","Previously positive (around 2022-01-19), now recovered with negative tests",True,
1299073,https://www.espncricinfo.com/story/under-19-world-cup-2022-indias-yash-dhull-and-four-others-recover-from-covid-19-and-available-for-knockouts-1299073,2022-01-28,Siddarth Yadav,India U19,positive,2022-01-28,retrospective,Dhull and Rasheed are expected to slot into a batting line-up that averages nearly 315 runs per innings; Siddarth Yadav and Aaradhya Yadav are up for selection in the playing XI too.,"Previously positive (around 2022-01-19), now recovered with negative tests; named among 'five previously positive players'",True,
1299073,https://www.espncricinfo.com/story/under-19-world-cup-2022-indias-yash-dhull-and-four-others-recover-from-covid-19-and-available-for-knockouts-1299073,2022-01-28,Aaradhya Yadav,India U19,positive,2022-01-28,retrospective,Dhull and Rasheed are expected to slot into a batting line-up that averages nearly 315 runs per innings; Siddarth Yadav and Aaradhya Yadav are up for selection in the playing XI too.,"Previously positive (around 2022-01-19), now recovered with negative tests; named among 'five previously positive players'",True,
1301255,https://www.espncricinfo.com/story/aus-vs-sl-2022-wanindu-hasaranga-tests-positive-for-covid-19-ahead-of-third-t20i-against-australia-1301255,2022-02-15,Kusal Mendis,Sri Lanka,positive,2022-02-07,test_date,"Mendis, who returned a positive test on February 7 , is expected to be available for selection for the third T20I after serving a seven-day isolation.",Earlier infection,True,
33293137,https://www.espncricinfo.com/story/_/id/33293137/aus-vs-sl-2022-wanindu-hasaranga-tests-positive-covid-19-ahead-third-t20i-australia,2022-02-15,Kusal Mendis,Sri Lanka,positive,2022-02-07,test_date,"Mendis, who returned a positive test on February 7 , is expected to be available for selection for the third T20I after serving a seven-day isolation.",Earlier infection,True,
1303319,https://www.espncricinfo.com/story/pak-vs-aus-2021-22-australia-s-spin-bowling-consultant-fawad-ahmed-tests-positive-for-covid-19-1303319,2022-03-02,Haris Rauf,Pakistan,positive,2022-03-02,retrospective,"Earlier this week, Pakistan fast bowler Haris Rauf - also part of Qalandars' setup - tested positive and was ruled out of the first Test .",Earlier this week,True,
1304574,https://www.espncricinfo.com/story/pak-vs-aus-2021-22-faheem-ashraf-out-of-second-test-after-testing-positive-for-covid-19-1304574,2022-03-09,Haris Rauf,Pakistan,positive,2022-03-09,retrospective,Rauf missed the first Test after testing positive for Covid-19.,Past infection (before first Test),True,
1304845,https://www.espncricinfo.com/story/wwc-2022-ashleigh-gardner-set-for-swift-return-for-australia-after-covid-19-isolation-1304845,2022-03-11,Ashleigh Gardner,Australia,positive,2022-03-11,retrospective,"Gardner tested positive at the end of Australia's warm-up stint in Christchurch, which forced her into ten days of quarantine and ruled her out of the opening two matches against England and Pakistan.",Early March 2022,True,
1305247,https://www.espncricinfo.com/story/nz-vs-aus-wwc-2022-ashleigh-gardner-beats-covid-after-effects-in-match-winning-all-round-show-1305247,2022-03-13,Ashleigh Gardner,Australia,positive,2022-03-13,retrospective,Ashleigh Gardner has revealed she was still feeling the effects of her recovery from Covid-19 during a stunning all-round performance that helped propel unbeaten Australia to the top of the Women's World Cup table with a commanding victory over New Zealand.,"Past infection, early March 2022",True,
33491118,https://www.espncricinfo.com/story/_/id/33491118/nz-vs-aus-wwc-2022-ashleigh-gardner-beats-covid-effects-match-winning-all-round-show,2022-03-13,Ashleigh Gardner,Australia,positive,2022-03-13,retrospective,Ashleigh Gardner has revealed she was still feeling the effects of her recovery from Covid-19 during a stunning all-round performance that helped propel unbeaten Australia to the top of the Women's World Cup table with a commanding victory over New Zealand.,"Past infection, early March 2022",True,
1311359,https://www.espncricinfo.com/story/ipl-2022-delhi-capitals-allrounder-mitchell-marsh-tests-positive-for-covid-19-1311359,2022-04-18,Amit Mishra,Delhi Capitals,positive,2022-04-18,retrospective,"At least five teams had returned positive cases last year, including Capitals after their then legspinner Amit Mishra returned two positive tests.",IPL 2021; exact date not given,True,
33760406,https://www.espncricinfo.com/story/_/id/33760406/ipl-2022-delhi-capitals-allrounder-mitchell-marsh-tests-positive-covid-19,2022-04-18,Amit Mishra,Delhi Capitals,positive,2022-04-18,retrospective,"At least five teams had returned positive cases last year, including Capitals after their then legspinner Amit Mishra returned two positive tests.",IPL 2021; exact date not given,True,
1311341,https://www.espncricinfo.com/story/ipl-2022-two-more-covid-positive-cases-in-delhi-capitals-camp-1311341,2022-04-18,Amit Mishra,Delhi Capitals,positive,2022-04-18,retrospective,"At least five teams had returned positive cases last year, including Capitals after their then legspinner Amit Mishra returned two positive tests.",IPL 2021; exact date not given,True,
33759536,https://www.espncricinfo.com/story/_/id/33759536/ipl-2022-two-more-covid-positive-cases-delhi-capitals-camp,2022-04-18,Amit Mishra,Delhi Capitals,positive,2022-04-18,retrospective,"At least five teams had returned positive cases last year, including Capitals after their then legspinner Amit Mishra returned two positive tests.",IPL 2021; exact date not given,True,
1311604,https://www.espncricinfo.com/story/ipl-2022-dc-vs-pbks-another-delhi-capitals-overseas-player-tests-positive-for-covid-19-1311604,2022-04-20,Mitchell Marsh,Delhi Capitals,positive,2022-04-20,retrospective,"Tim Seifert has become the second overseas player, after Mitchell Marsh, in the Delhi Capitals camp to test positive for Covid-19.",Earlier positive this week (date not given in this story),True,
1314074,https://www.espncricinfo.com/story/ipl-2022-csk-vs-dc-covid-19-match-to-go-ahead-after-rest-of-delhi-capitals-contingent-returns-negative-test-1314074,2022-05-08,Mitchell Marsh,Delhi Capitals,positive,2022-05-08,retrospective,"Last month, after a few members of the Capitals contingent, including Mitchell Marsh and Tim Seifert , tested positive, the IPL conducted several rounds of PCR tests but no matches were rescheduled even though a couple of the team's matches were shifted from Pune to Mumbai to restrict travel.",April 2022,True,
1314074,https://www.espncricinfo.com/story/ipl-2022-csk-vs-dc-covid-19-match-to-go-ahead-after-rest-of-delhi-capitals-contingent-returns-negative-test-1314074,2022-05-08,Tim Seifert,Delhi Capitals,positive,2022-05-08,retrospective,"Last month, after a few members of the Capitals contingent, including Mitchell Marsh and Tim Seifert , tested positive, the IPL conducted several rounds of PCR tests but no matches were rescheduled even though a couple of the team's matches were shifted from Pune to Mumbai to restrict travel.",April 2022,True,
33879332,https://www.espncricinfo.com/story/_/id/33879332/ipl-2022-csk-vs-dc-member-delhi-capitals-contingent-reportedly-tests-positive-covid-19-,2022-05-08,Mitchell Marsh,Delhi Capitals,positive,2022-05-08,retrospective,"Last month, after a few members of Capitals' contingent, including Australian allrounder Mitchell Marsh , returned a positive test, the IPL conducted several rounds of PCR tests before allowing the team back on the field.",April 2022,True,
1314772,https://www.espncricinfo.com/story/ban-vs-sl-2022-1st-test-shakib-al-hasan-tests-negative-for-covid-19-in-contention-to-play-first-test-vs-sri-lanka-1314772,2022-05-13,Shakib Al Hasan,Bangladesh,positive,2022-05-13,retrospective,"But upon testing positive for Covid , he had to go into self-isolation.","Past infection (around May 10-11, 2022); now tested negative",True,
33907950,"https://www.espncricinfo.com/story/_/id/33907950/ban-vs-sl,-2022-1st-test-shakib-al-hasan-tests-negative-covid-19,-contention-play-first-test-vs-sri-lanka",2022-05-13,Shakib Al Hasan,Bangladesh,positive,2022-05-13,retrospective,"But upon testing positive for Covid , he had to go into self-isolation.","Past infection (around May 10-11, 2022); now tested negative",True,
1317774,https://www.espncricinfo.com/story/andrew-mcdonald-to-miss-start-of-sri-lanka-tour-with-covid-19-1317774,2022-06-01T06:30:00+00:00,Ashton Agar,Australia,positive,2022-06-01,retrospective,"The latter stages of Australia's tour of Pakistan were hit by Covid-19 when Ashton Agar, Josh Inglis and physio Brendan Wilson tested positive during the white-ball leg.",Past infection during white-ball leg of Pakistan tour (earlier in 2022); exact date not stated; published date used,True,
1317774,https://www.espncricinfo.com/story/andrew-mcdonald-to-miss-start-of-sri-lanka-tour-with-covid-19-1317774,2022-06-01T06:30:00+00:00,Josh Inglis,Australia,positive,2022-06-01,retrospective,"The latter stages of Australia's tour of Pakistan were hit by Covid-19 when Ashton Agar, Josh Inglis and physio Brendan Wilson tested positive during the white-ball leg.",Past infection during white-ball leg of Pakistan tour (earlier in 2022); exact date not stated; published date used,True,
34017994,https://www.espncricinfo.com/story/_/id/34017994/andrew-mcdonald-miss-start-sri-lanka-tour-covid-19,2022-06-01T06:30:00+00:00,Ashton Agar,Australia,positive,2022-06-01,retrospective,"The latter stages of Australia's tour of Pakistan were hit by Covid-19 when Ashton Agar, Josh Inglis and physio Brendan Wilson tested positive during the white-ball leg.",Past infection during white-ball leg of Pakistan tour (earlier in 2022); exact date not stated; published date used,True,
34017994,https://www.espncricinfo.com/story/_/id/34017994/andrew-mcdonald-miss-start-sri-lanka-tour-covid-19,2022-06-01T06:30:00+00:00,Josh Inglis,Australia,positive,2022-06-01,retrospective,"The latter stages of Australia's tour of Pakistan were hit by Covid-19 when Ashton Agar, Josh Inglis and physio Brendan Wilson tested positive during the white-ball leg.",Past infection during white-ball leg of Pakistan tour (earlier in 2022); exact date not stated; published date used,True,
1319258,https://www.espncricinfo.com/story/england-vs-nz-2nd-test-kane-williamson-to-miss-second-test-after-testing-positive-for-covid-1319258,2022-06-09T22:33:00+00:00,Henry Nicholls,New Zealand,positive,2022-06-09,retrospective,"This is not the first time Covid has disrupted New Zealand's tour, with three members of the party - Henry Nicholls, Blair Tickner and Shane Jurgensen - forced to isolate after testing positive in Brighton ahead of the opening warm-up fixture against Sussex.",Earlier positive in Brighton before Sussex warm-up; date not stated here; published date used,True,
1319258,https://www.espncricinfo.com/story/england-vs-nz-2nd-test-kane-williamson-to-miss-second-test-after-testing-positive-for-covid-1319258,2022-06-09T22:33:00+00:00,Blair Tickner,New Zealand,positive,2022-06-09,retrospective,"This is not the first time Covid has disrupted New Zealand's tour, with three members of the party - Henry Nicholls, Blair Tickner and Shane Jurgensen - forced to isolate after testing positive in Brighton ahead of the opening warm-up fixture against Sussex.",Earlier positive in Brighton before Sussex warm-up; date not stated here; published date used,True,
34065913,"https://www.espncricinfo.com/story/_/id/34065913/england-vs-nz,-2nd-test-kane-williamson-miss-second-test-testing-positive-covid-",2022-06-09T22:33:00+00:00,Henry Nicholls,New Zealand,positive,2022-06-09,retrospective,"This is not the first time Covid has disrupted New Zealand's tour, with three members of the party - Henry Nicholls, Blair Tickner and Shane Jurgensen - forced to isolate after testing positive in Brighton ahead of the opening warm-up fixture against Sussex.",Earlier positive in Brighton before Sussex warm-up; date not stated here; published date used,True,
34065913,"https://www.espncricinfo.com/story/_/id/34065913/england-vs-nz,-2nd-test-kane-williamson-miss-second-test-testing-positive-covid-",2022-06-09T22:33:00+00:00,Blair Tickner,New Zealand,positive,2022-06-09,retrospective,"This is not the first time Covid has disrupted New Zealand's tour, with three members of the party - Henry Nicholls, Blair Tickner and Shane Jurgensen - forced to isolate after testing positive in Brighton ahead of the opening warm-up fixture against Sussex.",Earlier positive in Brighton before Sussex warm-up; date not stated here; published date used,True,
1320086,https://www.espncricinfo.com/story/england-vs-nz-2022-michael-bracewell-tests-positive-for-covid-faces-five-day-isolation-period-1320086,2022-06-15T11:59:00+00:00,Kane Williamson,New Zealand,positive,2022-06-15,retrospective,"The news came as Kane Williamson, New Zealand's captain, rejoined the tour party after serving his own five-day period of isolation, having test positive on the eve of the same match.",Earlier positive on eve of 2nd Test; published date used,True,
34095516,"https://www.espncricinfo.com/story/_/id/34095516/england-vs-nz,-2022-michael-bracewell-tests-positive-covid,-faces-five-day-isolation-period",2022-06-15T11:59:00+00:00,Kane Williamson,New Zealand,positive,2022-06-15,retrospective,"The news came as Kane Williamson, New Zealand's captain, rejoined the tour party after serving his own five-day period of isolation, having test positive on the eve of the same match.",Earlier positive on eve of 2nd Test; published date used,True,
1320182,https://www.espncricinfo.com/story/eng-vs-nz-2022-devon-conway-begins-five-day-isolation-after-testing-positive-for-covid-19-1320182,2022-06-16T10:44:00+00:00,Michael Bracewell,New Zealand,positive,2022-06-16,retrospective,"Conway joins allrounder Michael Bracewell, physio Vijay Vallabh and strength and conditioning coach Chris Donaldson as the others to have tested positive .",Earlier positive this tour; published date used,True,
1320182,https://www.espncricinfo.com/story/eng-vs-nz-2022-devon-conway-begins-five-day-isolation-after-testing-positive-for-covid-19-1320182,2022-06-16T10:44:00+00:00,Kane Williamson,New Zealand,positive,2022-06-16,retrospective,"Conway had scores of 46 and 52 batting at three in the second Test, after captain Kane Williamson tested positive on the eve of the match.",Earlier positive on eve of 2nd Test; published date used,True,
34099907,https://www.espncricinfo.com/story/_/id/34099907/eng-vs-nz-2022-devon-conway-begins-five-day-isolation-testing-positive-covid-19,2022-06-16T10:44:00+00:00,Michael Bracewell,New Zealand,positive,2022-06-16,retrospective,"Conway joins allrounder Michael Bracewell, physio Vijay Vallabh and strength and conditioning coach Chris Donaldson as the others to have tested positive .",Earlier positive this tour; published date used,True,
34099907,https://www.espncricinfo.com/story/_/id/34099907/eng-vs-nz-2022-devon-conway-begins-five-day-isolation-testing-positive-covid-19,2022-06-16T10:44:00+00:00,Kane Williamson,New Zealand,positive,2022-06-16,retrospective,"Conway had scores of 46 and 52 batting at three in the second Test, after captain Kane Williamson tested positive on the eve of the match.",Earlier positive on eve of 2nd Test; published date used,True,
1320827,https://www.espncricinfo.com/story/england-vs-nz-3rd-test-england-play-down-covid-concerns-after-illness-affects-build-up-to-headingley-test-1320827,2022-06-21T13:36:00+00:00,Henry Nicholls,New Zealand,positive,2022-06-21,retrospective,"Henry Nicholls , Blair Tickner , Kane Williamson , Michael Bracewell and Devon Conway have been struck down on this tour, along with two members of staff.",Earlier positive on NZ tour of England; published date used,True,
1320827,https://www.espncricinfo.com/story/england-vs-nz-3rd-test-england-play-down-covid-concerns-after-illness-affects-build-up-to-headingley-test-1320827,2022-06-21T13:36:00+00:00,Blair Tickner,New Zealand,positive,2022-06-21,retrospective,"Henry Nicholls , Blair Tickner , Kane Williamson , Michael Bracewell and Devon Conway have been struck down on this tour, along with two members of staff.",Earlier positive on NZ tour of England; published date used,True,
1320827,https://www.espncricinfo.com/story/england-vs-nz-3rd-test-england-play-down-covid-concerns-after-illness-affects-build-up-to-headingley-test-1320827,2022-06-21T13:36:00+00:00,Kane Williamson,New Zealand,positive,2022-06-21,retrospective,"Henry Nicholls , Blair Tickner , Kane Williamson , Michael Bracewell and Devon Conway have been struck down on this tour, along with two members of staff.",Earlier positive on NZ tour of England; published date used,True,
1320827,https://www.espncricinfo.com/story/england-vs-nz-3rd-test-england-play-down-covid-concerns-after-illness-affects-build-up-to-headingley-test-1320827,2022-06-21T13:36:00+00:00,Michael Bracewell,New Zealand,positive,2022-06-21,retrospective,"Henry Nicholls , Blair Tickner , Kane Williamson , Michael Bracewell and Devon Conway have been struck down on this tour, along with two members of staff.",Earlier positive on NZ tour of England; published date used,True,
1320827,https://www.espncricinfo.com/story/england-vs-nz-3rd-test-england-play-down-covid-concerns-after-illness-affects-build-up-to-headingley-test-1320827,2022-06-21T13:36:00+00:00,Devon Conway,New Zealand,positive,2022-06-21,retrospective,"Henry Nicholls , Blair Tickner , Kane Williamson , Michael Bracewell and Devon Conway have been struck down on this tour, along with two members of staff.",Earlier positive on NZ tour of England; published date used,True,
34124994,https://www.espncricinfo.com/story/_/id/34124994/england-vs-nz-3rd-test-england-play-covid-concerns-illness-affects-build-headingley-test,2022-06-21T13:36:00+00:00,Henry Nicholls,New Zealand,positive,2022-06-21,retrospective,"Henry Nicholls , Blair Tickner , Kane Williamson , Michael Bracewell and Devon Conway have been struck down on this tour, along with two members of staff.",Earlier positive on NZ tour of England; published date used,True,
34124994,https://www.espncricinfo.com/story/_/id/34124994/england-vs-nz-3rd-test-england-play-covid-concerns-illness-affects-build-headingley-test,2022-06-21T13:36:00+00:00,Blair Tickner,New Zealand,positive,2022-06-21,retrospective,"Henry Nicholls , Blair Tickner , Kane Williamson , Michael Bracewell and Devon Conway have been struck down on this tour, along with two members of staff.",Earlier positive on NZ tour of England; published date used,True,
34124994,https://www.espncricinfo.com/story/_/id/34124994/england-vs-nz-3rd-test-england-play-covid-concerns-illness-affects-build-headingley-test,2022-06-21T13:36:00+00:00,Kane Williamson,New Zealand,positive,2022-06-21,retrospective,"Henry Nicholls , Blair Tickner , Kane Williamson , Michael Bracewell and Devon Conway have been struck down on this tour, along with two members of staff.",Earlier positive on NZ tour of England; published date used,True,
34124994,https://www.espncricinfo.com/story/_/id/34124994/england-vs-nz-3rd-test-england-play-covid-concerns-illness-affects-build-headingley-test,2022-06-21T13:36:00+00:00,Michael Bracewell,New Zealand,positive,2022-06-21,retrospective,"Henry Nicholls , Blair Tickner , Kane Williamson , Michael Bracewell and Devon Conway have been struck down on this tour, along with two members of staff.",Earlier positive on NZ tour of England; published date used,True,
34124994,https://www.espncricinfo.com/story/_/id/34124994/england-vs-nz-3rd-test-england-play-covid-concerns-illness-affects-build-headingley-test,2022-06-21T13:36:00+00:00,Devon Conway,New Zealand,positive,2022-06-21,retrospective,"Henry Nicholls , Blair Tickner , Kane Williamson , Michael Bracewell and Devon Conway have been struck down on this tour, along with two members of staff.",Earlier positive on NZ tour of England; published date used,True,
1320992,https://www.espncricinfo.com/story/eng-v-nz-3rd-test-kane-williamson-relieved-to-be-back-in-fold-after-frustrating-covid-diagnosis-1320992,2022-06-22T13:42:00+00:00,Kane Williamson,New Zealand,positive,2022-06-22,retrospective,"Kane Williamson says he has got over his frustrations at missing out on the Trent Bridge Test because of a positive Covid test, and is eager to get back to leading New Zealand in the third and final Test, which gets underway at Headingley on Thursday.",Positive before Trent Bridge Test; published date used,True,
34130278,"https://www.espncricinfo.com/story/_/id/34130278/eng-v-nz,-3rd-test-kane-williamson-relieved-back-fold-frustrating-covid-diagnosis",2022-06-22T13:42:00+00:00,Kane Williamson,New Zealand,positive,2022-06-22,retrospective,"Kane Williamson says he has got over his frustrations at missing out on the Trent Bridge Test because of a positive Covid test, and is eager to get back to leading New Zealand in the third and final Test, which gets underway at Headingley on Thursday.",Positive before Trent Bridge Test; published date used,True,
1321565,https://www.espncricinfo.com/story/india-tour-of-england-2022-rohit-sharma-tests-positive-for-covid-19-1321565,2022-06-26T00:39:00+00:00,R Ashwin,India,positive,2022-06-26,retrospective,"Previously, R Ashwin's arrival on the tour was delayed after he tested positive before leaving India.",Earlier positive before leaving India; published date used,True,
34149642,https://www.espncricinfo.com/story/_/id/34149642/india-tour-england-2022-rohit-sharma-tests-positive-covid-19,2022-06-26T00:39:00+00:00,R Ashwin,India,positive,2022-06-26,retrospective,"Previously, R Ashwin's arrival on the tour was delayed after he tested positive before leaving India.",Earlier positive before leaving India; published date used,True,
1321578,https://www.espncricinfo.com/story/eng-vs-nz-3rd-test-ben-foakes-withdrawn-from-headingley-test-after-positive-covid-19-test-1321578,2022-06-26T08:45:00+00:00,Rohit Sharma,India,positive,2022-06-26,retrospective,"India have also been affected by Covid, with Rohit Sharma, the Test captain, currently isolating after a positive test .",Currently isolating after earlier positive; published date used,True,
34150669,"https://www.espncricinfo.com/story/_/id/34150669/eng-vs-nz,-3rd-test-ben-foakes-withdrawn-headingley-test-positive-covid-19-test",2022-06-26T08:45:00+00:00,Rohit Sharma,India,positive,2022-06-26,retrospective,"India have also been affected by Covid, with Rohit Sharma, the Test captain, currently isolating after a positive test .",Currently isolating after earlier positive; published date used,True,
1322296,https://www.espncricinfo.com/story/england-vs-india-5th-test-james-anderson-in-awe-of-england-s-positive-approach-after-3-0-series-win-1322296,2022-06-29T17:00:00+00:00,Ben Foakes,England,positive,2022-06-29,retrospective,He is likely to return to the attack this week and took part in training on Wednesday along with Ben Foakes who was pulled out midway through the last Test after testing positive for Covid-19.,Positive during Headingley Test; published date used,True,
34168135,"https://www.espncricinfo.com/story/_/id/34168135/england-vs-india,-5th-test-james-anderson-awe-england-positive-approach-3-0-series-win",2022-06-29T17:00:00+00:00,Ben Foakes,England,positive,2022-06-29,retrospective,He is likely to return to the attack this week and took part in training on Wednesday along with Ben Foakes who was pulled out midway through the last Test after testing positive for Covid-19.,Positive during Headingley Test; published date used,True,
1322937,https://www.espncricinfo.com/story/eng-vs-ind-2022-rohit-sharma-tests-negative-for-covid-19-1322937,2022-07-03T13:05:00+00:00,Rohit Sharma,India,positive,2022-07-03,retrospective,Rohit missed out on the ongoing rescheduled fifth Test against England after he had tested positive during the four-day warm-up game against Leicestershire.,Earlier positive; now tested negative and out of isolation; published date used,True,
34188177,https://www.espncricinfo.com/story/_/id/34188177/eng-vs-ind-2022-rohit-sharma-tests-negative-covid-19,2022-07-03T13:05:00+00:00,Rohit Sharma,India,positive,2022-07-03,retrospective,Rohit missed out on the ongoing rescheduled fifth Test against England after he had tested positive during the four-day warm-up game against Leicestershire.,Earlier positive; now tested negative and out of isolation; published date used,True,
1323195,https://www.espncricinfo.com/story/sl-vs-aus-2022-praveen-jayawickrama-ruled-out-of-second-test-with-australia-due-to-covid-1323195,2022-07-04T18:52:00+00:00,Angelo Mathews,Sri Lanka,positive,2022-07-04,retrospective,"Jayawickrama is the second player to contract Covid on tour, with Angelo Mathews being ruled out midway through the first Test.",Earlier positive during 1st Test; published date used,True,
34193704,https://www.espncricinfo.com/story/_/id/34193704/sl-vs-aus-2022-praveen-jayawickrama-ruled-second-test-australia-due-covid,2022-07-04T18:52:00+00:00,Angelo Mathews,Sri Lanka,positive,2022-07-04,retrospective,"Jayawickrama is the second player to contract Covid on tour, with Angelo Mathews being ruled out midway through the first Test.",Earlier positive during 1st Test; published date used,True,
1323495,https://www.espncricinfo.com/story/sl-vs-aus-2nd-test-2022-dhananjaya-de-silva-asitha-fernando-and-jeffrey-vandersay-join-sri-lanka-covid-19-list-1323495,2022-07-07T02:54:00+00:00,Angelo Mathews,Sri Lanka,positive,2022-07-07,retrospective,"It brings the number of Covid-19 cases in the Sri Lanka camp to five, following Angelo Mathews - who was the first and had to be subbed out on the third day of the first Test - and then left-arm spinner Praveen Jayawickrama, who will also miss the second Test.",Earlier positive; published date used,True,
1323495,https://www.espncricinfo.com/story/sl-vs-aus-2nd-test-2022-dhananjaya-de-silva-asitha-fernando-and-jeffrey-vandersay-join-sri-lanka-covid-19-list-1323495,2022-07-07T02:54:00+00:00,Praveen Jayawickrama,Sri Lanka,positive,2022-07-07,retrospective,"It brings the number of Covid-19 cases in the Sri Lanka camp to five, following Angelo Mathews - who was the first and had to be subbed out on the third day of the first Test - and then left-arm spinner Praveen Jayawickrama, who will also miss the second Test.",Earlier positive; published date used,True,
34204205,"https://www.espncricinfo.com/story/_/id/34204205/sl-vs-aus,-2nd-test,-2022-dhananjaya-de-silva,-asitha-fernando-jeffrey-vandersay-join-sri-lanka-covid-19-list",2022-07-07T02:54:00+00:00,Angelo Mathews,Sri Lanka,positive,2022-07-07,retrospective,"It brings the number of Covid-19 cases in the Sri Lanka camp to five, following Angelo Mathews - who was the first and had to be subbed out on the third day of the first Test - and then left-arm spinner Praveen Jayawickrama, who will also miss the second Test.",Earlier positive; published date used,True,
34204205,"https://www.espncricinfo.com/story/_/id/34204205/sl-vs-aus,-2nd-test,-2022-dhananjaya-de-silva,-asitha-fernando-jeffrey-vandersay-join-sri-lanka-covid-19-list",2022-07-07T02:54:00+00:00,Praveen Jayawickrama,Sri Lanka,positive,2022-07-07,retrospective,"It brings the number of Covid-19 cases in the Sri Lanka camp to five, following Angelo Mathews - who was the first and had to be subbed out on the third day of the first Test - and then left-arm spinner Praveen Jayawickrama, who will also miss the second Test.",Earlier positive; published date used,True,
1323534,https://www.espncricinfo.com/story/pakistan-in-sri-lanka-2022-pakistan-team-masseur-malang-ali-tests-positive-for-covid-in-colombo-1323534,2022-07-07T10:51:00+00:00,Dhananjaya de Silva,Sri Lanka,positive,2022-07-07,retrospective,"The hosts, on the eve of the Test, were hit by Covid-19 with Dhananjaya de Silva, Asitha Fernando, and Jeffrey Vandersay ruled out of the game.",Mention in Pakistan story; published date used,True,
1323534,https://www.espncricinfo.com/story/pakistan-in-sri-lanka-2022-pakistan-team-masseur-malang-ali-tests-positive-for-covid-in-colombo-1323534,2022-07-07T10:51:00+00:00,Asitha Fernando,Sri Lanka,positive,2022-07-07,retrospective,"The hosts, on the eve of the Test, were hit by Covid-19 with Dhananjaya de Silva, Asitha Fernando, and Jeffrey Vandersay ruled out of the game.",Mention in Pakistan story; published date used,True,
1323534,https://www.espncricinfo.com/story/pakistan-in-sri-lanka-2022-pakistan-team-masseur-malang-ali-tests-positive-for-covid-in-colombo-1323534,2022-07-07T10:51:00+00:00,Jeffrey Vandersay,Sri Lanka,positive,2022-07-07,retrospective,"The hosts, on the eve of the Test, were hit by Covid-19 with Dhananjaya de Silva, Asitha Fernando, and Jeffrey Vandersay ruled out of the game.",Mention in Pakistan story; published date used,True,
1323534,https://www.espncricinfo.com/story/pakistan-in-sri-lanka-2022-pakistan-team-masseur-malang-ali-tests-positive-for-covid-in-colombo-1323534,2022-07-07T10:51:00+00:00,Angelo Mathews,Sri Lanka,positive,2022-07-07,retrospective,Also joining the Covid list are Angelo Mathews and left-arm spinner Praveen Jayawickrama.,Mention in Pakistan story; published date used,True,
1323534,https://www.espncricinfo.com/story/pakistan-in-sri-lanka-2022-pakistan-team-masseur-malang-ali-tests-positive-for-covid-in-colombo-1323534,2022-07-07T10:51:00+00:00,Praveen Jayawickrama,Sri Lanka,positive,2022-07-07,retrospective,Also joining the Covid list are Angelo Mathews and left-arm spinner Praveen Jayawickrama.,Mention in Pakistan story; published date used,True,
34205230,https://www.espncricinfo.com/story/_/id/34205230/pakistan-sri-lanka-2022-pakistan-team-masseur-malang-ali-tests-positive-covid-colombo,2022-07-07T10:51:00+00:00,Dhananjaya de Silva,Sri Lanka,positive,2022-07-07,retrospective,"The hosts, on the eve of the Test, were hit by Covid-19 with Dhananjaya de Silva, Asitha Fernando, and Jeffrey Vandersay ruled out of the game.",Mention in Pakistan story; published date used,True,
34205230,https://www.espncricinfo.com/story/_/id/34205230/pakistan-sri-lanka-2022-pakistan-team-masseur-malang-ali-tests-positive-covid-colombo,2022-07-07T10:51:00+00:00,Asitha Fernando,Sri Lanka,positive,2022-07-07,retrospective,"The hosts, on the eve of the Test, were hit by Covid-19 with Dhananjaya de Silva, Asitha Fernando, and Jeffrey Vandersay ruled out of the game.",Mention in Pakistan story; published date used,True,
34205230,https://www.espncricinfo.com/story/_/id/34205230/pakistan-sri-lanka-2022-pakistan-team-masseur-malang-ali-tests-positive-covid-colombo,2022-07-07T10:51:00+00:00,Jeffrey Vandersay,Sri Lanka,positive,2022-07-07,retrospective,"The hosts, on the eve of the Test, were hit by Covid-19 with Dhananjaya de Silva, Asitha Fernando, and Jeffrey Vandersay ruled out of the game.",Mention in Pakistan story; published date used,True,
34205230,https://www.espncricinfo.com/story/_/id/34205230/pakistan-sri-lanka-2022-pakistan-team-masseur-malang-ali-tests-positive-covid-colombo,2022-07-07T10:51:00+00:00,Angelo Mathews,Sri Lanka,positive,2022-07-07,retrospective,Also joining the Covid list are Angelo Mathews and left-arm spinner Praveen Jayawickrama.,Mention in Pakistan story; published date used,True,
34205230,https://www.espncricinfo.com/story/_/id/34205230/pakistan-sri-lanka-2022-pakistan-team-masseur-malang-ali-tests-positive-covid-colombo,2022-07-07T10:51:00+00:00,Praveen Jayawickrama,Sri Lanka,positive,2022-07-07,retrospective,Also joining the Covid list are Angelo Mathews and left-arm spinner Praveen Jayawickrama.,Mention in Pakistan story; published date used,True,
1324040,https://www.espncricinfo.com/story/sl-vs-aus-2nd-test-2022-pathum-nissanka-out-of-second-test-with-covid-1324040,2022-07-11T04:06:00+00:00,Angelo Mathews,Sri Lanka,positive,2022-07-11,retrospective,"For the second time in two matches, Oshada Fernando has been brought in as the Covid substitute after he replaced Angelo Mathews, the first player to test positive, during the opening game in Galle.",Earlier positive; published date used,True,
1324040,https://www.espncricinfo.com/story/sl-vs-aus-2nd-test-2022-pathum-nissanka-out-of-second-test-with-covid-1324040,2022-07-11T04:06:00+00:00,Praveen Jayawickrama,Sri Lanka,positive,2022-07-11,retrospective,"Since then Praveen Jayawickrama, Dhananjaya de Silva, Asitha Fernando and Jeffrey Vandersay have also been positive with the quartet ruled out of the second Test.",Earlier positive; published date used,True,
1324040,https://www.espncricinfo.com/story/sl-vs-aus-2nd-test-2022-pathum-nissanka-out-of-second-test-with-covid-1324040,2022-07-11T04:06:00+00:00,Dhananjaya de Silva,Sri Lanka,positive,2022-07-11,retrospective,"Since then Praveen Jayawickrama, Dhananjaya de Silva, Asitha Fernando and Jeffrey Vandersay have also been positive with the quartet ruled out of the second Test.",Earlier positive; published date used,True,
1324040,https://www.espncricinfo.com/story/sl-vs-aus-2nd-test-2022-pathum-nissanka-out-of-second-test-with-covid-1324040,2022-07-11T04:06:00+00:00,Asitha Fernando,Sri Lanka,positive,2022-07-11,retrospective,"Since then Praveen Jayawickrama, Dhananjaya de Silva, Asitha Fernando and Jeffrey Vandersay have also been positive with the quartet ruled out of the second Test.",Earlier positive; published date used,True,
1324040,https://www.espncricinfo.com/story/sl-vs-aus-2nd-test-2022-pathum-nissanka-out-of-second-test-with-covid-1324040,2022-07-11T04:06:00+00:00,Jeffrey Vandersay,Sri Lanka,positive,2022-07-11,retrospective,"Since then Praveen Jayawickrama, Dhananjaya de Silva, Asitha Fernando and Jeffrey Vandersay have also been positive with the quartet ruled out of the second Test.",Earlier positive; published date used,True,
34225107,"https://www.espncricinfo.com/story/_/id/34225107/sl-vs-aus,-2nd-test,-2022-pathum-nissanka-second-test-covid",2022-07-11T04:06:00+00:00,Angelo Mathews,Sri Lanka,positive,2022-07-11,retrospective,"For the second time in two matches, Oshada Fernando has been brought in as the Covid substitute after he replaced Angelo Mathews, the first player to test positive, during the opening game in Galle.",Earlier positive; published date used,True,
34225107,"https://www.espncricinfo.com/story/_/id/34225107/sl-vs-aus,-2nd-test,-2022-pathum-nissanka-second-test-covid",2022-07-11T04:06:00+00:00,Praveen Jayawickrama,Sri Lanka,positive,2022-07-11,retrospective,"Since then Praveen Jayawickrama, Dhananjaya de Silva, Asitha Fernando and Jeffrey Vandersay have also been positive with the quartet ruled out of the second Test.",Earlier positive; published date used,True,
34225107,"https://www.espncricinfo.com/story/_/id/34225107/sl-vs-aus,-2nd-test,-2022-pathum-nissanka-second-test-covid",2022-07-11T04:06:00+00:00,Dhananjaya de Silva,Sri Lanka,positive,2022-07-11,retrospective,"Since then Praveen Jayawickrama, Dhananjaya de Silva, Asitha Fernando and Jeffrey Vandersay have also been positive with the quartet ruled out of the second Test.",Earlier positive; published date used,True,
34225107,"https://www.espncricinfo.com/story/_/id/34225107/sl-vs-aus,-2nd-test,-2022-pathum-nissanka-second-test-covid",2022-07-11T04:06:00+00:00,Asitha Fernando,Sri Lanka,positive,2022-07-11,retrospective,"Since then Praveen Jayawickrama, Dhananjaya de Silva, Asitha Fernando and Jeffrey Vandersay have also been positive with the quartet ruled out of the second Test.",Earlier positive; published date used,True,
34225107,"https://www.espncricinfo.com/story/_/id/34225107/sl-vs-aus,-2nd-test,-2022-pathum-nissanka-second-test-covid",2022-07-11T04:06:00+00:00,Jeffrey Vandersay,Sri Lanka,positive,2022-07-11,retrospective,"Since then Praveen Jayawickrama, Dhananjaya de Silva, Asitha Fernando and Jeffrey Vandersay have also been positive with the quartet ruled out of the second Test.",Earlier positive; published date used,True,
1324190,https://www.espncricinfo.com/story/australia-news-jess-jonassen-to-miss-start-of-ireland-tri-series-due-to-covid-1324190,2022-07-12T08:23:00+00:00,Ash Gardner,Australia women,positive,2022-07-12,retrospective,Graham was a travelling reserve during the ODI World Cup this year and was briefly elevated into the main squad when Ash Gardner had Covid.,Past infection during 2022 ODI World Cup (Mar-Apr 2022); published date used,True,
34229843,https://www.espncricinfo.com/story/_/id/34229843/australia-news-jess-jonassen-miss-start-ireland-tri-series-due-covid,2022-07-12T08:23:00+00:00,Ash Gardner,Australia women,positive,2022-07-12,retrospective,Graham was a travelling reserve during the ODI World Cup this year and was briefly elevated into the main squad when Ash Gardner had Covid.,Past infection during 2022 ODI World Cup (Mar-Apr 2022); published date used,True,
1326494,https://www.espncricinfo.com/story/2022-commonwealth-games-meghana-to-join-india-squad-in-uk-pooja-vastrakar-still-in-quarantine-1326494,2022-07-28T06:07:00+00:00,S Meghana,India women,positive,2022-07-26,retrospective,An official from the Indian Olympics Association (IOA) had confirmed Meghana and Vastrakar's positive tests a day after the India team had left for the Commonwealth Games on Monday.,Positives confirmed Tuesday Jul 26; cleared Covid test Wednesday Jul 27,True,
1326494,https://www.espncricinfo.com/story/2022-commonwealth-games-meghana-to-join-india-squad-in-uk-pooja-vastrakar-still-in-quarantine-1326494,2022-07-28T06:07:00+00:00,Pooja Vastrakar,India women,positive,2022-07-26,retrospective,"Allrounder Pooja Vastrakar , who had also tested positive for Covid-19 , is likely to remain in quarantine in Bengaluru until Saturday.",Positives confirmed Tuesday Jul 26; test date not stated,True,
34305024,"https://www.espncricinfo.com/story/_/id/34305024/2022-commonwealth-games-meghana-join-india-squad-uk,-pooja-vastrakar-quarantine",2022-07-28T06:07:00+00:00,S Meghana,India women,positive,2022-07-26,retrospective,An official from the Indian Olympics Association (IOA) had confirmed Meghana and Vastrakar's positive tests a day after the India team had left for the Commonwealth Games on Monday.,Positives confirmed Tuesday Jul 26; cleared Covid test Wednesday Jul 27,True,
34305024,"https://www.espncricinfo.com/story/_/id/34305024/2022-commonwealth-games-meghana-join-india-squad-uk,-pooja-vastrakar-quarantine",2022-07-28T06:07:00+00:00,Pooja Vastrakar,India women,positive,2022-07-26,retrospective,"Allrounder Pooja Vastrakar , who had also tested positive for Covid-19 , is likely to remain in quarantine in Bengaluru until Saturday.",Positives confirmed Tuesday Jul 26; test date not stated,True,
1328529,https://www.espncricinfo.com/story/george-garton-s-battle-with-long-covid-id-walk-two-minutes-and-sit-down-for-half-an-hour-because-i-was-out-of-breath-1328529,2022-08-11T02:34:00+00:00,George Garton,England/Sussex,positive,2022-08-11,retrospective,"Garton contracted Covid-19 for the first time in June 2021, when he was one of several members of England's ODI squad to test positive for the virus, forcing them to pick a completely different side for their series against Pakistan.",First infection June 2021; second infection mid/late January 2022; Long Covid,True,
34382234,https://www.espncricinfo.com/story/_/id/34382234/george-garton-battle-long-covid-id-walk-two-minutes-sit-half-hour-was-breath,2022-08-11T02:34:00+00:00,George Garton,England/Sussex,positive,2022-08-11,retrospective,"Garton contracted Covid-19 for the first time in June 2021, when he was one of several members of England's ODI squad to test positive for the virus, forcing them to pick a completely different side for their series against Pakistan.",First infection June 2021; second infection mid/late January 2022; Long Covid,True,
1341177,https://www.espncricinfo.com/story/ire-vs-sl-t20wworld-cup-2022-ireland-s-george-dockrell-plays-super-12-match-despite-being-covid-positive-1341177,2022-10-23T05:18:00+00:00,Tahlia McGrath,Australia women,positive,2022-10-23,retrospective,"In August, Australia women's allrounder Tahlia McGrath took part in the Commonwealth Games gold-medal match against India despite testing positive.",Past infection Aug 2022; published date used,True,
34858825,https://www.espncricinfo.com/story/_/id/34858825/ire-vs-sl-t20wworld-cup-2022-ireland-george-dockrell-plays-super-12-match-being-covid-positive,2022-10-23T05:18:00+00:00,Tahlia McGrath,Australia women,positive,2022-10-23,retrospective,"In August, Australia women's allrounder Tahlia McGrath took part in the Commonwealth Games gold-medal match against India despite testing positive.",Past infection Aug 2022; published date used,True,
1341867,https://www.espncricinfo.com/story/aus-vs-eng-mens-t20-world-cup-2022-matthew-wade-positive-covid-19-could-still-play-england-1341867,2022-10-27T07:18:00+00:00,Adam Zampa,Australia,positive,2022-10-27,retrospective,It follows hot on the heels of Adam Zampa missing Australia's clash with Sri Lanka after testing positive .,Earlier positive within three days; tested negative Thursday; published date used,True,
34887501,"https://www.espncricinfo.com/story/_/id/34887501/aus-vs-eng,-men-t20-world-cup-2022-matthew-wade-tests-positive-covid-19,-play-england",2022-10-27T07:18:00+00:00,Adam Zampa,Australia,positive,2022-10-27,retrospective,It follows hot on the heels of Adam Zampa missing Australia's clash with Sri Lanka after testing positive .,Earlier positive within three days; tested negative Thursday; published date used,True,
